,id,Classification
0,7319-23-Supplier-marketing-toolkit-1--20250626-6,details
1,Benefits_RM1043_8--20250626-16,details
2,RM10438-DOS-6-Buyer-Guide-v11--20250626-21,details
3,RM10438-DOS-6-Buyer-Guide-v11--20250626-31,details
4,RM10438-DOS-6-Buyer-Guide-v11--20250626-32,details
5,RM10438-DOS-6-Buyer-Guide-v11--20250626-36,details
6,RM10438-DOS-6-Buyer-Guide-v11--20250626-46,details
7,RM10438-DOS-6-Buyer-Guide-v11--20250626-60,details
8,RM10438-key-changes-DOS5-to-DOS6--20250626-85,details
9,RM10438-key-changes-DOS5-to-DOS6--20250626-88,details
10,RM10438_Call-Off-Schedule-10-Exit-Management-v10--20250626-105,details
11,RM10438_Call-Off-Schedule-10-Exit-Management-v10--20250626-121,details
12,RM10438_Call-Off-Schedule-10-Exit-Management-v10--20250626-122,details
13,RM10438_Call-Off-Schedule-10-Exit-Management-v10--20250626-123,details
14,RM10438_Call-Off-Schedule-12-Clustering-v10--20250626-152,details
15,RM10438_Call-Off-Schedule-13-Implementation-Plan-and-Testing-v10--20250626-156,details
16,RM10438_Call-Off-Schedule-13-Implementation-Plan-and-Testing-v10--20250626-158,details
17,RM10438_Call-Off-Schedule-13-Implementation-Plan-and-Testing-v10--20250626-167,details
18,RM10438_Call-Off-Schedule-13-Implementation-Plan-and-Testing-v10--20250626-171,details
19,RM10438_Call-Off-Schedule-17-MOD-Terms-v10--20250626-310,details
20,RM10438_Call-Off-Schedule-19-Scottish-Law-v10--20250626-319,details
21,RM10438_Call-Off-Schedule-2-Staff-Transfer-v10--20250626-345,details
22,RM10438_Call-Off-Schedule-2-Staff-Transfer-v10--20250626-374,details
23,RM10438_Call-Off-Schedule-2-Staff-Transfer-v10--20250626-384,details
24,RM10438_Call-Off-Schedule-2-Staff-Transfer-v10--20250626-394,details
25,RM10438_Call-Off-Schedule-2-Staff-Transfer-v10--20250626-397,details
26,RM10438_Call-Off-Schedule-13-Implementation-Plan-and-Testing-v10--20250626-202,details
27,RM10438_Call-Off-Schedule-13-Implementation-Plan-and-Testing-v10--20250626-204,details
28,RM10438_Call-Off-Schedule-14-Service-Levels-and-Balanced-Scorecard-v10--20250626-243,details
29,RM10438_Call-Off-Schedule-15-Call-Off-Contract-Management-v10--20250626-271,details
30,RM10438_Call-Off-Schedule-16-Benchmarking-v10--20250626-275,details
31,RM10438_Call-Off-Schedule-16-Benchmarking-v10--20250626-288,details
32,RM10438_Call-Off-Schedule-2-Staff-Transfer-v10--20250626-432,details
33,RM10438_Call-Off-Schedule-2-Staff-Transfer-v10--20250626-455,details
34,RM10438_Call-Off-Schedule-3-Continuous-Improvement-v10--20250626-708,details
35,RM10438_Call-Off-Schedule-3-Continuous-Improvement-v10--20250626-710,details
36,RM10438_Call-Off-Schedule-3-Continuous-Improvement-v10--20250626-711,details
37,RM10438_Call-Off-Schedule-3-Continuous-Improvement-v10--20250626-714,details
38,RM10438_Call-Off-Schedule-3-Continuous-Improvement-v10--20250626-715,details
39,RM10438_Call-Off-Schedule-5-Pricing-Details-and-Expenses-Policy-v10--20250626-718,details
40,RM10438_Call-Off-Schedule-6-Intellectual-Property-Rights-and-Additional-Terms-on-Digital-Deliverables-v10--20250626-730,details
41,RM10438_Call-Off-Schedule-6-Intellectual-Property-Rights-and-Additional-Terms-on-Digital-Deliverables-v10--20250626-731,details
42,RM10438_Call-Off-Schedule-6-Intellectual-Property-Rights-and-Additional-Terms-on-Digital-Deliverables-v10--20250626-750,details
43,RM10438_Call-Off-Schedule-6-Intellectual-Property-Rights-and-Additional-Terms-on-Digital-Deliverables-v10--20250626-752,details
44,RM10438_Call-Off-Schedule-7-Key-Supplier-Staff-v10--20250626-776,details
45,RM10438_Call-Off-Schedule-8-Business-Continuity-and-Disaster-Recovery-v10--20250626-805,details
46,RM10438_Call-Off-Schedule-2-Staff-Transfer-v10--20250626-530,details
47,RM10438_Call-Off-Schedule-2-Staff-Transfer-v10--20250626-547,details
48,RM10438_Call-Off-Schedule-2-Staff-Transfer-v10--20250626-562,details
49,RM10438_Call-Off-Schedule-2-Staff-Transfer-v10--20250626-578,details
50,RM10438_Call-Off-Schedule-2-Staff-Transfer-v10--20250626-592,details
51,RM10438_Call-Off-Schedule-2-Staff-Transfer-v10--20250626-594,details
52,RM10438_Call-Off-Schedule-21-Northern-Ireland-Law-v10--20250626-603,details
53,RM10438_Call-Off-Schedule-21-Northern-Ireland-Law-v10--20250626-604,details
54,RM10438_Call-Off-Schedule-9-Security-v20--20250626-810,details
55,RM10438_Call-Off-Schedule-9-Security-v20--20250626-818,details
56,RM10438_Call-Off-Schedule-9-Security-v20--20250626-819,details
57,RM10438_Call-Off-Schedule-9-Security-v20--20250626-829,details
58,RM10438_Call-Off-Schedule-9-Security-v20--20250626-833,details
59,RM10438_Call-Off-Schedule-9-Security-v20--20250626-837,details
60,RM10438_Call-Off-Schedule-9-Security-v20--20250626-862,details
61,RM10438_Call-Off-Schedule-9-Security-v20--20250626-864,details
62,RM10438_Call-Off-Schedule-23-HMRC-Terms-v10--20250626-636,details
63,RM10438_Call-Off-Schedule-25-Ethical-Walls-Agreement-v20--20250626-654,details
64,RM10438_Call-Off-Schedule-25-Ethical-Walls-Agreement-v20--20250626-665,details
65,RM10438_Call-Off-Schedule-25-Ethical-Walls-Agreement-v20--20250626-678,details
66,RM10438_Call-Off-Schedule-25-Ethical-Walls-Agreement-v20--20250626-696,details
67,RM10438_Call-Off-Schedule-25-Ethical-Walls-Agreement-v20--20250626-697,details
68,RM10438_Framework-Schedule-4-Framework-Management-v10--20250626-1111,details
69,RM10438_Framework-Schedule-4-Framework-Management-v10--20250626-1116,details
70,RM10438_Framework-Schedule-4-Framework-Management-v10--20250626-1119,details
71,RM10438_Framework-Schedule-4-Framework-Management-v10--20250626-1121,details
72,RM10438_Framework-Schedule-4-Framework-Management-v10--20250626-1131,details
73,RM10438_Framework-Schedule-5-Management-Charges-and-Information-v20--20250626-1141,details
74,RM10438_Framework-Schedule-6-Order-Form-Template-Statement-of-Work-Template-and-Call-Off-Schedules-v20_1--20250626-1150,details
75,RM10438_Framework-Schedule-6-Order-Form-Template-Statement-of-Work-Template-and-Call-Off-Schedules-v20_1--20250626-1152,details
76,RM10438_Framework-Schedule-6-Order-Form-Template-Statement-of-Work-Template-and-Call-Off-Schedules-v20_1--20250626-1167,details
77,RM10438_Framework-Schedule-6-Order-Form-Template-Statement-of-Work-Template-and-Call-Off-Schedules-v20_1--20250626-1172,details
78,RM10438_Framework-Schedule-6-Order-Form-Template-Statement-of-Work-Template-and-Call-Off-Schedules-v20_1--20250626-1174,details
79,RM10438_Framework-Schedule-6-Order-Form-Template-Statement-of-Work-Template-and-Call-Off-Schedules-v20_1--20250626-1176,details
80,RM10438_Framework-Schedule-6-Order-Form-Template-Statement-of-Work-Template-and-Call-Off-Schedules-v20_1--20250626-1188,details
81,RM10438_Framework-Schedule-6-Order-Form-Template-Statement-of-Work-Template-and-Call-Off-Schedules-v20_1--20250626-1189,details
82,RM10438_Framework-Schedule-6-Order-Form-Template-Statement-of-Work-Template-and-Call-Off-Schedules-v20--20250626-1207,details
83,RM10438_Framework-Schedule-6-Order-Form-Template-Statement-of-Work-Template-and-Call-Off-Schedules-v20--20250626-1219,details
84,RM10438_Framework-Schedule-6-Order-Form-Template-Statement-of-Work-Template-and-Call-Off-Schedules-v20--20250626-1223,details
85,RM10438_Framework-Schedule-6-Order-Form-Template-Statement-of-Work-Template-and-Call-Off-Schedules-v20--20250626-1227,details
86,RM10438_Framework-Schedule-6-Order-Form-Template-Statement-of-Work-Template-and-Call-Off-Schedules-v20--20250626-1229,details
87,RM10438_Framework-Schedule-6-Order-Form-Template-Statement-of-Work-Template-and-Call-Off-Schedules-v20--20250626-1234,details
88,RM10438_Framework-Schedule-7-Call-Off-Award-Procedure-v10--20250626-1255,details
89,RM10438_Framework-Schedule-7-Call-Off-Award-Procedure-v10--20250626-1275,details
90,RM10438_Framework-Schedule-7-Call-Off-Award-Procedure-v10--20250626-1277,details
91,RM10438_Joint-Schedule-1-Definitions-v10--20250626-1285,details
92,RM10438_Joint-Schedule-1-Definitions-v10--20250626-1296,details
93,RM10438_Joint-Schedule-1-Definitions-v10--20250626-1311,details
94,RM10438_Core-Terms-v3011--20250626-917,details
95,RM10438_Core-Terms-v3011--20250626-928,details
96,RM10438_Core-Terms-v3011--20250626-940,details
97,RM10438_Core-Terms-v3011--20250626-974,details
98,RM10438_Core-Terms-v3011--20250626-990,details
99,RM10438_Core-Terms-v3011--20250626-994,details
100,RM10438_Framework-Award-Form-v20-1--20250626-1006,details
101,RM10438_Framework-Award-Form-v20-1--20250626-1014,details
102,RM10438_Framework-Award-Form-v20-1--20250626-1030,details
103,RM10438_Framework-Schedule-1-Specification-v10-1--20250626-1054,details
104,RM10438_Joint-Schedule-1-Definitions-v10--20250626-1314,details
105,RM10438_Joint-Schedule-1-Definitions-v10--20250626-1322,details
106,RM10438_Joint-Schedule-1-Definitions-v10--20250626-1330,details
107,RM10438_Joint-Schedule-1-Definitions-v10--20250626-1342,details
108,RM10438_Joint-Schedule-1-Definitions-v10--20250626-1353,details
109,RM10438_Joint-Schedule-1-Definitions-v10--20250626-1363,details
110,RM10438_Joint-Schedule-1-Definitions-v10--20250626-1377,details
111,RM10438_Joint-Schedule-1-Definitions-v10--20250626-1379,details
112,RM10438_Joint-Schedule-1-Definitions-v10--20250626-1388,details
113,RM10438_Joint-Schedule-1-Definitions-v10--20250626-1408,details
114,RM10438_Joint-Schedule-1-Definitions-v10--20250626-1417,details
115,RM10438_Joint-Schedule-11-Processing-Data-v10--20250626-1430,details
116,RM10438_Joint-Schedule-11-Processing-Data-v10--20250626-1435,details
117,RM10438_Joint-Schedule-11-Processing-Data-v10--20250626-1438,details
118,RM10438_Joint-Schedule-11-Processing-Data-v10--20250626-1447,details
119,RM10438_Joint-Schedule-11-Processing-Data-v10--20250626-1477,details
120,RM10438_Joint-Schedule-11-Processing-Data-v10--20250626-1478,details
121,RM10438_Joint-Schedule-11-Processing-Data-v10--20250626-1480,details
122,RM10438_Joint-Schedule-11-Processing-Data-v10--20250626-1489,details
123,RM10438_Joint-Schedule-11-Processing-Data-v10--20250626-1491,details
124,RM10438_Joint-Schedule-8-Guarantee-v10--20250626-1621,details
125,RM6098-Aggregation-case-studies-v4-1--20250626-1641,details
126,RM6098-Aggregation-case-studies-v4-1--20250626-1644,details
127,RM6098-Aggregation-case-studies-v4-1--20250626-1652,details
128,RM6098-Aggregation-case-studies-v4-1--20250626-1653,details
129,RM6098-Aggregation-case-studies-v4-1--20250626-1655,details
130,RM6098-Buyer-guidance-to-the-public-sector-contract-v41_1--20250626-1693,details
131,RM6098-Buyer-guidance-to-the-public-sector-contract-v41_1--20250626-1700,details
132,RM6098-Buyer-guidance-to-the-public-sector-contract-v41_1--20250626-1716,details
133,RM10438_Joint-Schedule-3-Insurance-Requirements-v10--20250626-1523,details
134,RM10438_Joint-Schedule-4-Commercially-Sensitive-Information-v10--20250626-1532,details
135,RM10438_Joint-Schedule-6-Key-Subcontractors-v10--20250626-1551,details
136,RM10438_Joint-Schedule-7-Financial-Difficulties-v10--20250626-1554,details
137,RM10438_Joint-Schedule-7-Financial-Difficulties-v10--20250626-1560,details
138,RM10438_Joint-Schedule-8-Guarantee-v10--20250626-1582,details
139,RM10438_Joint-Schedule-8-Guarantee-v10--20250626-1597,details
140,RM10438_Joint-Schedule-8-Guarantee-v10--20250626-1604,details
141,RM6098-Call-Off-Schedule-13-Implementation-Plan-and-Testing-v10--20250626-1931,details
142,RM6098-Call-Off-Schedule-13-Implementation-Plan-and-Testing-v10--20250626-1934,details
143,RM6098-Call-Off-Schedule-13-Implementation-Plan-and-Testing-v10--20250626-1940,details
144,RM6098-Call-Off-Schedule-13-Implementation-Plan-and-Testing-v10--20250626-1941,details
145,RM6098-Call-Off-Schedule-14-Service-Levels-v10--20250626-1943,details
146,RM6098-Call-Off-Schedule-14-Service-Levels-v10--20250626-1952,details
147,RM6098-Call-Off-Schedule-16-Benchmarking-v10--20250626-1966,details
148,RM6098-Call-Off-schedule-17-MOD-terms-v11--20250626-1984,details
149,RM6098-Call-Off-Schedule-18-Background-Checks-v10--20250626-1997,details
150,RM6098-Buyer-guide-v81_1--20250626-1818,details
151,RM6098-Buyer-guide-v81_1--20250626-1819,details
152,RM6098-Buyer-guide-v81_1--20250626-1822,details
153,RM6098-Call-Off-Schedule-10-Exit-Management-v20--20250626-1843,details
154,RM6098-Call-Off-Schedule-10-Exit-Management-v20--20250626-1847,details
155,RM6098-Call-Off-Schedule-10-Exit-Management-v20--20250626-1864,details
156,RM6098-Call-Off-Schedule-10-Exit-Management-v20--20250626-1866,details
157,RM6098-Call-Off-Schedule-12-Clustering-v10--20250626-1878,details
158,RM6098-Call-Off-Schedule-12-Clustering-v10--20250626-1880,details
159,RM6098-Call-Off-Schedule-2-Staff-Transfer-v10-1--20250626-2048,details
160,RM6098-Call-Off-Schedule-2-Staff-Transfer-v10-1--20250626-2056,details
161,RM6098-Call-Off-Schedule-2-Staff-Transfer-v10-1--20250626-2060,details
162,RM6098-Call-Off-Schedule-2-Staff-Transfer-v10-1--20250626-2073,details
163,RM6098-Call-Off-Schedule-2-Staff-Transfer-v10-1--20250626-2076,details
164,RM6098-Call-Off-Schedule-2-Staff-Transfer-v10-1--20250626-2079,details
165,RM6098-Call-Off-Schedule-2-Staff-Transfer-v10-1--20250626-2110,details
166,RM6098-Call-Off-Schedule-2-Staff-Transfer-v10-1--20250626-2116,details
167,RM6098-Buyer-guidance-to-the-public-sector-contract-v41_1--20250626-1732,details
168,RM6098-Buyer-guide-v81_1--20250626-1747,details
169,RM6098-Buyer-guide-v81_1--20250626-1804,details
170,RM6098-Buyer-guide-v81_1--20250626-1810,details
171,RM6098-Call-Off-Schedule-22-Lease-Terms-FINANCIAL-LEASE-v11--20250626-2330,details
172,RM6098-Call-Off-Schedule-22-Lease-Terms-FINANCIAL-LEASE-v11--20250626-2334,details
173,RM6098-Call-Off-Schedule-22-Lease-Terms-OPERATIONAL-LEASE-v11--20250626-2371,details
174,RM6098-Call-Off-Schedule-22-Lease-Terms-OPERATIONAL-LEASE-v11--20250626-2378,details
175,RM6098-Call-Off-Schedule-22-Lease-Terms-OPERATIONAL-LEASE-v11--20250626-2384,details
176,RM6098-Call-Off-Schedule-22-Lease-Terms-OPERATIONAL-LEASE-v11--20250626-2386,details
177,RM6098-Call-Off-Schedule-22-Lease-Terms-OPERATIONAL-LEASE-v11--20250626-2393,details
178,RM6098-Call-Off-Schedule-22-Lease-Terms-OPERATIONAL-LEASE-v11--20250626-2397,details
179,RM6098-Call-Off-Schedule-22-Lease-Terms-OPERATIONAL-LEASE-v11--20250626-2421,details
180,RM6098-Call-Off-Schedule-22-Lease-Terms-OPERATIONAL-LEASE-v11--20250626-2422,details
181,RM6098-Call-Off-Schedule-22-Lease-Terms-FINANCIAL-LEASE-v11--20250626-2260,details
182,RM6098-Call-Off-Schedule-22-Lease-Terms-FINANCIAL-LEASE-v11--20250626-2264,details
183,RM6098-Call-Off-Schedule-22-Lease-Terms-FINANCIAL-LEASE-v11--20250626-2275,details
184,RM6098-Call-Off-Schedule-22-Lease-Terms-FINANCIAL-LEASE-v11--20250626-2278,details
185,RM6098-Call-Off-Schedule-22-Lease-Terms-FINANCIAL-LEASE-v11--20250626-2286,details
186,RM6098-Call-Off-Schedule-22-Lease-Terms-FINANCIAL-LEASE-v11--20250626-2295,details
187,RM6098-Call-Off-Schedule-22-Lease-Terms-FINANCIAL-LEASE-v11--20250626-2302,details
188,RM6098-Call-Off-Schedule-22-Lease-Terms-FINANCIAL-LEASE-v11--20250626-2308,details
189,RM6098-Call-Off-Schedule-22-Lease-Terms-FINANCIAL-LEASE-v11--20250626-2317,details
190,RM6098-Call-Off-Schedule-2-Staff-Transfer-v10-1--20250626-2124,details
191,RM6098-Call-Off-Schedule-2-Staff-Transfer-v10-1--20250626-2125,details
192,RM6098-Call-Off-Schedule-2-Staff-Transfer-v10-1--20250626-2147,details
193,RM6098-Call-Off-Schedule-2-Staff-Transfer-v10-1--20250626-2167,details
194,RM6098-Call-Off-Schedule-2-Staff-Transfer-v10-1--20250626-2193,details
195,RM6098-Call-Off-Schedule-2-Staff-Transfer-v10-1--20250626-2196,details
196,RM6098-Call-Off-Schedule-2-Staff-Transfer-v10-1--20250626-2216,details
197,RM6098-Call-Off-Schedule-2-Staff-Transfer-v10-1--20250626-2217,details
198,RM6098-Call-Off-Schedule-22-Lease-Terms-v21--20250626-2473,details
199,RM6098-Call-Off-Schedule-22-Lease-Terms-v21--20250626-2478,details
200,RM6098-Call-Off-Schedule-22-Lease-Terms-v21--20250626-2518,details
201,RM6098-Call-Off-Schedule-6-Annex-E-As-a-Service-additional-terms-v20--20250626-2741,details
202,RM6098-Call-Off-Schedule-6-ICT-Services-v20-1--20250626-2745,details
203,RM6098-Call-Off-Schedule-6-ICT-Services-v20-1--20250626-2749,details
204,RM6098-Call-Off-Schedule-6-ICT-Services-v20-1--20250626-2771,details
205,RM6098-Call-Off-Schedule-6-ICT-Services-v20-1--20250626-2785,details
206,RM6098-Call-Off-Schedule-6-ICT-Services-v20-1--20250626-2797,details
207,RM6098-Call-Off-Schedule-8-Business-Continuity-and-Disaster-Recovery-v10--20250626-2819,details
208,RM6098-Call-Off-Schedule-6-Annex-E-As-a-Service-additional-terms-v20--20250626-2676,details
209,RM6098-Call-Off-Schedule-6-Annex-E-As-a-Service-additional-terms-v20--20250626-2677,details
210,RM6098-Call-Off-Schedule-6-Annex-E-As-a-Service-additional-terms-v20--20250626-2697,details
211,RM6098-Call-Off-Schedule-6-Annex-E-As-a-Service-additional-terms-v20--20250626-2698,details
212,RM6098-Call-Off-Schedule-6-Annex-E-As-a-Service-additional-terms-v20--20250626-2705,details
213,RM6098-Call-Off-Schedule-6-Annex-E-As-a-Service-additional-terms-v20--20250626-2715,details
214,RM6098-Call-Off-Schedule-3-Continuous-Improvement-v10--20250626-2628,details
215,RM6098-Call-Off-Schedule-3-Continuous-Improvement-v10--20250626-2629,details
216,RM6098-Call-Off-Schedule-6-Annex-E-As-a-Service-additional-terms-v20--20250626-2639,details
217,RM6098-Call-Off-Schedule-6-Annex-E-As-a-Service-additional-terms-v20--20250626-2657,details
218,RM6098-Call-Off-Schedule-6-Annex-E-As-a-Service-additional-terms-v20--20250626-2670,details
219,RM6098-Call-Off-Schedule-22-Lease-Terms-v21--20250626-2537,details
220,RM6098-Call-Off-Schedule-22-Lease-Terms-v21--20250626-2541,details
221,RM6098-Call-Off-Schedule-22-Lease-Terms-v21--20250626-2549,details
222,RM6098-Call-Off-Schedule-23-HMRC-Terms-v10--20250626-2612,details
223,RM6098-Call-Off-Schedule-9-Security-v10--20250626-2932,details
224,RM6098-Call-Off-Schedule-9-Security-v10--20250626-2943,details
225,RM6098-Call-Off-Schedule-9-Security-v10--20250626-2947,details
226,RM6098-Call-Off-Schedule-9-Security-v10--20250626-2961,details
227,RM6098-Case-studies-v5_2--20250626-2967,details
228,RM6098-Case-studies-v5_2--20250626-2971,details
229,RM6098-Case-studies-v5_2--20250626-2982,details
230,RM6098-Case-studies-v5_2--20250626-2987,details
231,RM6098-Case-studies-v5_2--20250626-2989,details
232,RM6098-Case-studies-v5_2--20250626-3001,details
233,RM6098-Core-terms-v3011-1--20250626-3021,details
234,RM6098-Core-terms-v3011-1--20250626-3024,details
235,RM6098-Core-terms-v3011-1--20250626-3025,details
236,RM6098-Call-Off-Schedule-8-Business-Continuity-and-Disaster-Recovery-v10--20250626-2833,details
237,RM6098-Call-Off-Schedule-8-Business-Continuity-and-Disaster-Recovery-v10--20250626-2848,details
238,RM6098-Call-Off-Schedule-8-Business-Continuity-and-Disaster-Recovery-v10--20250626-2853,details
239,RM6098-Call-Off-Schedule-8-Business-Continuity-and-Disaster-Recovery-v10--20250626-2857,details
240,RM6098-Call-Off-Schedule-8-Business-Continuity-and-Disaster-Recovery-v10--20250626-2868,details
241,RM6098-Call-Off-Schedule-8-Business-Continuity-and-Disaster-Recovery-v10--20250626-2869,details
242,RM6098-Call-Off-Schedule-9-Security-v10--20250626-2876,details
243,RM6098-Call-Off-Schedule-9-Security-v10--20250626-2877,details
244,RM6098-Call-Off-Schedule-9-Security-v10--20250626-2887,details
245,RM6098-Call-Off-Schedule-9-Security-v10--20250626-2890,details
246,RM6098-Call-Off-Schedule-9-Security-v10--20250626-2914,details
247,RM6098-Call-Off-Schedule-9-Security-v10--20250626-2922,details
248,RM6098-Expression-of-interest-template-v2--20250626-3141,details
249,RM6098-Framework-Award-Form-v20--20250626-3153,details
250,RM6098-Framework-schedule-1-specification-v41--20250626-3177,details
251,RM6098-Framework-schedule-1-specification-v41--20250626-3198,details
252,RM6098-Framework-schedule-1-specification-v41--20250626-3200,details
253,RM6098-Framework-schedule-1-specification-v41--20250626-3202,details
254,RM6098-Framework-schedule-1-specification-v41--20250626-3215,details
255,RM6098-Framework-schedule-1-specification-v41--20250626-3228,details
256,RM6098-Core-terms-v3011-1--20250626-3037,details
257,RM6098-Core-terms-v3011-1--20250626-3057,details
258,RM6098-Core-terms-v3011-1--20250626-3070,details
259,RM6098-Core-terms-v3011-1--20250626-3072,details
260,RM6098-Core-terms-v3011-1--20250626-3091,details
261,RM6098-Expression-of-interest-template-v2--20250626-3127,details
262,RM6098-Expression-of-interest-template-v2--20250626-3129,details
263,RM6098-Framework-Schedule-5-Management-Charges-and-Information-v10--20250626-3333,details
264,RM6098-Framework-Schedule-5-Management-Charges-and-Information-v10--20250626-3335,details
265,RM6098-Framework-schedule-6-order-form-template-and-call-off-schedules-v31--20250626-3347,details
266,RM6098-Framework-Schedule-7-Call-Off-Award-Procedure-v2--20250626-3375,details
267,RM6098-Framework-Schedule-7-Call-Off-Award-Procedure-v2--20250626-3379,details
268,RM6098-Framework-Schedule-7-Call-Off-Award-Procedure-v2--20250626-3381,details
269,RM6098-Framework-Schedule-7-Call-Off-Award-Procedure-v2--20250626-3384,details
270,RM6098-Framework-Schedule-8-Self-Audit-Certificate-v10--20250626-3403,details
271,RM6098-Framework-Schedule-8-Self-Audit-Certificate-v10--20250626-3405,details
272,RM6098-Invitation-to-tender-template-v3--20250626-3413,details
273,RM6098-Invitation-to-tender-template-v3--20250626-3419,details
274,RM6098-Invitation-to-tender-template-v3--20250626-3420,details
275,RM6098-Invitation-to-tender-template-v3--20250626-3426,details
276,RM6098-Invitation-to-tender-template-v3--20250626-3428,details
277,RM6098-Framework-schedule-1-specification-v41--20250626-3245,details
278,RM6098-Framework-schedule-1-specification-v41--20250626-3256,details
279,RM6098-Framework-schedule-1-specification-v41--20250626-3264,details
280,RM6098-Framework-schedule-1-specification-v41--20250626-3268,details
281,RM6098-Framework-Schedule-3-Framework-Prices-v20--20250626-3281,details
282,RM6098-Framework-Schedule-3-Framework-Prices-v20--20250626-3283,details
283,RM6098-Framework-Schedule-3-Framework-Prices-v20--20250626-3284,details
284,RM6098-Framework-Schedule-3-Framework-Prices-v20--20250626-3290,details
285,RM6098-Framework-Schedule-4-Framework-Management-v20--20250626-3297,details
286,RM6098-Framework-Schedule-4-Framework-Management-v20--20250626-3303,details
287,RM6098-Framework-Schedule-4-Framework-Management-v20--20250626-3318,details
288,RM6098-Framework-Schedule-4-Framework-Management-v20--20250626-3320,details
289,RM6098-Joint-Schedule-2-Variation-Form-v10--20250626-3593,details
290,RM6098-Joint-Schedule-2-Variation-Form-v10--20250626-3594,details
291,RM6098-Joint-Schedule-3-Insurance-Requirements-v10--20250626-3600,details
292,RM6098-Joint-Schedule-5-Corporate-Social-Responsibility-v30-1--20250626-3611,details
293,RM6098-Joint-Schedule-6-Key-Subcontractors-v10--20250626-3626,details
294,RM6098-Joint-Schedule-6-Key-Subcontractors-v10--20250626-3628,details
295,RM6098-Joint-Schedule-6-Key-Subcontractors-v10--20250626-3635,details
296,RM6098-Invitation-to-tender-template-v3--20250626-3436,details
297,RM6098-Invitation-to-tender-template-v3--20250626-3447,details
298,RM6098-Joint-Schedule-1-Definitions-v10--20250626-3469,details
299,RM6098-Joint-Schedule-11-processing-data-v20--20250626-3487,details
300,RM6098-Joint-Schedule-11-processing-data-v20--20250626-3510,details
301,RM6098-Joint-Schedule-8-Guarantee-for-PSC-v10--20250626-3745,details
302,RM6098-Joint-Schedule-9-Minimum-Standards-of-Reliability-v10--20250626-3756,details
303,RM6098-Leasing-tech-hardware-best-practice-process-v28-1--20250626-3761,details
304,RM6098-Leasing-tech-hardware-best-practice-process-v28-1--20250626-3762,details
305,RM6098-Leasing-tech-hardware-best-practice-process-v28-1--20250626-3768,details
306,RM6098-Leasing-tech-hardware-best-practice-process-v28-1--20250626-3769,details
307,RM6098-Leasing-tech-hardware-best-practice-process-v28-1--20250626-3783,details
308,RM6098-Leasing-tech-hardware-best-practice-process-v28-1--20250626-3785,details
309,RM6098-Leasing-tech-hardware-best-practice-process-v28-1--20250626-3792,details
310,RM6098-Leasing-tech-hardware-best-practice-process-v28-1--20250626-3809,details
311,RM6098-Leasing-tech-hardware-best-practice-process-v28-1--20250626-3813,details
312,RM6098-Market-engagement-best-practice-process-v27--20250626-3816,details
313,RM6098-Market-engagement-best-practice-process-v27--20250626-3829,details
314,RM6098-Model-Contract-Pack-v3--20250626-3955,details
315,RM6098-Model-Contract-Pack-v3--20250626-3960,details
316,RM6098-Model-Contract-Pack-v3--20250626-3964,details
317,RM6098-Model-Contract-Pack-v3--20250626-3972,details
318,RM6098-Model-Contract-Pack-v3--20250626-3980,details
319,RM6098-Model-Contract-Pack-v3--20250626-4004,details
320,RM6098-Model-Contract-Pack-v3--20250626-4005,details
321,RM6098-Model-Contract-Pack-v3--20250626-4007,details
322,RM6098-Model-Contract-Pack-v3--20250626-4012,details
323,RM6098-Model-Contract-Pack-v3--20250626-4018,details
324,RM6098-Joint-Schedule-7-Financial-Difficulties-v34--20250626-3655,details
325,RM6098-Joint-Schedule-7-Financial-Difficulties-v34--20250626-3662,details
326,RM6098-Joint-Schedule-7-Financial-Difficulties-v34--20250626-3688,details
327,RM6098-Joint-Schedule-7-Financial-Difficulties-v34--20250626-3700,details
328,RM6098-Joint-Schedule-7-Financial-Difficulties-v34--20250626-3703,details
329,RM6098-Joint-Schedule-7-Financial-Difficulties-v34--20250626-3713,details
330,RM6098-Joint-Schedule-7-Financial-Difficulties-v34--20250626-3719,details
331,RM6098-Market-engagement-best-practice-process-v27--20250626-3841,details
332,RM6098-Model-Contract-Pack-v3--20250626-3854,details
333,RM6098-Model-Contract-Pack-v3--20250626-3880,details
334,RM6098-Model-Contract-Pack-v3--20250626-3881,details
335,RM6098-Model-Contract-Pack-v3--20250626-3909,details
336,RM6116-Call-Off-Schedule-12-Clustering-vFinal--20250626-4369,details
337,RM6116-Call-Off-Schedule-13-Implementation-Plan-and-Testing-v11--20250626-4392,details
338,RM6116-Call-Off-Schedule-13-Implementation-Plan-and-Testing-v11--20250626-4401,details
339,RM6116-Call-Off-Schedule-13-Implementation-Plan-and-Testing-v11--20250626-4402,details
340,RM6116-Call-Off-Schedule-13-Implementation-Plan-and-Testing-v11--20250626-4411,details
341,RM6116-Call-Off-Schedule-13-Implementation-Plan-and-Testing-v11--20250626-4417,details
342,RM6116-Call-Off-Schedule-13-Implementation-Plan-and-Testing-v11--20250626-4424,details
343,RM6116-Call-Off-Schedule-13-Implementation-Plan-and-Testing-v11--20250626-4430,details
344,RM6116-Call-Off-Schedule-14-Service-Levels-vFinal11--20250626-4437,details
345,RM6116-Call-Off-Schedule-14-Service-Levels-vFinal11--20250626-4443,details
346,RM6098-Model-Contract-Pack-v3--20250626-4170,details
347,RM6098-Model-Contract-Pack-v3--20250626-4180,details
348,RM6098-Request-for-information-template-v21--20250626-4200,details
349,RM6098-Request-for-information-template-v21--20250626-4201,details
350,RM6098-Request-for-information-template-v21--20250626-4202,details
351,RM6098-Supplier-outcome-letter-unsuccessful-v1--20250626-4221,details
352,RM6098-Supplier-outcome-letter-unsuccessful-v1--20250626-4222,details
353,RM6116-Buyer-guide-v12--20250626-4240,details
354,RM6116-Buyer-guide-v12--20250626-4241,details
355,RM6098-Model-Contract-Pack-v3--20250626-4044,details
356,RM6098-Model-Contract-Pack-v3--20250626-4055,details
357,RM6098-Model-Contract-Pack-v3--20250626-4062,details
358,RM6098-Model-Contract-Pack-v3--20250626-4065,details
359,RM6098-Model-Contract-Pack-v3--20250626-4077,details
360,RM6098-Model-Contract-Pack-v3--20250626-4083,details
361,RM6098-Model-Contract-Pack-v3--20250626-4101,details
362,RM6098-Model-Contract-Pack-v3--20250626-4137,details
363,RM6116-Buyer-guide-v12--20250626-4242,details
364,RM6116-Buyer-guide-v12--20250626-4255,details
365,RM6116-Buyer-guide-v12--20250626-4262,details
366,RM6116-Buyer-guide-v12--20250626-4271,details
367,RM6116-Buyer-guide-v12--20250626-4281,details
368,RM6116-Buyer-guide-v12--20250626-4282,details
369,RM6116-Call-Off-Schedule-14-Service-Levels-vFinal11--20250626-4447,details
370,RM6116-Call-Off-Schedule-14-Service-Levels-vFinal11--20250626-4451,details
371,RM6116-Call-Off-Schedule-14-Service-Levels-vFinal11--20250626-4452,details
372,RM6116-Call-Off-Schedule-14-Service-Levels-vFinal11--20250626-4463,details
373,RM6116-Call-Off-Schedule-14-Service-Levels-vFinal11--20250626-4464,details
374,RM6116-Call-Off-Schedule-14-Service-Levels-vFinal11--20250626-4481,details
375,RM6116-Call-Off-Schedule-14-Service-Levels-vFinal11--20250626-4483,details
376,RM6116-Call-Off-Schedule-14-Service-Levels-vFinal11--20250626-4488,details
377,RM6116-Call-Off-Schedule-14-Service-Levels-vFinal11--20250626-4490,details
378,RM6116-Call-Off-Schedule-14-Service-Levels-vFinal11--20250626-4491,details
379,RM6116-Call-Off-Schedule-14-Service-Levels-vFinal11--20250626-4492,details
380,RM6116-Call-Off-Schedule-14-Service-Levels-vFinal11--20250626-4506,details
381,RM6116-Call-Off-Schedule-15-Call-Off-Contract-Management-vFinal--20250626-4509,details
382,RM6116-Call-Off-Schedule-16-Benchmarking-vFinal--20250626-4520,details
383,RM6116-Call-Off-Schedule-2-Staff-Transfer-vFinal--20250626-4747,details
384,RM6116-Call-Off-Schedule-2-Staff-Transfer-vFinal--20250626-4754,details
385,RM6116-Call-Off-Schedule-2-Staff-Transfer-vFinal--20250626-4759,details
386,RM6116-Call-Off-Schedule-2-Staff-Transfer-vFinal--20250626-4764,details
387,RM6116-Call-Off-Schedule-2-Staff-Transfer-vFinal--20250626-4781,details
388,RM6116-Call-Off-Schedule-2-Staff-Transfer-vFinal--20250626-4784,details
389,RM6116-Call-Off-Schedule-2-Staff-Transfer-vFinal--20250626-4786,details
390,RM6116-Call-Off-Schedule-2-Staff-Transfer-vFinal--20250626-4792,details
391,RM6116-Call-Off-Schedule-2-Staff-Transfer-vFinal--20250626-4796,details
392,RM6116-Call-Off-Schedule-23-HMRC-Terms-v11--20250626-4836,details
393,RM6116-Call-Off-Schedule-23-HMRC-Terms-v11--20250626-4842,details
394,RM6116-Call-Off-Schedule-23-HMRC-Terms-v11--20250626-4844,details
395,RM6116-Call-Off-Schedule-2-Staff-Transfer-vFinal--20250626-4564,details
396,RM6116-Call-Off-Schedule-2-Staff-Transfer-vFinal--20250626-4574,details
397,RM6116-Call-Off-Schedule-2-Staff-Transfer-vFinal--20250626-4583,details
398,RM6116-Call-Off-Schedule-2-Staff-Transfer-vFinal--20250626-4586,details
399,RM6116-Call-Off-Schedule-2-Staff-Transfer-vFinal--20250626-4592,details
400,RM6116-Call-Off-Schedule-2-Staff-Transfer-vFinal--20250626-4597,details
401,RM6116-Call-Off-Schedule-2-Staff-Transfer-vFinal--20250626-4605,details
402,RM6116-Call-Off-Schedule-2-Staff-Transfer-vFinal--20250626-4617,details
403,RM6116-Call-Off-Schedule-2-Staff-Transfer-vFinal--20250626-4629,details
404,RM6116-Call-Off-Schedule-2-Staff-Transfer-vFinal--20250626-4666,details
405,RM6116-Call-Off-Schedule-2-Staff-Transfer-vFinal--20250626-4700,details
406,RM6116-Call-Off-Schedule-2-Staff-Transfer-vFinal--20250626-4723,details
407,RM6116-Call-Off-Schedule-2-Staff-Transfer-vFinal--20250626-4731,details
408,RM6116-Call-Off-Schedule-2-Staff-Transfer-vFinal--20250626-4741,details
409,RM6116-Call-Off-Schedule-9-Security-vFinal--20250626-5059,details
410,RM6116-Call-Off-Schedule-9-Security-vFinal--20250626-5062,details
411,RM6116-Call-Off-Schedule-9-Security-vFinal--20250626-5065,details
412,RM6116-Call-Off-Schedule-9-Security-vFinal--20250626-5069,details
413,RM6116-Call-Off-Schedule-9-Security-vFinal--20250626-5071,details
414,RM6116-Call-Off-Schedule-9-Security-vFinal--20250626-5077,details
415,RM6116-Framework-Schedule-1-Specification-vFinal--20250626-5113,details
416,RM6116-Framework-Schedule-1-Specification-vFinal--20250626-5114,details
417,RM6116-Framework-Schedule-1-Specification-vFinal--20250626-5116,details
418,RM6116-Framework-Schedule-1-Specification-vFinal--20250626-5121,details
419,RM6116-Framework-Schedule-1-Specification-vFinal--20250626-5125,details
420,RM6116-Call-Off-Schedule-3-Continuous-Improvement-v11--20250626-4856,details
421,RM6116-Call-Off-Schedule-6-ICT-Services-v11--20250626-4868,details
422,RM6116-Call-Off-Schedule-6-ICT-Services-v11--20250626-4874,details
423,RM6116-Call-Off-Schedule-6-ICT-Services-v11--20250626-4889,details
424,RM6116-Call-Off-Schedule-8-Business-Continuity-and-Disaster-Recovery-v11--20250626-4918,details
425,RM6116-Call-Off-Schedule-8-Business-Continuity-and-Disaster-Recovery-v11--20250626-4921,details
426,RM6116-Call-Off-Schedule-8-Business-Continuity-and-Disaster-Recovery-v11--20250626-4933,details
427,RM6116-Call-Off-Schedule-8-Business-Continuity-and-Disaster-Recovery-v11--20250626-4938,details
428,RM6116-Framework-Schedule-3-Framework-Prices-vFinal-11--20250626-5174,details
429,RM6116-Framework-Schedule-3-Framework-Prices-vFinal-11--20250626-5176,details
430,RM6116-Framework-Schedule-3-Framework-Prices-vFinal-11--20250626-5181,details
431,RM6116-Framework-Schedule-3-Framework-Prices-vFinal-11--20250626-5182,details
432,RM6116-Framework-Schedule-4-Framework-Management-vFinal--20250626-5201,details
433,RM6116-Framework-Schedule-5-Management-Charges-and-Information-vFinal--20250626-5230,details
434,RM6116-Call-Off-Schedule-8-Business-Continuity-and-Disaster-Recovery-v11--20250626-4985,details
435,RM6116-Call-Off-Schedule-9-Security-vFinal--20250626-5003,details
436,RM6116-Call-Off-Schedule-9-Security-vFinal--20250626-5016,details
437,RM6116-Call-Off-Schedule-9-Security-vFinal--20250626-5021,details
438,RM6116-Call-Off-Schedule-9-Security-vFinal--20250626-5030,details
439,RM6116-Call-Off-Schedule-9-Security-vFinal--20250626-5035,details
440,RM6116-Joint-Schedule-1-Definitions-vFinal--20250626-5360,details
441,RM6116-Joint-Schedule-1-Definitions-vFinal--20250626-5362,details
442,RM6116-Joint-Schedule-1-Definitions-vFinal--20250626-5365,details
443,RM6116-Joint-Schedule-1-Definitions-vFinal--20250626-5375,details
444,RM6116-Joint-Schedule-1-Definitions-vFinal--20250626-5382,details
445,RM6116-Joint-Schedule-1-Definitions-vFinal--20250626-5383,details
446,RM6116-Joint-Schedule-1-Definitions-vFinal--20250626-5390,details
447,RM6116-Joint-Schedule-1-Definitions-vFinal--20250626-5409,details
448,RM6116-Joint-Schedule-1-Definitions-vFinal--20250626-5413,details
449,RM6116-Joint-Schedule-1-Definitions-vFinal--20250626-5430,details
450,RM6116-Joint-Schedule-10-Rectification-Plan-vFinal--20250626-5435,details
451,RM6116-Framework-Schedule-6-Order-Form-Template-and-Call-Off-Schedules-vFinal11--20250626-5253,details
452,RM6116-Framework-Schedule-7-Call-Off-Award-Procedure-v10-2--20250626-5254,details
453,RM6116-Framework-Schedule-7-Call-Off-Award-Procedure-v10-2--20250626-5279,details
454,RM6116-Framework-Schedule-7-Call-Off-Award-Procedure-v10-2--20250626-5290,details
455,RM6116-Framework-Schedule-8-Self-Audit-Certificate-vFinal--20250626-5296,details
456,RM6116-Framework-Schedule-9-Cyber-Essentials-Scheme-vFinal--20250626-5297,details
457,RM6116-Joint-Schedule-1-Definitions-vFinal--20250626-5315,details
458,RM6116-Joint-Schedule-1-Definitions-vFinal--20250626-5324,details
459,RM6116-Joint-Schedule-1-Definitions-vFinal--20250626-5326,details
460,RM6116-Joint-Schedule-1-Definitions-vFinal--20250626-5328,details
461,RM6116-Joint-Schedule-5-Corporate-Social-Responsibility-vFinal--20250626-5567,details
462,RM6116-Joint-Schedule-7-Financial-Difficulties-v11docx--20250626-5586,details
463,RM6116-Joint-Schedule-7-Financial-Difficulties-v11docx--20250626-5588,details
464,RM6116-Joint-Schedule-7-Financial-Difficulties-v11docx--20250626-5606,details
465,RM6116-Joint-Schedule-7-Financial-Difficulties-v11docx--20250626-5625,details
466,RM6116-Joint-Schedule-7-Financial-Difficulties-v11docx--20250626-5643,details
467,RM6116-Joint-Schedule-7-Financial-Difficulties-v11docx--20250626-5650,details
468,RM6116-Joint-Schedule-11-Processing-Data-vFinal-1--20250626-5472,details
469,RM6116-Joint-Schedule-11-Processing-Data-vFinal-1--20250626-5502,details
470,RM6116-Joint-Schedule-2-Variation-Form-vFinal--20250626-5526,details
471,RM6116-Joint-Schedule-4-Commercially-Sensitive-Information-vFinal--20250626-5544,details
472,RM6116-Joint-Schedule-5-Corporate-Social-Responsibility-vFinal--20250626-5547,details
473,RM6116-Joint-Schedule-5-Corporate-Social-Responsibility-vFinal--20250626-5550,details
474,RM6116-NS3-Core-terms-v3011--20250626-5757,details
475,RM6116-NS3-Core-terms-v3011--20250626-5759,details
476,RM6116-NS3-Core-terms-v3011--20250626-5766,details
477,RM6116-NS3-Core-terms-v3011--20250626-5768,details
478,RM6116-NS3-Core-terms-v3011--20250626-5786,details
479,RM6116-NS3-Core-terms-v3011--20250626-5796,details
480,RM6116-NS3-Core-terms-v3011--20250626-5803,details
481,RM6116-NS3-Core-terms-v3011--20250626-5804,details
482,RM6116-NS3-Core-terms-v3011--20250626-5815,details
483,RM6116-NS3-Framework-Award-Form-vFinal-11-1--20250626-5818,details
484,RM6116-NS3-Service-Offer-Guide-V3--20250626-5823,details
485,RM6116-Request-For-Information-template-v1-2--20250626-5846,details
486,RM6116-Request-For-Information-template-v1-2--20250626-5849,details
487,RM6116_benefits--20250626-5853,details
488,RM6116_Key-changes-from-NS2-to-NS3_V10docx--20250626-5866,details
489,RM6116_Key-changes-from-NS2-to-NS3_V10docx--20250626-5869,details
490,RM6116_Key-changes-from-NS2-to-NS3_V10docx--20250626-5875,details
491,RM6187-Call-Off-Schedule-10_-Exit-Management---20250626-5920,details
492,RM6187-Call-Off-Schedule-10_-Exit-Management---20250626-5938,details
493,RM6187-Call-Off-Schedule-12_-Clustering---20250626-5945,details
494,RM6187-Call-Off-Schedule-13_-Implementation-Plan-and-Testing---20250626-5954,details
495,RM6187-Call-Off-Schedule-13_-Implementation-Plan-and-Testing---20250626-5956,details
496,RM6187-Call-Off-Schedule-13_-Implementation-Plan-and-Testing---20250626-5957,details
497,RM6187-Call-Off-Schedule-13_-Implementation-Plan-and-Testing---20250626-5962,details
498,RM6187-Call-Off-Schedule-13_-Implementation-Plan-and-Testing---20250626-5981,details
499,RM6187-Call-Off-Schedule-13_-Implementation-Plan-and-Testing---20250626-5999,details
500,RM6187-Call-Off-Schedule-13_-Implementation-Plan-and-Testing---20250626-6001,details
501,RM6187-Call-Off-Schedule-13_-Implementation-Plan-and-Testing---20250626-6012,details
502,RM6187-Call-Off-Schedule-14_-Service-Levels---20250626-6023,details
503,RM6187-Call-Off-Schedule-14_-Service-Levels---20250626-6029,details
504,RM6187-Call-Off-Schedule-14_-Service-Levels---20250626-6037,details
505,RM6116-Joint-Schedule-8-Guarantee-for-PSC-vFinal--20250626-5682,details
506,RM6116-Network-Services-3-Statement-of-Requirements-Template-accessible-v1-1--20250626-5713,details
507,RM6116-NS3-Core-terms-v3011--20250626-5723,details
508,RM6187-Call-Off-Schedule-16_-Benchmarking--20250626-6061,details
509,RM6187-Call-Off-Schedule-18_-Background-Checks---20250626-6085,details
510,RM6187-Call-Off-Schedule-18_-Background-Checks---20250626-6089,details
511,RM6187-Call-Off-Schedule-23_-HMRC-Schedule---20250626-6110,details
512,RM6187-Call-Off-Schedule-23_-HMRC-Schedule---20250626-6116,details
513,RM6187-Call-Off-Schedule-23_-HMRC-Schedule---20250626-6129,details
514,RM6187-Call-Off-Schedule-23_-HMRC-Schedule---20250626-6139,details
515,RM6187-Call-Off-Schedule-23_-HMRC-Schedule---20250626-6144,details
516,RM6187-Call-Off-Schedule-23_-HMRC-Schedule---20250626-6152,details
517,RM6187-Call-Off-Schedule-23_-HMRC-Schedule---20250626-6155,details
518,RM6187-Call-Off-Schedule-6_-ICT-Services---20250626-6170,details
519,RM6187-Call-Off-Schedule-6_-ICT-Services---20250626-6175,details
520,RM6187-Call-Off-Schedule-8_-Business-Continuity-and-Disaster-Recovery---20250626-6225,details
521,RM6187-Call-Off-Schedule-8_-Business-Continuity-and-Disaster-Recovery---20250626-6227,details
522,RM6187-Call-Off-Schedule-8_-Business-Continuity-and-Disaster-Recovery---20250626-6229,details
523,RM6187-Call-Off-Schedule-8_-Business-Continuity-and-Disaster-Recovery---20250626-6251,details
524,RM6187-Call-Off-Schedule-9_-Security---20250626-6254,details
525,RM6187-Core-Terms---20250626-6384,details
526,RM6187-Core-Terms---20250626-6388,details
527,RM6187-Core-Terms---20250626-6406,details
528,RM6187-Core-Terms---20250626-6415,details
529,RM6187-Core-Terms---20250626-6421,details
530,RM6187-Core-Terms---20250626-6442,details
531,RM6187-Core-Terms---20250626-6455,details
532,RM6187-Call-Off-Schedule-9_-Security---20250626-6263,details
533,RM6187-Call-Off-Schedule-9_-Security---20250626-6271,details
534,RM6187-Call-Off-Schedule-9_-Security---20250626-6277,details
535,RM6187-Call-Off-Schedule-9_-Security---20250626-6288,details
536,RM6187-Call-Off-Schedule-9_-Security---20250626-6289,details
537,RM6187-Call-Off-Schedule-9_-Security---20250626-6296,details
538,RM6187-Framework-Schedule-6_-Order-Form-and-Call-Off-Schedules-4--20250626-6570,details
539,RM6187-Framework-Schedule-7_-Call-Off-Award-Procedure---20250626-6587,details
540,RM6187-Framework-Schedule-8_-Self-Audit-Certificate-1--20250626-6608,details
541,RM6187-Framework-Schedule-9_-Cyber-Essentials-Scheme---20250626-6612,details
542,RM6187-How-to-use-Contractual-Documents--1--20250626-6626,details
543,RM6187-How-to-use-Contractual-Documents--1--20250626-6631,details
544,RM6187-How-to-use-Contractual-Documents--1--20250626-6638,details
545,RM6187-How-to-use-Contractual-Documents--1--20250626-6644,details
546,RM6187-How-to-use-Contractual-Documents--1--20250626-6651,details
547,RM6187-How-to-use-Contractual-Documents--1--20250626-6656,details
548,RM6187-Joint-Schedule-1_-Definitions---20250626-6793,details
549,RM6187-Joint-Schedule-1_-Definitions---20250626-6796,details
550,RM6187-Joint-Schedule-1_-Definitions---20250626-6799,details
551,RM6187-Joint-Schedule-1_-Definitions---20250626-6804,details
552,RM6187-Joint-Schedule-1_-Definitions---20250626-6815,details
553,RM6187-Joint-Schedule-1_-Definitions---20250626-6830,details
554,RM6187-Joint-Schedule-1_-Definitions---20250626-6842,details
555,RM6187-Joint-Schedule-1_-Definitions---20250626-6845,details
556,RM6187-Joint-Schedule-1_-Definitions---20250626-6856,details
557,RM6187-Framework-Schedule-1_-Specification--20250626-6468,details
558,RM6187-Framework-Schedule-2_-Framework-Tender---20250626-6485,details
559,RM6187-Framework-Schedule-3_-Framework-Prices---20250626-6489,details
560,RM6187-Framework-Schedule-4_-Framework-Management---20250626-6501,details
561,RM6187-Framework-Schedule-4_-Framework-Management---20250626-6525,details
562,RM6187-Framework-Schedule-4_-Framework-Management---20250626-6528,details
563,RM6187-Framework-Schedule-5_-Management-Charges-and-Information---20250626-6534,details
564,RM6187-Framework-Schedule-5_-Management-Charges-and-Information---20250626-6545,details
565,RM6187-Joint-Schedule-11_-Processing-Data---20250626-6677,details
566,RM6187-Joint-Schedule-11_-Processing-Data---20250626-6682,details
567,RM6187-Joint-Schedule-11_-Processing-Data---20250626-6717,details
568,RM6187-Joint-Schedule-11_-Processing-Data---20250626-6720,details
569,RM6187-T3-Non-Disclosure-Agreement-NDA--20250626-7085,details
570,RM6187-T3-Non-Disclosure-Agreement-NDA--20250626-7087,details
571,RM6187-T3-Non-Disclosure-Agreement-NDA--20250626-7104,details
572,RM6187-T3-Non-Disclosure-Agreement-NDA--20250626-7128,details
573,RM6187-T3-Non-Disclosure-Agreement-NDA--20250626-7131,details
574,RM6187-T3-Non-Disclosure-Agreement-NDA--20250626-7134,details
575,RM6187-T3-Non-Disclosure-Agreement-NDA--20250626-7146,details
576,RM6187-T4-Request-for-Information---20250626-7157,details
577,RM6187-T4-Request-for-Information---20250626-7159,details
578,RM6187-T4-Request-for-Information---20250626-7162,details
579,RM6187-T5-Attachment-1-About-the-Procurement--20250626-7166,details
580,RM6187-Joint-Schedule-8_-Guarantee---20250626-6980,details
581,RM6187-Joint-Schedule-8_-Guarantee---20250626-6994,details
582,RM6187-Joint-Schedule-8_-Guarantee---20250626-7002,details
583,RM6187-Joint-Schedule-9_-Minimum-Standards-of-Reliability---20250626-7019,details
584,RM6187-MCF3-Grade-Definitions---20250626-7020,details
585,RM6187-MCF3-Grade-Definitions---20250626-7021,details
586,RM6187-T2-Attachment-3-Statement-of-Requirements-docx--20250626-7061,details
587,RM6187-T2-Attachment-3-Statement-of-Requirements-docx--20250626-7064,details
588,RM6187-T5-Attachment-1-About-the-Procurement--20250626-7174,details
589,RM6187-T6-Attachment-2-How-to-Bid-including-Evaluation-Criteria---20250626-7210,details
590,RM6187-T6-Attachment-2-How-to-Bid-including-Evaluation-Criteria---20250626-7222,details
591,RM6187_howtobuy--20250626-7253,details
592,DPS-Core-Terms-v103-1--20250626-7270,details
593,RM6187-Joint-Schedule-1_-Definitions---20250626-6879,details
594,RM6187-Joint-Schedule-4-Commercially-Sensitive-Information---20250626-6904,details
595,RM6187-Joint-Schedule-7_-Financial-Difficulties-1--20250626-6951,details
596,RM6187-Joint-Schedule-8_-Guarantee---20250626-6964,details
597,RM6264-DPS-Buyer-Guide-v30--20250626-7479,details
598,RM6264-DPS-Buyer-Guide-v30--20250626-7491,details
599,RM6264-DPS-Buyer-Guide-v30--20250626-7495,details
600,RM6264-DPS-Buyer-Guide-v30--20250626-7496,details
601,RM6264-DPS-Buyer-Guide-v30--20250626-7507,details
602,RM6264-DPS-Buyer-Guide-v30--20250626-7508,details
603,RM6264-DPS-Joint-Schedule-11-Processing-Data-v10--20250626-7544,details
604,RM6264-DPS-Joint-Schedule-11-Processing-Data-v10--20250626-7566,details
605,RM6264-DPS-Joint-Schedule-11-Processing-Data-v10--20250626-7570,details
606,RM6264-Attachment-2-How-to-Bid-v1--20250626-7401,details
607,RM6264-Attachment-2-How-to-Bid-v1--20250626-7402,details
608,RM6264-Attachment-2-How-to-Bid-v1--20250626-7405,details
609,RM6264-Attachment-2-How-to-Bid-v1--20250626-7407,details
610,RM6264-Attachment-2-How-to-Bid-v1--20250626-7422,details
611,RM6264-Customer-user-agreement-v1--20250626-7451,details
612,RM6264-Customer-user-agreement-v1--20250626-7457,details
613,RM6264-DPS-Buyer-Guide-v30--20250626-7468,details
614,DPS-Core-Terms-v103-1--20250626-7280,details
615,DPS-Core-Terms-v103-1--20250626-7283,details
616,DPS-Core-Terms-v103-1--20250626-7312,details
617,DPS-Core-Terms-v103-1--20250626-7350,details
618,RM6264-Attachment-1-About-the-Procurement-v2--20250626-7359,details
619,RM6264-Attachment-1-About-the-Procurement-v2--20250626-7362,details
620,RM6264-Attachment-1-About-the-Procurement-v2--20250626-7371,details
621,RM6264-DPS-Joint-Schedule-11-Processing-Data-v10--20250626-7583,details
622,RM6264-DPS-Joint-Schedule-11-Processing-Data-v10--20250626-7584,details
623,RM6264-DPS-Joint-Schedule-3-Insurance-Requirements-v10--20250626-7600,details
624,RM6264-DPS-Joint-Schedule-4-Commercially-Sensitive-Information-v10--20250626-7612,details
625,RM6264-DPS-Joint-Schedule-7-Financial-Difficulties-v10--20250626-7647,details
626,RM6264-DPS-Joint-Schedule-7-Financial-Difficulties-v10--20250626-7661,details
627,RM6264-DPS-Joint-Schedule-7-Financial-Difficulties-v10--20250626-7675,details
628,RM6264-DPS-Order-Schedule-13-Implementation-Plan-and-Testing-v10--20250626-7782,details
629,RM6264-DPS-Order-Schedule-13-Implementation-Plan-and-Testing-v10--20250626-7786,details
630,RM6264-DPS-Order-Schedule-13-Implementation-Plan-and-Testing-v10--20250626-7787,details
631,RM6264-DPS-Order-Schedule-13-Implementation-Plan-and-Testing-v10--20250626-7792,details
632,RM6264-DPS-Order-Schedule-13-Implementation-Plan-and-Testing-v10--20250626-7820,details
633,RM6264-DPS-Order-Schedule-14-Service-Levels-v10--20250626-7828,details
634,RM6264-DPS-Order-Schedule-14-Service-Levels-v10--20250626-7835,details
635,RM6264-DPS-Order-Schedule-16-Benchmarking-v10--20250626-7855,details
636,RM6264-DPS-Order-Schedule-16-Benchmarking-v10--20250626-7857,details
637,RM6264-DPS-Order-Schedule-16-Benchmarking-v10--20250626-7864,details
638,RM6264-DPS-Order-Schedule-17-MOD-Terms-V10--20250626-7870,details
639,RM6264-DPS-Order-Schedule-2-Staff-Transfer-v10--20250626-8000,details
640,RM6264-DPS-Order-Schedule-2-Staff-Transfer-v10--20250626-8001,details
641,RM6264-DPS-Order-Schedule-2-Staff-Transfer-v10--20250626-8017,details
642,RM6264-DPS-Order-Schedule-2-Staff-Transfer-v10--20250626-8019,details
643,RM6264-DPS-Order-Schedule-2-Staff-Transfer-v10--20250626-8032,details
644,RM6264-DPS-Order-Schedule-2-Staff-Transfer-v10--20250626-8038,details
645,RM6264-DPS-Order-Schedule-2-Staff-Transfer-v10--20250626-8039,details
646,RM6264-DPS-Order-Schedule-2-Staff-Transfer-v10--20250626-8060,details
647,RM6264-DPS-Order-Schedule-2-Staff-Transfer-v10--20250626-8061,details
648,RM6264-DPS-Order-Schedule-2-Staff-Transfer-v10--20250626-8062,details
649,RM6264-DPS-Order-Schedule-2-Staff-Transfer-v10--20250626-8072,details
650,RM6264-DPS-Joint-Schedule-7-Financial-Difficulties-v10--20250626-7691,details
651,RM6264-DPS-Joint-Schedule-7-Financial-Difficulties-v10--20250626-7694,details
652,RM6264-DPS-Joint-Schedule-8-Guarantee-v10--20250626-7696,details
653,RM6264-DPS-Joint-Schedule-8-Guarantee-v10--20250626-7706,details
654,RM6264-DPS-Joint-Schedule-9-Minimum-Standards-of-Reliability-v10--20250626-7714,details
655,RM6264-DPS-Order-Schedule-10-Exit-Management-v10--20250626-7728,details
656,RM6264-DPS-Order-Schedule-10-Exit-Management-v10--20250626-7738,details
657,RM6264-DPS-Order-Schedule-10-Exit-Management-v10--20250626-7750,details
658,RM6264-DPS-Order-Schedule-19-Scottish-Law-v10--20250626-7889,details
659,RM6264-DPS-Order-Schedule-2-Staff-Transfer-v10--20250626-7909,details
660,RM6264-DPS-Order-Schedule-2-Staff-Transfer-v10--20250626-7929,details
661,RM6264-DPS-Order-Schedule-2-Staff-Transfer-v10--20250626-7945,details
662,RM6264-DPS-Order-Schedule-2-Staff-Transfer-v10--20250626-7963,details
663,RM6264-DPS-Order-Schedule-9-Security-v10--20250626-8392,details
664,RM6264-DPS-Order-Schedule-9-Security-v10--20250626-8393,details
665,RM6264-DPS-Order-Schedule-9-Security-v10--20250626-8424,details
666,RM6264-DPS-Order-Schedule-9-Security-v10--20250626-8426,details
667,RM6264-DPS-Order-Schedule-9-Security-v10--20250626-8427,details
668,RM6264-DPS-Schedule-1-Specification-v10--20250626-8438,details
669,RM6264-DPS-Schedule-1-Specification-v10--20250626-8441,details
670,RM6264-DPS-Schedule-1-Specification-v10--20250626-8455,details
671,RM6264-DPS-Schedule-1-Specification-v10--20250626-8458,details
672,RM6264-DPS-Schedule-1-Specification-v10--20250626-8462,details
673,RM6264-DPS-Schedule-1-Specification-v10--20250626-8468,details
674,RM6264-DPS-Schedule-1-Specification-v10--20250626-8479,details
675,RM6264-DPS-Order-Schedule-2-Staff-Transfer-v10--20250626-8090,details
676,RM6264-DPS-Order-Schedule-2-Staff-Transfer-v10--20250626-8096,details
677,RM6264-DPS-Order-Schedule-21-Northern-Ireland-Law-v10--20250626-8114,details
678,RM6264-DPS-Order-Schedule-23-HMRC-v10--20250626-8134,details
679,RM6264-DPS-Order-Schedule-25-Billable-Works-and-Projects-v10--20250626-8147,details
680,RM6264-DPS-Order-Schedule-25-Billable-Works-and-Projects-v10--20250626-8161,details
681,RM6264-DPS-Order-Schedule-25-Billable-Works-and-Projects-v10--20250626-8163,details
682,RM6264-DPS-Order-Schedule-25-Billable-Works-and-Projects-v10--20250626-8168,details
683,RM6264-DPS-Order-Schedule-8-Business-Continuity-and-Disaster-Recovery-v10--20250626-8284,details
684,RM6264-DPS-Order-Schedule-8-Business-Continuity-and-Disaster-Recovery-v10--20250626-8315,details
685,RM6264-DPS-Order-Schedule-8-Business-Continuity-and-Disaster-Recovery-v10--20250626-8329,details
686,RM6264-DPS-Order-Schedule-8-Business-Continuity-and-Disaster-Recovery-v10--20250626-8332,details
687,RM6264-DPS-Order-Schedule-8-Business-Continuity-and-Disaster-Recovery-v10--20250626-8334,details
688,RM6264-DPS-Order-Schedule-27-Construction-Contracts-v10--20250626-8186,details
689,RM6264-DPS-Order-Schedule-5-Pricing-Details-v10--20250626-8219,details
690,RM6264-DPS-Order-Schedule-5-Pricing-Details-v10--20250626-8234,details
691,RM6264-DPS-Order-Schedule-6-ICT-Services-v10--20250626-8254,details
692,RM6264-DPS-Schedule-7-Order-Procedure-v10--20250626-8787,details
693,RM6264-Expression-of-Interest-template-v1--20250626-8819,details
694,RM6264-Supplier-Outcome-Letter-Successful-v10--20250626-8827,details
695,Become_a_supplier_on_a_Crown_Commercial_Service_framework_agreement--20250626-8838,startup
696,Become_a_supplier_on_a_Crown_Commercial_Service_framework_agreement--20250626-8845,startup
697,Become_a_supplier_on_a_Crown_Commercial_Service_framework_agreement--20250626-8846,startup
698,Become_a_supplier_on_a_Dynamic_Purchasing_System--20250626-8856,startup
699,Helping_your_carbon_net_zero_CNZ_journey--20250626-8877,startup
700,RM6264-DPS-Schedule-1-Specification-v10--20250626-8500,details
701,RM6264-DPS-Schedule-1-Specification-v10--20250626-8514,details
702,RM6264-DPS-Schedule-1-Specification-v10--20250626-8519,details
703,RM6264-DPS-Schedule-1-Specification-v10--20250626-8521,details
704,RM6264-DPS-Schedule-1-Specification-v10--20250626-8526,details
705,RM6264-DPS-Schedule-1-Specification-v10--20250626-8530,details
706,RM6264-DPS-Schedule-1-Specification-v10--20250626-8535,details
707,RM6264-DPS-Schedule-1-Specification-v10--20250626-8584,details
708,RM6264-DPS-Schedule-1-Specification-v10--20250626-8590,details
709,RM6264-DPS-Schedule-1-Specification-v10--20250626-8610,details
710,RM6264-DPS-Schedule-1-Specification-v10--20250626-8612,details
711,RM6264-DPS-Schedule-1-Specification-v10--20250626-8627,details
712,RM6264-DPS-Schedule-1-Specification-v10--20250626-8645,details
713,RM6264-DPS-Schedule-1-Specification-v10--20250626-8665,details
714,RM6264-DPS-Schedule-4-DPS-Management-v10-1--20250626-8722,details
715,RM6264-DPS-Schedule-5-Management-Levy-and-Information-v10-1--20250626-8745,details
716,RM6264-DPS-Schedule-5-Management-Levy-and-Information-v10-1--20250626-8756,details
717,RM6264-DPS-Schedule-6-Order-form-template-and-order-schedules-v10--20250626-8770,details
718,RM6264-DPS-Schedule-7-Order-Procedure-v10--20250626-8782,details
719,Estate_Management_Services--20250626-9090,recommendation
720,Multifunctional_Devices_MFDs_Print_and_Digital_Workflow_Software_Services_and--20250626-9094,recommendation
721,Fuel_Cards_and_Associated_Services_VI--20250626-9100,recommendation
722,Artificial_Intelligence_AI--20250626-9105,recommendation
723,Facilities_Management_and_Workplace_Services--20250626-9114,recommendation
724,Costs_Lawyer_Services_2--20250626-9143,recommendation
725,National_Fuels_3--20250626-9154,recommendation
726,Adult_Skills_and_Learning_DPS--20250626-9170,recommendation
727,Network_Services_3--20250626-9176,details
728,How_to_buy_through_Crown_Commercial_Service--20250626-8905,startup
729,How_to_write_a_winning_bid_a_supplier_guide_to_successful_tender_responses--20250626-8929,startup
730,What_is_social_value--20250626-8945,startup
731,G-Cloud_14--20250626-8958,recommendation
732,Campaign_Solutions_2--20250626-8972,recommendation
733,Offsite_Construction_Solutions--20250626-8990,recommendation
734,Big_Data_and_Analytics--20250626-8995,recommendation
735,Learning_and_Training_Services_DPS--20250626-9000,recommendation
736,Debt_Resolution_Services--20250626-9003,recommendation
737,Vertical_Application_Solutions--20250626-9017,recommendation
738,Technology_Services_3--20250626-9075,recommendation
739,RM10438_Call-Off-Schedule-13-Implementation-Plan-and-Testing-v10--20250626-211,details
740,RM10438_Call-Off-Schedule-14-Service-Levels-and-Balanced-Scorecard-v10--20250626-235,details
741,RM10438_Call-Off-Schedule-14-Service-Levels-and-Balanced-Scorecard-v10--20250626-260,details
742,RM10438_Call-Off-Schedule-14-Service-Levels-and-Balanced-Scorecard-v10--20250626-261,details
743,RM10438_Call-Off-Schedule-14-Service-Levels-and-Balanced-Scorecard-v10--20250626-262,details
744,RM10438_Call-Off-Schedule-14-Service-Levels-and-Balanced-Scorecard-v10--20250626-263,details
745,RM10438_Call-Off-Schedule-15-Call-Off-Contract-Management-v10--20250626-266,details
746,RM10438_Call-Off-Schedule-15-Call-Off-Contract-Management-v10--20250626-267,details
747,RM10438_Call-Off-Schedule-16-Benchmarking-v10--20250626-278,details
748,RM10438_Call-Off-Schedule-16-Benchmarking-v10--20250626-283,details
749,RM10438_Call-Off-Schedule-17-MOD-Terms-v10--20250626-298,details
750,RM10438_Call-Off-Schedule-2-Staff-Transfer-v10--20250626-406,details
751,RM10438_Call-Off-Schedule-2-Staff-Transfer-v10--20250626-425,details
752,RM10438_Call-Off-Schedule-2-Staff-Transfer-v10--20250626-443,details
753,RM10438_Call-Off-Schedule-2-Staff-Transfer-v10--20250626-451,details
754,RM10438_Call-Off-Schedule-2-Staff-Transfer-v10--20250626-475,details
755,RM10438_Call-Off-Schedule-2-Staff-Transfer-v10--20250626-486,details
756,RM10438_Call-Off-Schedule-2-Staff-Transfer-v10--20250626-487,details
757,RM10438_Call-Off-Schedule-2-Staff-Transfer-v10--20250626-489,details
758,RM10438_Call-Off-Schedule-2-Staff-Transfer-v10--20250626-494,details
759,RM10438_Call-Off-Schedule-2-Staff-Transfer-v10--20250626-499,details
760,RM10438_Call-Off-Schedule-10-Exit-Management-v10--20250626-107,details
761,RM10438_Call-Off-Schedule-10-Exit-Management-v10--20250626-134,details
762,RM10438_Call-Off-Schedule-13-Implementation-Plan-and-Testing-v10--20250626-166,details
763,RM10438_Call-Off-Schedule-13-Implementation-Plan-and-Testing-v10--20250626-170,details
764,RM10438_Call-Off-Schedule-13-Implementation-Plan-and-Testing-v10--20250626-195,details
765,RM10438_Call-Off-Schedule-13-Implementation-Plan-and-Testing-v10--20250626-200,details
766,RM10438-DOS-6-Buyer-Guide-v11--20250626-54,details
767,RM10438-DOS-6-Buyer-Guide-v11--20250626-62,details
768,RM10438-DOS-6-Buyer-Guide-v11--20250626-64,details
769,RM10438-key-changes-DOS5-to-DOS6--20250626-82,details
770,RM10438_Call-Off-Schedule-1-Transparency-Reports-v10--20250626-100,details
771,RM10438_Call-Off-Schedule-17-MOD-Terms-v10--20250626-306,details
772,RM10438_Call-Off-Schedule-18-Background-Checks-v10--20250626-311,details
773,RM10438_Call-Off-Schedule-2-Staff-Transfer-v10--20250626-329,details
774,RM10438_Call-Off-Schedule-2-Staff-Transfer-v10--20250626-355,details
775,RM10438_Call-Off-Schedule-2-Staff-Transfer-v10--20250626-403,details
776,RM10438_Call-Off-Schedule-23-HMRC-Terms-v10--20250626-607,details
777,RM10438_Call-Off-Schedule-23-HMRC-Terms-v10--20250626-621,details
778,RM10438_Call-Off-Schedule-23-HMRC-Terms-v10--20250626-626,details
779,RM10438_Call-Off-Schedule-23-HMRC-Terms-v10--20250626-627,details
780,RM10438_Call-Off-Schedule-23-HMRC-Terms-v10--20250626-637,details
781,RM10438_Call-Off-Schedule-25-Ethical-Walls-Agreement-v20--20250626-667,details
782,RM10438_Call-Off-Schedule-25-Ethical-Walls-Agreement-v20--20250626-672,details
783,RM10438_Call-Off-Schedule-26-Cyber-Essentials-Scheme-v10--20250626-698,details
784,RM10438_Call-Off-Schedule-2-Staff-Transfer-v10--20250626-505,details
785,RM10438_Call-Off-Schedule-2-Staff-Transfer-v10--20250626-507,details
786,RM10438_Call-Off-Schedule-2-Staff-Transfer-v10--20250626-526,details
787,RM10438_Call-Off-Schedule-2-Staff-Transfer-v10--20250626-538,details
788,RM10438_Call-Off-Schedule-2-Staff-Transfer-v10--20250626-545,details
789,RM10438_Call-Off-Schedule-2-Staff-Transfer-v10--20250626-551,details
790,RM10438_Call-Off-Schedule-2-Staff-Transfer-v10--20250626-583,details
791,RM10438_Call-Off-Schedule-6-Intellectual-Property-Rights-and-Additional-Terms-on-Digital-Deliverables-v10--20250626-729,details
792,RM10438_Call-Off-Schedule-6-Intellectual-Property-Rights-and-Additional-Terms-on-Digital-Deliverables-v10--20250626-738,details
793,RM10438_Call-Off-Schedule-6-Intellectual-Property-Rights-and-Additional-Terms-on-Digital-Deliverables-v10--20250626-746,details
794,RM10438_Call-Off-Schedule-6-Intellectual-Property-Rights-and-Additional-Terms-on-Digital-Deliverables-v10--20250626-767,details
795,RM10438_Call-Off-Schedule-7-Key-Supplier-Staff-v10--20250626-780,details
796,RM10438_Call-Off-Schedule-8-Business-Continuity-and-Disaster-Recovery-v10--20250626-786,details
797,RM10438_Call-Off-Schedule-9-Security-v20--20250626-824,details
798,RM10438_Call-Off-Schedule-9-Security-v20--20250626-827,details
799,RM10438_Core-Terms-v3011--20250626-908,details
800,RM10438_Framework-Schedule-5-Management-Charges-and-Information-v20--20250626-1145,details
801,RM10438_Framework-Schedule-5-Management-Charges-and-Information-v20--20250626-1146,details
802,RM10438_Framework-Schedule-6-Order-Form-Template-Statement-of-Work-Template-and-Call-Off-Schedules-v20_1--20250626-1154,details
803,RM10438_Framework-Schedule-6-Order-Form-Template-Statement-of-Work-Template-and-Call-Off-Schedules-v20_1--20250626-1156,details
804,RM10438_Framework-Schedule-6-Order-Form-Template-Statement-of-Work-Template-and-Call-Off-Schedules-v20_1--20250626-1164,details
805,RM10438_Framework-Schedule-6-Order-Form-Template-Statement-of-Work-Template-and-Call-Off-Schedules-v20_1--20250626-1177,details
806,RM10438_Framework-Schedule-6-Order-Form-Template-Statement-of-Work-Template-and-Call-Off-Schedules-v20--20250626-1196,details
807,RM10438_Framework-Schedule-6-Order-Form-Template-Statement-of-Work-Template-and-Call-Off-Schedules-v20--20250626-1206,details
808,RM10438_Framework-Schedule-6-Order-Form-Template-Statement-of-Work-Template-and-Call-Off-Schedules-v20--20250626-1210,details
809,RM10438_Framework-Schedule-6-Order-Form-Template-Statement-of-Work-Template-and-Call-Off-Schedules-v20--20250626-1216,details
810,RM10438_Framework-Schedule-6-Order-Form-Template-Statement-of-Work-Template-and-Call-Off-Schedules-v20--20250626-1220,details
811,RM10438_Framework-Schedule-6-Order-Form-Template-Statement-of-Work-Template-and-Call-Off-Schedules-v20--20250626-1240,details
812,RM10438_Framework-Schedule-7-Call-Off-Award-Procedure-v10--20250626-1246,details
813,RM10438_Framework-Schedule-7-Call-Off-Award-Procedure-v10--20250626-1273,details
814,RM10438_Framework-Schedule-7-Call-Off-Award-Procedure-v10--20250626-1276,details
815,RM10438_Joint-Schedule-1-Definitions-v10--20250626-1302,details
816,RM10438_Joint-Schedule-1-Definitions-v10--20250626-1309,details
817,RM10438_Core-Terms-v3011--20250626-909,details
818,RM10438_Core-Terms-v3011--20250626-916,details
819,RM10438_Core-Terms-v3011--20250626-947,details
820,RM10438_Core-Terms-v3011--20250626-951,details
821,RM10438_Core-Terms-v3011--20250626-956,details
822,RM10438_Core-Terms-v3011--20250626-985,details
823,RM10438_Core-Terms-v3011--20250626-998,details
824,RM10438_Framework-Award-Form-v20-1--20250626-1013,details
825,RM10438_Framework-Award-Form-v20-1--20250626-1019,details
826,RM10438_Framework-Award-Form-v20-1--20250626-1035,details
827,RM10438_Framework-Schedule-1-Specification-v10-1--20250626-1045,details
828,RM10438_Framework-Schedule-1-Specification-v10-1--20250626-1068,details
829,RM10438_Framework-Schedule-1-Specification-v10-1--20250626-1071,details
830,RM10438_Joint-Schedule-10-Rectification-Plan-v10--20250626-1425,details
831,RM10438_Joint-Schedule-11-Processing-Data-v10--20250626-1466,details
832,RM10438_Joint-Schedule-11-Processing-Data-v10--20250626-1469,details
833,RM10438_Joint-Schedule-11-Processing-Data-v10--20250626-1473,details
834,RM10438_Joint-Schedule-11-Processing-Data-v10--20250626-1475,details
835,RM10438_Joint-Schedule-11-Processing-Data-v10--20250626-1487,details
836,RM10438_Joint-Schedule-11-Processing-Data-v10--20250626-1494,details
837,RM10438_Joint-Schedule-11-Processing-Data-v10--20250626-1496,details
838,RM10438_Joint-Schedule-11-Processing-Data-v10--20250626-1497,details
839,RM10438_Joint-Schedule-11-Processing-Data-v10--20250626-1498,details
840,RM10438_Joint-Schedule-2-Variation-Form-v10--20250626-1512,details
841,RM10438_Joint-Schedule-8-Guarantee-v10--20250626-1618,details
842,RM10438_Joint-Schedule-8-Guarantee-v10--20250626-1619,details
843,RM10438_Joint-Schedule-8-Guarantee-v10--20250626-1625,details
844,RM10438_Joint-Schedule-8-Guarantee-v10--20250626-1634,details
845,RM6098-Aggregation-case-studies-v4-1--20250626-1656,details
846,RM6098-Buyer-guidance-to-the-public-sector-contract-v41_1--20250626-1664,details
847,RM6098-Buyer-guidance-to-the-public-sector-contract-v41_1--20250626-1687,details
848,RM6098-Buyer-guidance-to-the-public-sector-contract-v41_1--20250626-1697,details
849,RM6098-Buyer-guidance-to-the-public-sector-contract-v41_1--20250626-1706,details
850,RM10438_Joint-Schedule-5-Corporate-Social-Responsibility-v10--20250626-1540,details
851,RM10438_Joint-Schedule-5-Corporate-Social-Responsibility-v10--20250626-1541,details
852,RM10438_Joint-Schedule-7-Financial-Difficulties-v10--20250626-1559,details
853,RM10438_Joint-Schedule-7-Financial-Difficulties-v10--20250626-1570,details
854,RM10438_Joint-Schedule-8-Guarantee-v10--20250626-1583,details
855,RM10438_Joint-Schedule-8-Guarantee-v10--20250626-1610,details
856,RM10438_Joint-Schedule-8-Guarantee-v10--20250626-1615,details
857,RM10438_Joint-Schedule-1-Definitions-v10--20250626-1313,details
858,RM10438_Joint-Schedule-1-Definitions-v10--20250626-1319,details
859,RM10438_Joint-Schedule-1-Definitions-v10--20250626-1328,details
860,RM10438_Joint-Schedule-1-Definitions-v10--20250626-1350,details
861,RM10438_Joint-Schedule-1-Definitions-v10--20250626-1359,details
862,RM10438_Joint-Schedule-1-Definitions-v10--20250626-1406,details
863,RM10438_Joint-Schedule-1-Definitions-v10--20250626-1407,details
864,RM6098-Buyer-guide-v81_1--20250626-1821,details
865,RM6098-Call-Off-Schedule-10-Exit-Management-v20--20250626-1850,details
866,RM6098-Call-Off-Schedule-10-Exit-Management-v20--20250626-1851,details
867,RM6098-Call-Off-Schedule-10-Exit-Management-v20--20250626-1856,details
868,RM6098-Call-Off-Schedule-10-Exit-Management-v20--20250626-1859,details
869,RM6098-Call-Off-Schedule-10-Exit-Management-v20--20250626-1863,details
870,RM6098-Call-Off-Schedule-10-Exit-Management-v20--20250626-1865,details
871,RM6098-Call-Off-Schedule-12-Clustering-v10--20250626-1883,details
872,RM6098-Call-Off-Schedule-13-Implementation-Plan-and-Testing-v10--20250626-1899,details
873,RM6098-Call-Off-Schedule-13-Implementation-Plan-and-Testing-v10--20250626-1913,details
874,RM6098-Call-Off-Schedule-13-Implementation-Plan-and-Testing-v10--20250626-1915,details
875,RM6098-Call-Off-Schedule-2-Staff-Transfer-v10-1--20250626-2035,details
876,RM6098-Call-Off-Schedule-2-Staff-Transfer-v10-1--20250626-2042,details
877,RM6098-Call-Off-Schedule-2-Staff-Transfer-v10-1--20250626-2054,details
878,RM6098-Call-Off-Schedule-2-Staff-Transfer-v10-1--20250626-2059,details
879,RM6098-Call-Off-Schedule-2-Staff-Transfer-v10-1--20250626-2063,details
880,RM6098-Call-Off-Schedule-2-Staff-Transfer-v10-1--20250626-2091,details
881,RM6098-Call-Off-Schedule-2-Staff-Transfer-v10-1--20250626-2111,details
882,RM6098-Buyer-guidance-to-the-public-sector-contract-v41_1--20250626-1718,details
883,RM6098-Buyer-guidance-to-the-public-sector-contract-v41_1--20250626-1728,details
884,RM6098-Buyer-guide-v81_1--20250626-1768,details
885,RM6098-Buyer-guide-v81_1--20250626-1777,details
886,RM6098-Buyer-guide-v81_1--20250626-1789,details
887,RM6098-Buyer-guide-v81_1--20250626-1807,details
888,RM6098-Call-Off-Schedule-14-Service-Levels-v10--20250626-1958,details
889,RM6098-Call-Off-Schedule-2-Staff-Transfer-v10-1--20250626-2011,details
890,RM6098-Call-Off-Schedule-22-Lease-Terms-OPERATIONAL-LEASE-v11--20250626-2437,details
891,RM6098-Call-Off-Schedule-22-Lease-Terms-OPERATIONAL-LEASE-v11--20250626-2445,details
892,RM6098-Call-Off-Schedule-22-Lease-Terms-OPERATIONAL-LEASE-v11--20250626-2456,details
893,RM6098-Call-Off-Schedule-22-Lease-Terms-OPERATIONAL-LEASE-v11--20250626-2459,details
894,RM6098-Call-Off-Schedule-22-Lease-Terms-OPERATIONAL-LEASE-v11--20250626-2461,details
895,RM6098-Call-Off-Schedule-22-Lease-Terms-v21--20250626-2486,details
896,RM6098-Call-Off-Schedule-22-Lease-Terms-v21--20250626-2513,details
897,RM6098-Call-Off-Schedule-22-Lease-Terms-v21--20250626-2517,details
898,RM6098-Call-Off-Schedule-22-Lease-Terms-FINANCIAL-LEASE-v11--20250626-2246,details
899,RM6098-Call-Off-Schedule-22-Lease-Terms-FINANCIAL-LEASE-v11--20250626-2258,details
900,RM6098-Call-Off-Schedule-22-Lease-Terms-FINANCIAL-LEASE-v11--20250626-2270,details
901,RM6098-Call-Off-Schedule-22-Lease-Terms-FINANCIAL-LEASE-v11--20250626-2279,details
902,RM6098-Call-Off-Schedule-22-Lease-Terms-FINANCIAL-LEASE-v11--20250626-2304,details
903,RM6098-Call-Off-Schedule-22-Lease-Terms-FINANCIAL-LEASE-v11--20250626-2347,details
904,RM6098-Call-Off-Schedule-22-Lease-Terms-OPERATIONAL-LEASE-v11--20250626-2361,details
905,RM6098-Call-Off-Schedule-22-Lease-Terms-OPERATIONAL-LEASE-v11--20250626-2391,details
906,RM6098-Call-Off-Schedule-22-Lease-Terms-OPERATIONAL-LEASE-v11--20250626-2395,details
907,RM6098-Call-Off-Schedule-22-Lease-Terms-OPERATIONAL-LEASE-v11--20250626-2403,details
908,RM6098-Call-Off-Schedule-2-Staff-Transfer-v10-1--20250626-2141,details
909,RM6098-Call-Off-Schedule-2-Staff-Transfer-v10-1--20250626-2153,details
910,RM6098-Call-Off-Schedule-2-Staff-Transfer-v10-1--20250626-2169,details
911,RM6098-Call-Off-Schedule-4-Call-Off-Tender-v10--20250626-2631,details
912,RM6098-Call-Off-Schedule-6-Annex-E-As-a-Service-additional-terms-v20--20250626-2640,details
913,RM6098-Call-Off-Schedule-6-Annex-E-As-a-Service-additional-terms-v20--20250626-2651,details
914,RM6098-Call-Off-Schedule-6-Annex-E-As-a-Service-additional-terms-v20--20250626-2656,details
915,RM6098-Call-Off-Schedule-6-Annex-E-As-a-Service-additional-terms-v20--20250626-2658,details
916,RM6098-Call-Off-Schedule-6-Annex-E-As-a-Service-additional-terms-v20--20250626-2663,details
917,RM6098-Call-Off-Schedule-6-Annex-E-As-a-Service-additional-terms-v20--20250626-2690,details
918,RM6098-Call-Off-Schedule-6-Annex-E-As-a-Service-additional-terms-v20--20250626-2703,details
919,RM6098-Call-Off-Schedule-6-Annex-E-As-a-Service-additional-terms-v20--20250626-2708,details
920,RM6098-Call-Off-Schedule-6-Annex-E-As-a-Service-additional-terms-v20--20250626-2725,details
921,RM6098-Call-Off-Schedule-6-Annex-E-As-a-Service-additional-terms-v20--20250626-2726,details
922,RM6098-Call-Off-Schedule-6-Annex-E-As-a-Service-additional-terms-v20--20250626-2739,details
923,RM6098-Call-Off-Schedule-6-Annex-E-As-a-Service-additional-terms-v20--20250626-2742,details
924,RM6098-Call-Off-Schedule-6-ICT-Services-v20-1--20250626-2791,details
925,RM6098-Call-Off-Schedule-6-ICT-Services-v20-1--20250626-2796,details
926,RM6098-Call-Off-Schedule-6-ICT-Services-v20-1--20250626-2799,details
927,RM6098-Call-Off-Schedule-7-Key-Supplier-Staff-v10--20250626-2806,details
928,RM6098-Call-Off-Schedule-8-Business-Continuity-and-Disaster-Recovery-v10--20250626-2811,details
929,RM6098-Call-Off-Schedule-8-Business-Continuity-and-Disaster-Recovery-v10--20250626-2827,details
930,RM6098-Call-Off-Schedule-8-Business-Continuity-and-Disaster-Recovery-v10--20250626-2839,details
931,RM6098-Call-Off-Schedule-8-Business-Continuity-and-Disaster-Recovery-v10--20250626-2859,details
932,RM6098-Call-Off-Schedule-8-Business-Continuity-and-Disaster-Recovery-v10--20250626-2861,details
933,RM6098-Call-Off-Schedule-8-Business-Continuity-and-Disaster-Recovery-v10--20250626-2867,details
934,RM6098-Call-Off-Schedule-9-Security-v10--20250626-2892,details
935,RM6098-Call-Off-Schedule-9-Security-v10--20250626-2901,details
936,RM6098-Call-Off-Schedule-9-Security-v10--20250626-2915,details
937,RM6098-Call-Off-Schedule-22-Lease-Terms-v21--20250626-2531,details
938,RM6098-Call-Off-Schedule-22-Lease-Terms-v21--20250626-2536,details
939,RM6098-Call-Off-Schedule-22-Lease-Terms-v21--20250626-2556,details
940,RM6098-Call-Off-Schedule-22-Lease-Terms-v21--20250626-2569,details
941,RM6098-Call-Off-Schedule-22-Lease-Terms-v21--20250626-2599,details
942,RM6098-Call-Off-Schedule-23-HMRC-Terms-v10--20250626-2606,details
943,RM6098-Call-Off-Schedule-23-HMRC-Terms-v10--20250626-2618,details
944,RM6098-Core-terms-v3011-1--20250626-3043,details
945,RM6098-Core-terms-v3011-1--20250626-3044,details
946,RM6098-Core-terms-v3011-1--20250626-3047,details
947,RM6098-Core-terms-v3011-1--20250626-3067,details
948,RM6098-Core-terms-v3011-1--20250626-3074,details
949,RM6098-Core-terms-v3011-1--20250626-3080,details
950,RM6098-Core-terms-v3011-1--20250626-3084,details
951,RM6098-Core-terms-v3011-1--20250626-3087,details
952,RM6098-Core-terms-v3011-1--20250626-3100,details
953,RM6098-Core-terms-v3011-1--20250626-3103,details
954,RM6098-Core-terms-v3011-1--20250626-3106,details
955,RM6098-Direct-Award-procedure-overview-v61_2--20250626-3116,details
956,RM6098-Direct-Award-procedure-overview-v61_2--20250626-3119,details
957,RM6098-Expression-of-interest-template-v2--20250626-3122,details
958,RM6098-Framework-Award-Form-v20--20250626-3148,details
959,RM6098-Framework-Award-Form-v20--20250626-3163,details
960,RM6098-Framework-Award-Form-v20--20250626-3165,details
961,RM6098-Framework-Award-Form-v20--20250626-3167,details
962,RM6098-Framework-Award-Form-v20--20250626-3172,details
963,RM6098-Framework-schedule-1-specification-v41--20250626-3179,details
964,RM6098-Framework-schedule-1-specification-v41--20250626-3180,details
965,RM6098-Framework-schedule-1-specification-v41--20250626-3204,details
966,RM6098-Framework-schedule-1-specification-v41--20250626-3207,details
967,RM6098-Framework-schedule-1-specification-v41--20250626-3216,details
968,RM6098-Framework-schedule-1-specification-v41--20250626-3217,details
969,RM6098-Framework-schedule-1-specification-v41--20250626-3226,details
970,RM6098-Framework-schedule-1-specification-v41--20250626-3227,details
971,RM6098-Framework-schedule-1-specification-v41--20250626-3234,details
972,RM6098-Framework-schedule-1-specification-v41--20250626-3238,details
973,RM6098-Framework-schedule-1-specification-v41--20250626-3258,details
974,RM6098-Framework-schedule-1-specification-v41--20250626-3269,details
975,RM6098-Framework-schedule-1-specification-v41--20250626-3270,details
976,RM6098-Framework-schedule-1-specification-v41--20250626-3277,details
977,RM6098-Framework-Schedule-4-Framework-Management-v20--20250626-3291,details
978,RM6098-Call-Off-Schedule-9-Security-v10--20250626-2929,details
979,RM6098-Call-Off-Schedule-9-Security-v10--20250626-2955,details
980,RM6098-Case-studies-v5_2--20250626-2973,details
981,RM6098-Case-studies-v5_2--20250626-2979,details
982,RM6098-Case-studies-v5_2--20250626-3006,details
983,RM6098-Core-terms-v3011-1--20250626-3013,details
984,RM6098-Joint-Schedule-1-Definitions-v10--20250626-3471,details
985,RM6098-Joint-Schedule-11-processing-data-v20--20250626-3477,details
986,RM6098-Joint-Schedule-11-processing-data-v20--20250626-3491,details
987,RM6098-Joint-Schedule-11-processing-data-v20--20250626-3493,details
988,RM6098-Joint-Schedule-11-processing-data-v20--20250626-3504,details
989,RM6098-Joint-Schedule-11-processing-data-v20--20250626-3506,details
990,RM6098-Joint-Schedule-11-processing-data-v20--20250626-3513,details
991,RM6098-Joint-Schedule-11-processing-data-v20--20250626-3516,details
992,RM6098-Joint-Schedule-11-processing-data-v20--20250626-3517,details
993,RM6098-Joint-Schedule-11-processing-data-v20--20250626-3531,details
994,RM6098-Joint-Schedule-11-processing-data-v20--20250626-3541,details
995,RM6098-Joint-Schedule-11-processing-data-v20--20250626-3553,details
996,RM6098-Joint-Schedule-3-Insurance-Requirements-v10--20250626-3597,details
997,RM6098-Joint-Schedule-3-Insurance-Requirements-v10--20250626-3605,details
998,RM6098-Joint-Schedule-5-Corporate-Social-Responsibility-v30-1--20250626-3618,details
999,RM6098-Joint-Schedule-6-Key-Subcontractors-v10--20250626-3631,details
1000,RM6098-Framework-schedule-6-order-form-template-and-call-off-schedules-v31--20250626-3339,details
1001,RM6098-Framework-Schedule-7-Call-Off-Award-Procedure-v2--20250626-3382,details
1002,RM6098-Framework-Schedule-7-Call-Off-Award-Procedure-v2--20250626-3385,details
1003,RM6098-Invitation-to-tender-template-v3--20250626-3418,details
1004,RM6098-Joint-Schedule-7-Financial-Difficulties-v34--20250626-3647,details
1005,RM6098-Joint-Schedule-7-Financial-Difficulties-v34--20250626-3669,details
1006,RM6098-Joint-Schedule-7-Financial-Difficulties-v34--20250626-3685,details
1007,RM6098-Joint-Schedule-7-Financial-Difficulties-v34--20250626-3692,details
1008,RM6098-Model-Contract-Pack-v3--20250626-3865,details
1009,RM6098-Model-Contract-Pack-v3--20250626-3877,details
1010,RM6098-Model-Contract-Pack-v3--20250626-3894,details
1011,RM6098-Model-Contract-Pack-v3--20250626-3897,details
1012,RM6098-Model-Contract-Pack-v3--20250626-3899,details
1013,RM6098-Model-Contract-Pack-v3--20250626-3905,details
1014,RM6098-Model-Contract-Pack-v3--20250626-3908,details
1015,RM6098-Model-Contract-Pack-v3--20250626-3923,details
1016,RM6098-Model-Contract-Pack-v3--20250626-3926,details
1017,RM6098-Model-Contract-Pack-v3--20250626-3929,details
1018,RM6098-Model-Contract-Pack-v3--20250626-4045,details
1019,RM6098-Model-Contract-Pack-v3--20250626-4069,details
1020,RM6098-Model-Contract-Pack-v3--20250626-4084,details
1021,RM6098-Model-Contract-Pack-v3--20250626-4119,details
1022,RM6098-Model-Contract-Pack-v3--20250626-4120,details
1023,RM6098-Model-Contract-Pack-v3--20250626-4130,details
1024,RM6098-Model-Contract-Pack-v3--20250626-4139,details
1025,RM6098-Model-Contract-Pack-v3--20250626-3946,details
1026,RM6098-Model-Contract-Pack-v3--20250626-3982,details
1027,RM6098-Model-Contract-Pack-v3--20250626-3991,details
1028,RM6098-Model-Contract-Pack-v3--20250626-4010,details
1029,RM6098-Model-Contract-Pack-v3--20250626-4028,details
1030,RM6098-Model-Contract-Pack-v3--20250626-4029,details
1031,RM6098-Joint-Schedule-8-Guarantee-for-PSC-v10--20250626-3742,details
1032,RM6098-Leasing-tech-hardware-best-practice-process-v28-1--20250626-3776,details
1033,RM6098-Leasing-tech-hardware-best-practice-process-v28-1--20250626-3782,details
1034,RM6098-Leasing-tech-hardware-best-practice-process-v28-1--20250626-3784,details
1035,RM6098-Leasing-tech-hardware-best-practice-process-v28-1--20250626-3791,details
1036,RM6098-Leasing-tech-hardware-best-practice-process-v28-1--20250626-3801,details
1037,RM6116-Call-Off-Schedule-11-Installation-Works-vFinal--20250626-4361,details
1038,RM6116-Call-Off-Schedule-13-Implementation-Plan-and-Testing-v11--20250626-4383,details
1039,RM6116-Call-Off-Schedule-13-Implementation-Plan-and-Testing-v11--20250626-4387,details
1040,RM6116-Call-Off-Schedule-13-Implementation-Plan-and-Testing-v11--20250626-4396,details
1041,RM6116-Call-Off-Schedule-13-Implementation-Plan-and-Testing-v11--20250626-4410,details
1042,RM6116-Call-Off-Schedule-13-Implementation-Plan-and-Testing-v11--20250626-4412,details
1043,RM6116-Call-Off-Schedule-13-Implementation-Plan-and-Testing-v11--20250626-4416,details
1044,RM6116-Call-Off-Schedule-13-Implementation-Plan-and-Testing-v11--20250626-4425,details
1045,RM6116-Call-Off-Schedule-13-Implementation-Plan-and-Testing-v11--20250626-4426,details
1046,RM6116-Call-Off-Schedule-14-Service-Levels-vFinal11--20250626-4434,details
1047,RM6116-Call-Off-Schedule-14-Service-Levels-vFinal11--20250626-4441,details
1048,RM6098-Model-Contract-Pack-v3--20250626-4145,details
1049,RM6098-Model-Contract-Pack-v3--20250626-4158,details
1050,RM6098-Model-Contract-Pack-v3--20250626-4186,details
1051,RM6098-Model-Contract-Pack-v3--20250626-4191,details
1052,RM6098-Model-Contract-Pack-v3--20250626-4193,details
1053,RM6098-Request-for-information-template-v21--20250626-4207,details
1054,RM6098-Request-for-information-template-v21--20250626-4209,details
1055,RM6098-Request-for-information-template-v21--20250626-4214,details
1056,RM6098-Supplier-outcome-letter-successful-v1_2--20250626-4219,details
1057,RM6116-Call-Off-Schedule-14-Service-Levels-vFinal11--20250626-4448,details
1058,RM6116-Call-Off-Schedule-14-Service-Levels-vFinal11--20250626-4457,details
1059,RM6116-Call-Off-Schedule-14-Service-Levels-vFinal11--20250626-4504,details
1060,RM6116-Call-Off-Schedule-16-Benchmarking-vFinal--20250626-4511,details
1061,RM6116-Call-Off-Schedule-16-Benchmarking-vFinal--20250626-4514,details
1062,RM6116-Call-Off-Schedule-16-Benchmarking-vFinal--20250626-4521,details
1063,RM6116-Call-Off-Schedule-16-Benchmarking-vFinal--20250626-4524,details
1064,RM6116-Buyer-guide-v12--20250626-4260,details
1065,RM6116-Buyer-guide-v12--20250626-4277,details
1066,RM6116-Buyer-guide-v12--20250626-4279,details
1067,RM6116-Buyer-guide-v12--20250626-4298,details
1068,RM6116-Buyer-guide-v12--20250626-4301,details
1069,RM6116-Buyer-guide-v12--20250626-4310,details
1070,RM6116-Call-Off-Schedule-2-Staff-Transfer-vFinal--20250626-4767,details
1071,RM6116-Call-Off-Schedule-2-Staff-Transfer-vFinal--20250626-4772,details
1072,RM6116-Call-Off-Schedule-2-Staff-Transfer-vFinal--20250626-4787,details
1073,RM6116-Call-Off-Schedule-2-Staff-Transfer-vFinal--20250626-4788,details
1074,RM6116-Call-Off-Schedule-2-Staff-Transfer-vFinal--20250626-4806,details
1075,RM6116-Call-Off-Schedule-21-Northern-Ireland-Law-vFinal--20250626-4810,details
1076,RM6116-Call-Off-Schedule-22-Lease-Terms-vFinal--20250626-4821,details
1077,RM6116-Call-Off-Schedule-22-Lease-Terms-vFinal--20250626-4823,details
1078,RM6116-Call-Off-Schedule-23-HMRC-Terms-v11--20250626-4838,details
1079,RM6116-Call-Off-Schedule-23-HMRC-Terms-v11--20250626-4841,details
1080,RM6116-Call-Off-Schedule-23-HMRC-Terms-v11--20250626-4847,details
1081,RM6116-Call-Off-Schedule-4-Call-Off-Tender-vFinal--20250626-4863,details
1082,RM6116-Call-Off-Schedule-6-ICT-Services-v11--20250626-4879,details
1083,RM6116-Call-Off-Schedule-6-ICT-Services-v11--20250626-4884,details
1084,RM6116-Call-Off-Schedule-6-ICT-Services-v11--20250626-4887,details
1085,RM6116-Call-Off-Schedule-6-ICT-Services-v11--20250626-4904,details
1086,RM6116-Call-Off-Schedule-7-Key-Supplier-Staff-vFinal--20250626-4912,details
1087,RM6116-Call-Off-Schedule-8-Business-Continuity-and-Disaster-Recovery-v11--20250626-4919,details
1088,RM6116-Call-Off-Schedule-8-Business-Continuity-and-Disaster-Recovery-v11--20250626-4924,details
1089,RM6116-Call-Off-Schedule-8-Business-Continuity-and-Disaster-Recovery-v11--20250626-4940,details
1090,RM6116-Call-Off-Schedule-8-Business-Continuity-and-Disaster-Recovery-v11--20250626-4944,details
1091,RM6116-Call-Off-Schedule-2-Staff-Transfer-vFinal--20250626-4650,details
1092,RM6116-Call-Off-Schedule-2-Staff-Transfer-vFinal--20250626-4653,details
1093,RM6116-Call-Off-Schedule-2-Staff-Transfer-vFinal--20250626-4670,details
1094,RM6116-Call-Off-Schedule-2-Staff-Transfer-vFinal--20250626-4680,details
1095,RM6116-Call-Off-Schedule-2-Staff-Transfer-vFinal--20250626-4682,details
1096,RM6116-Call-Off-Schedule-2-Staff-Transfer-vFinal--20250626-4690,details
1097,RM6116-Call-Off-Schedule-2-Staff-Transfer-vFinal--20250626-4692,details
1098,RM6116-Call-Off-Schedule-2-Staff-Transfer-vFinal--20250626-4708,details
1099,RM6116-Call-Off-Schedule-2-Staff-Transfer-vFinal--20250626-4734,details
1100,RM6116-Call-Off-Schedule-19-Scottish-Law-vFinal--20250626-4548,details
1101,RM6116-Call-Off-Schedule-19-Scottish-Law-vFinal--20250626-4549,details
1102,RM6116-Call-Off-Schedule-2-Staff-Transfer-vFinal--20250626-4563,details
1103,RM6116-Call-Off-Schedule-2-Staff-Transfer-vFinal--20250626-4580,details
1104,RM6116-Call-Off-Schedule-2-Staff-Transfer-vFinal--20250626-4602,details
1105,RM6116-Call-Off-Schedule-2-Staff-Transfer-vFinal--20250626-4616,details
1106,RM6116-Call-Off-Schedule-2-Staff-Transfer-vFinal--20250626-4631,details
1107,RM6116-Call-Off-Schedule-2-Staff-Transfer-vFinal--20250626-4639,details
1108,RM6116-Call-Off-Schedule-9-Security-vFinal--20250626-5056,details
1109,RM6116-Call-Off-Schedule-9-Security-vFinal--20250626-5070,details
1110,RM6116-Call-Off-Schedule-9-Security-vFinal--20250626-5075,details
1111,RM6116-Call-Off-Schedule-9-Security-vFinal--20250626-5079,details
1112,RM6116-Framework-Schedule-1-Specification-vFinal--20250626-5084,details
1113,RM6116-Framework-Schedule-1-Specification-vFinal--20250626-5091,details
1114,RM6116-Framework-Schedule-1-Specification-vFinal--20250626-5094,details
1115,RM6116-Framework-Schedule-1-Specification-vFinal--20250626-5097,details
1116,RM6116-Framework-Schedule-1-Specification-vFinal--20250626-5102,details
1117,RM6116-Framework-Schedule-1-Specification-vFinal--20250626-5103,details
1118,RM6116-Framework-Schedule-1-Specification-vFinal--20250626-5112,details
1119,RM6116-Framework-Schedule-1-Specification-vFinal--20250626-5124,details
1120,RM6116-Framework-Schedule-1-Specification-vFinal--20250626-5142,details
1121,RM6116-Framework-Schedule-1-Specification-vFinal--20250626-5146,details
1122,RM6116-Framework-Schedule-7-Call-Off-Award-Procedure-v10-2--20250626-5255,details
1123,RM6116-Framework-Schedule-7-Call-Off-Award-Procedure-v10-2--20250626-5265,details
1124,RM6116-Framework-Schedule-7-Call-Off-Award-Procedure-v10-2--20250626-5267,details
1125,RM6116-Framework-Schedule-7-Call-Off-Award-Procedure-v10-2--20250626-5282,details
1126,RM6116-Framework-Schedule-7-Call-Off-Award-Procedure-v10-2--20250626-5285,details
1127,RM6116-Framework-Schedule-7-Call-Off-Award-Procedure-v10-2--20250626-5288,details
1128,RM6116-Framework-Schedule-7-Call-Off-Award-Procedure-v10-2--20250626-5291,details
1129,RM6116-Framework-Schedule-9-Cyber-Essentials-Scheme-vFinal--20250626-5298,details
1130,RM6116-Joint-Schedule-1-Definitions-vFinal--20250626-5308,details
1131,RM6116-Joint-Schedule-1-Definitions-vFinal--20250626-5313,details
1132,RM6116-Joint-Schedule-1-Definitions-vFinal--20250626-5333,details
1133,RM6116-Joint-Schedule-1-Definitions-vFinal--20250626-5335,details
1134,RM6116-Joint-Schedule-1-Definitions-vFinal--20250626-5351,details
1135,RM6116-Framework-Schedule-1-Specification-vFinal--20250626-5152,details
1136,RM6116-Framework-Schedule-2-Framework-Tender-vFinal--20250626-5154,details
1137,RM6116-Framework-Schedule-3-Framework-Prices-vFinal-11--20250626-5158,details
1138,RM6116-Framework-Schedule-3-Framework-Prices-vFinal-11--20250626-5167,details
1139,RM6116-Framework-Schedule-3-Framework-Prices-vFinal-11--20250626-5173,details
1140,RM6116-Framework-Schedule-3-Framework-Prices-vFinal-11--20250626-5186,details
1141,RM6116-Framework-Schedule-4-Framework-Management-vFinal--20250626-5208,details
1142,RM6116-Framework-Schedule-5-Management-Charges-and-Information-vFinal--20250626-5222,details
1143,RM6116-Framework-Schedule-6-Order-Form-Template-and-Call-Off-Schedules-vFinal11--20250626-5236,details
1144,RM6116-Framework-Schedule-6-Order-Form-Template-and-Call-Off-Schedules-vFinal11--20250626-5248,details
1145,RM6116-Call-Off-Schedule-8-Business-Continuity-and-Disaster-Recovery-v11--20250626-4950,details
1146,RM6116-Call-Off-Schedule-8-Business-Continuity-and-Disaster-Recovery-v11--20250626-4981,details
1147,RM6116-Call-Off-Schedule-9-Security-vFinal--20250626-5005,details
1148,RM6116-Call-Off-Schedule-9-Security-vFinal--20250626-5011,details
1149,RM6116-Call-Off-Schedule-9-Security-vFinal--20250626-5036,details
1150,RM6116-Call-Off-Schedule-9-Security-vFinal--20250626-5037,details
1151,RM6116-Call-Off-Schedule-9-Security-vFinal--20250626-5038,details
1152,RM6116-Joint-Schedule-7-Financial-Difficulties-v11docx--20250626-5659,details
1153,RM6116-Joint-Schedule-7-Financial-Difficulties-v11docx--20250626-5677,details
1154,RM6116-Joint-Schedule-7-Financial-Difficulties-v11docx--20250626-5680,details
1155,RM6116-Joint-Schedule-8-Guarantee-for-PSC-vFinal--20250626-5684,details
1156,RM6116-Joint-Schedule-8-Guarantee-for-PSC-vFinal--20250626-5695,details
1157,RM6116-NS3-Core-terms-v3011--20250626-5724,details
1158,RM6116-NS3-Core-terms-v3011--20250626-5726,details
1159,RM6116-NS3-Core-terms-v3011--20250626-5731,details
1160,RM6116-NS3-Core-terms-v3011--20250626-5734,details
1161,RM6116-NS3-Core-terms-v3011--20250626-5738,details
1162,RM6116-NS3-Core-terms-v3011--20250626-5742,details
1163,RM6116-NS3-Core-terms-v3011--20250626-5754,details
1164,RM6116-Joint-Schedule-5-Corporate-Social-Responsibility-vFinal--20250626-5556,details
1165,RM6116-Joint-Schedule-5-Corporate-Social-Responsibility-vFinal--20250626-5561,details
1166,RM6116-Joint-Schedule-5-Corporate-Social-Responsibility-vFinal--20250626-5569,details
1167,RM6116-Joint-Schedule-6-Key-Subcontractors-vFinal--20250626-5574,details
1168,RM6116-Joint-Schedule-7-Financial-Difficulties-v11docx--20250626-5600,details
1169,RM6116-Joint-Schedule-7-Financial-Difficulties-v11docx--20250626-5608,details
1170,RM6116-Joint-Schedule-7-Financial-Difficulties-v11docx--20250626-5623,details
1171,RM6116-Joint-Schedule-7-Financial-Difficulties-v11docx--20250626-5628,details
1172,RM6116-Joint-Schedule-7-Financial-Difficulties-v11docx--20250626-5631,details
1173,RM6116-Joint-Schedule-7-Financial-Difficulties-v11docx--20250626-5654,details
1174,RM6116-Joint-Schedule-1-Definitions-vFinal--20250626-5369,details
1175,RM6116-Joint-Schedule-1-Definitions-vFinal--20250626-5373,details
1176,RM6116-Joint-Schedule-1-Definitions-vFinal--20250626-5377,details
1177,RM6116-Joint-Schedule-1-Definitions-vFinal--20250626-5395,details
1178,RM6116-Joint-Schedule-1-Definitions-vFinal--20250626-5402,details
1179,RM6116-Joint-Schedule-1-Definitions-vFinal--20250626-5406,details
1180,RM6116-Joint-Schedule-1-Definitions-vFinal--20250626-5428,details
1181,RM6116-Joint-Schedule-11-Processing-Data-vFinal-1--20250626-5436,details
1182,RM6116-Joint-Schedule-11-Processing-Data-vFinal-1--20250626-5444,details
1183,RM6116-Joint-Schedule-11-Processing-Data-vFinal-1--20250626-5456,details
1184,RM6116-Joint-Schedule-11-Processing-Data-vFinal-1--20250626-5497,details
1185,RM6116-Joint-Schedule-3-Insurance-Requirements-vFinal--20250626-5527,details
1186,RM6116-Joint-Schedule-3-Insurance-Requirements-vFinal--20250626-5536,details
1187,RM6116-Joint-Schedule-3-Insurance-Requirements-vFinal--20250626-5537,details
1188,RM6116-Joint-Schedule-5-Corporate-Social-Responsibility-vFinal--20250626-5549,details
1189,RM6116-Joint-Schedule-5-Corporate-Social-Responsibility-vFinal--20250626-5552,details
1190,RM6116-Joint-Schedule-5-Corporate-Social-Responsibility-vFinal--20250626-5554,details
1191,RM6116_description--20250626-5858,details
1192,RM6116_Key-changes-from-NS2-to-NS3_V10docx--20250626-5882,details
1193,RM6116_Key-changes-from-NS2-to-NS3_V10docx--20250626-5883,details
1194,RM6187-Benchmarkingdocx--20250626-5895,details
1195,RM6187-Call-Off-Schedule-10_-Exit-Management---20250626-5905,details
1196,RM6187-Call-Off-Schedule-10_-Exit-Management---20250626-5914,details
1197,RM6187-Call-Off-Schedule-10_-Exit-Management---20250626-5915,details
1198,RM6187-Call-Off-Schedule-10_-Exit-Management---20250626-5917,details
1199,RM6187-Call-Off-Schedule-10_-Exit-Management---20250626-5941,details
1200,RM6187-Call-Off-Schedule-10_-Exit-Management---20250626-5944,details
1201,RM6116-NS3-Core-terms-v3011--20250626-5788,details
1202,RM6116-NS3-Core-terms-v3011--20250626-5790,details
1203,RM6116-NS3-Service-Offer-Guide-V3--20250626-5826,details
1204,RM6116-NS3-Service-Offer-Guide-V3--20250626-5827,details
1205,RM6116-NS3-Service-Offer-Guide-V3--20250626-5834,details
1206,RM6116-NS3-Service-Offer-Guide-V3--20250626-5835,details
1207,RM6116-Request-For-Information-template-v1-2--20250626-5848,details
1208,RM6187-Call-Off-Schedule-18_-Background-Checks---20250626-6087,details
1209,RM6187-Call-Off-Schedule-23_-HMRC-Schedule---20250626-6123,details
1210,RM6187-Call-Off-Schedule-23_-HMRC-Schedule---20250626-6126,details
1211,RM6187-Call-Off-Schedule-23_-HMRC-Schedule---20250626-6128,details
1212,RM6187-Call-Off-Schedule-23_-HMRC-Schedule---20250626-6142,details
1213,RM6187-Call-Off-Schedule-23_-HMRC-Schedule---20250626-6151,details
1214,RM6187-Call-Off-Schedule-13_-Implementation-Plan-and-Testing---20250626-5970,details
1215,RM6187-Call-Off-Schedule-13_-Implementation-Plan-and-Testing---20250626-5975,details
1216,RM6187-Call-Off-Schedule-14_-Service-Levels---20250626-6030,details
1217,RM6187-Call-Off-Schedule-14_-Service-Levels---20250626-6035,details
1218,RM6187-Call-Off-Schedule-14_-Service-Levels---20250626-6039,details
1219,RM6187-Core-Terms---20250626-6374,details
1220,RM6187-Core-Terms---20250626-6392,details
1221,RM6187-Core-Terms---20250626-6403,details
1222,RM6187-Core-Terms---20250626-6411,details
1223,RM6187-Core-Terms---20250626-6416,details
1224,RM6187-Core-Terms---20250626-6420,details
1225,RM6187-Core-Terms---20250626-6436,details
1226,RM6187-Core-Terms---20250626-6448,details
1227,RM6187-Core-Terms---20250626-6450,details
1228,RM6187-Core-Terms---20250626-6454,details
1229,RM6187-Core-Terms---20250626-6460,details
1230,RM6187-Call-Off-Schedule-6_-ICT-Services---20250626-6191,details
1231,RM6187-Call-Off-Schedule-6_-ICT-Services---20250626-6195,details
1232,RM6187-Call-Off-Schedule-6_-ICT-Services---20250626-6208,details
1233,RM6187-Call-Off-Schedule-7_-Key-Supplier-Staff---20250626-6220,details
1234,RM6187-Call-Off-Schedule-8_-Business-Continuity-and-Disaster-Recovery---20250626-6241,details
1235,RM6187-Call-Off-Schedule-8_-Business-Continuity-and-Disaster-Recovery---20250626-6247,details
1236,RM6187-Call-Off-Schedule-9_-Security---20250626-6259,details
1237,RM6187-Call-Off-Schedule-9_-Security---20250626-6260,details
1238,RM6187-Call-Off-Schedule-9_-Security---20250626-6282,details
1239,RM6187-Call-Off-Schedule-9_-Security---20250626-6309,details
1240,RM6187-Call-Off-Schedule-9_-Security---20250626-6317,details
1241,RM6187-Call-Off-Schedule-9_-Security---20250626-6326,details
1242,RM6187-Call-Off-Schedule-9_-Security---20250626-6333,details
1243,RM6187-Call-Off-Schedule-9_-Security---20250626-6335,details
1244,RM6187-Call-Off-Schedule-9_-Security---20250626-6343,details
1245,RM6187-Core-Terms---20250626-6356,details
1246,RM6187-Framework-Schedule-1_-Specification--20250626-6476,details
1247,RM6187-Framework-Schedule-3_-Framework-Prices---20250626-6486,details
1248,RM6187-Framework-Schedule-3_-Framework-Prices---20250626-6488,details
1249,RM6187-Framework-Schedule-3_-Framework-Prices---20250626-6492,details
1250,RM6187-Framework-Schedule-6_-Order-Form-and-Call-Off-Schedules-4--20250626-6549,details
1251,RM6187-Framework-Schedule-6_-Order-Form-and-Call-Off-Schedules-4--20250626-6562,details
1252,RM6187-Joint-Schedule-11_-Processing-Data---20250626-6670,details
1253,RM6187-Joint-Schedule-11_-Processing-Data---20250626-6686,details
1254,RM6187-Joint-Schedule-11_-Processing-Data---20250626-6690,details
1255,RM6187-Joint-Schedule-11_-Processing-Data---20250626-6700,details
1256,RM6187-Joint-Schedule-11_-Processing-Data---20250626-6709,details
1257,RM6187-Joint-Schedule-11_-Processing-Data---20250626-6714,details
1258,RM6187-Joint-Schedule-1_-Definitions---20250626-6751,details
1259,RM6187-Joint-Schedule-1_-Definitions---20250626-6763,details
1260,RM6187-Joint-Schedule-1_-Definitions---20250626-6876,details
1261,RM6187-Joint-Schedule-3_-Insurance-Requirements--20250626-6890,details
1262,RM6187-Joint-Schedule-3_-Insurance-Requirements--20250626-6899,details
1263,RM6187-Joint-Schedule-3_-Insurance-Requirements--20250626-6901,details
1264,RM6187-Joint-Schedule-7_-Financial-Difficulties-1--20250626-6947,details
1265,RM6187-Joint-Schedule-7_-Financial-Difficulties-1--20250626-6953,details
1266,RM6187-Joint-Schedule-8_-Guarantee---20250626-6960,details
1267,RM6187-Framework-Schedule-6_-Order-Form-and-Call-Off-Schedules-4--20250626-6571,details
1268,RM6187-Framework-Schedule-7_-Call-Off-Award-Procedure---20250626-6592,details
1269,RM6187-How-to-use-Contractual-Documents--1--20250626-6622,details
1270,RM6187-Joint-Schedule-10_-Rectification-Plan---20250626-6658,details
1271,RM6187-Joint-Schedule-1_-Definitions---20250626-6807,details
1272,RM6187-Joint-Schedule-1_-Definitions---20250626-6843,details
1273,RM6187-Joint-Schedule-1_-Definitions---20250626-6844,details
1274,RM6187-Joint-Schedule-1_-Definitions---20250626-6847,details
1275,RM6187-T5-Attachment-1-About-the-Procurement--20250626-7171,details
1276,RM6187-T5-Attachment-1-About-the-Procurement--20250626-7175,details
1277,RM6187-T5-Attachment-1-About-the-Procurement--20250626-7176,details
1278,RM6187-T5-Attachment-1-About-the-Procurement--20250626-7177,details
1279,RM6187-T5-Attachment-1-About-the-Procurement--20250626-7185,details
1280,RM6187-T6-Attachment-2-How-to-Bid-including-Evaluation-Criteria---20250626-7209,details
1281,RM6187-T6-Attachment-2-How-to-Bid-including-Evaluation-Criteria---20250626-7216,details
1282,RM6187-T9-Evaluator-Competency-Profile-1--20250626-7244,details
1283,DPS-Core-Terms-v103-1--20250626-7263,details
1284,DPS-Core-Terms-v103-1--20250626-7271,details
1285,RM6187-T2-Attachment-3-Statement-of-Requirements-docx--20250626-7072,details
1286,RM6187-T3-Non-Disclosure-Agreement-NDA--20250626-7074,details
1287,RM6187-T3-Non-Disclosure-Agreement-NDA--20250626-7096,details
1288,RM6187-T3-Non-Disclosure-Agreement-NDA--20250626-7102,details
1289,RM6187-T3-Non-Disclosure-Agreement-NDA--20250626-7143,details
1290,RM6187-T3-Non-Disclosure-Agreement-NDA--20250626-7147,details
1291,RM6187-T4-Request-for-Information---20250626-7155,details
1292,RM6187-T4-Request-for-Information---20250626-7156,details
1293,RM6187-T4-Request-for-Information---20250626-7161,details
1294,RM6187-Joint-Schedule-8_-Guarantee---20250626-6969,details
1295,RM6187-Joint-Schedule-8_-Guarantee---20250626-6982,details
1296,RM6187-Joint-Schedule-8_-Guarantee---20250626-6990,details
1297,RM6187-Joint-Schedule-8_-Guarantee---20250626-7004,details
1298,RM6187-Joint-Schedule-8_-Guarantee---20250626-7007,details
1299,RM6187-T1-Expression-of-Interest--20250626-7030,details
1300,RM6187-T1-Expression-of-Interest--20250626-7033,details
1301,RM6187-T11a-Award-Letter-1--20250626-7039,details
1302,RM6187-T11b-Unsuccessful-Letter-1--20250626-7052,details
1303,DPS-Core-Terms-v103-1--20250626-7286,details
1304,DPS-Core-Terms-v103-1--20250626-7302,details
1305,DPS-Core-Terms-v103-1--20250626-7348,details
1306,RM6264-Attachment-1-About-the-Procurement-v2--20250626-7366,details
1307,RM6264-Attachment-1-About-the-Procurement-v2--20250626-7372,details
1308,RM6264-DPS-Joint-Schedule-7-Financial-Difficulties-v10--20250626-7683,details
1309,RM6264-DPS-Joint-Schedule-7-Financial-Difficulties-v10--20250626-7687,details
1310,RM6264-DPS-Joint-Schedule-7-Financial-Difficulties-v10--20250626-7692,details
1311,RM6264-DPS-Joint-Schedule-8-Guarantee-v10--20250626-7699,details
1312,RM6264-DPS-Joint-Schedule-8-Guarantee-v10--20250626-7708,details
1313,RM6264-DPS-Joint-Schedule-8-Guarantee-v10--20250626-7711,details
1314,RM6264-DPS-Order-Schedule-10-Exit-Management-v10--20250626-7724,details
1315,RM6264-DPS-Order-Schedule-10-Exit-Management-v10--20250626-7737,details
1316,RM6264-DPS-Order-Schedule-10-Exit-Management-v10--20250626-7741,details
1317,RM6264-DPS-Order-Schedule-10-Exit-Management-v10--20250626-7742,details
1318,RM6264-DPS-Order-Schedule-10-Exit-Management-v10--20250626-7748,details
1319,RM6264-DPS-Order-Schedule-12-Clustering-v10--20250626-7763,details
1320,RM6264-DPS-Buyer-Guide-v30--20250626-7480,details
1321,RM6264-DPS-Buyer-Guide-v30--20250626-7483,details
1322,RM6264-DPS-Buyer-Guide-v30--20250626-7486,details
1323,RM6264-DPS-Buyer-Guide-v30--20250626-7487,details
1324,RM6264-DPS-Buyer-Guide-v30--20250626-7505,details
1325,RM6264-DPS-Joint-Schedule-1-Definitions-v10--20250626-7511,details
1326,RM6264-DPS-Joint-Schedule-1-Definitions-v10--20250626-7514,details
1327,RM6264-DPS-Joint-Schedule-11-Processing-Data-v10--20250626-7559,details
1328,RM6264-DPS-Joint-Schedule-11-Processing-Data-v10--20250626-7572,details
1329,RM6264-Attachment-1-About-the-Procurement-v2--20250626-7378,details
1330,RM6264-Attachment-2-How-to-Bid-v1--20250626-7400,details
1331,RM6264-Attachment-2-How-to-Bid-v1--20250626-7420,details
1332,RM6264-Attachment-2-How-to-Bid-v1--20250626-7427,details
1333,RM6264-Attachment-2-How-to-Bid-v1--20250626-7431,details
1334,RM6264-Contract-Award-Notification-v10--20250626-7447,details
1335,RM6264-Customer-user-agreement-v1--20250626-7449,details
1336,RM6264-DPS-Buyer-Guide-v30--20250626-7470,details
1337,RM6264-DPS-Joint-Schedule-12-Supply-Chain-Visibility-v10--20250626-7593,details
1338,RM6264-DPS-Joint-Schedule-3-Insurance-Requirements-v10--20250626-7608,details
1339,RM6264-DPS-Joint-Schedule-5-Corporate-Social-Responsibility-v10--20250626-7617,details
1340,RM6264-DPS-Joint-Schedule-5-Corporate-Social-Responsibility-v10--20250626-7620,details
1341,RM6264-DPS-Joint-Schedule-7-Financial-Difficulties-v10--20250626-7640,details
1342,RM6264-DPS-Joint-Schedule-7-Financial-Difficulties-v10--20250626-7659,details
1343,RM6264-DPS-Joint-Schedule-7-Financial-Difficulties-v10--20250626-7663,details
1344,RM6264-DPS-Order-Schedule-13-Implementation-Plan-and-Testing-v10--20250626-7783,details
1345,RM6264-DPS-Order-Schedule-13-Implementation-Plan-and-Testing-v10--20250626-7784,details
1346,RM6264-DPS-Order-Schedule-13-Implementation-Plan-and-Testing-v10--20250626-7793,details
1347,RM6264-DPS-Order-Schedule-13-Implementation-Plan-and-Testing-v10--20250626-7800,details
1348,RM6264-DPS-Order-Schedule-13-Implementation-Plan-and-Testing-v10--20250626-7813,details
1349,RM6264-DPS-Order-Schedule-13-Implementation-Plan-and-Testing-v10--20250626-7814,details
1350,RM6264-DPS-Order-Schedule-13-Implementation-Plan-and-Testing-v10--20250626-7817,details
1351,RM6264-DPS-Order-Schedule-14-Service-Levels-v10--20250626-7834,details
1352,RM6264-DPS-Order-Schedule-14-Service-Levels-v10--20250626-7837,details
1353,RM6264-DPS-Order-Schedule-14-Service-Levels-v10--20250626-7839,details
1354,RM6264-DPS-Order-Schedule-14-Service-Levels-v10--20250626-7841,details
1355,RM6264-DPS-Order-Schedule-15-Order-Contract-Management-v10--20250626-7851,details
1356,RM6264-DPS-Order-Schedule-15-Order-Contract-Management-v10--20250626-7852,details
1357,RM6264-DPS-Order-Schedule-16-Benchmarking-v10--20250626-7856,details
1358,RM6264-DPS-Order-Schedule-16-Benchmarking-v10--20250626-7863,details
1359,RM6264-DPS-Order-Schedule-16-Benchmarking-v10--20250626-7865,details
1360,RM6264-DPS-Order-Schedule-17-MOD-Terms-V10--20250626-7880,details
1361,RM6264-DPS-Order-Schedule-17-MOD-Terms-V10--20250626-7883,details
1362,RM6264-DPS-Order-Schedule-18-Background-Checks-v10--20250626-7886,details
1363,RM6264-DPS-Order-Schedule-19-Scottish-Law-v10--20250626-7893,details
1364,RM6264-DPS-Order-Schedule-2-Staff-Transfer-v10--20250626-7900,details
1365,RM6264-DPS-Order-Schedule-2-Staff-Transfer-v10--20250626-7905,details
1366,RM6264-DPS-Order-Schedule-2-Staff-Transfer-v10--20250626-7920,details
1367,RM6264-DPS-Order-Schedule-2-Staff-Transfer-v10--20250626-7922,details
1368,RM6264-DPS-Order-Schedule-2-Staff-Transfer-v10--20250626-7931,details
1369,RM6264-DPS-Order-Schedule-2-Staff-Transfer-v10--20250626-7936,details
1370,RM6264-DPS-Order-Schedule-2-Staff-Transfer-v10--20250626-7941,details
1371,RM6264-DPS-Order-Schedule-2-Staff-Transfer-v10--20250626-7953,details
1372,RM6264-DPS-Order-Schedule-2-Staff-Transfer-v10--20250626-7954,details
1373,RM6264-DPS-Order-Schedule-2-Staff-Transfer-v10--20250626-7968,details
1374,RM6264-DPS-Order-Schedule-2-Staff-Transfer-v10--20250626-7977,details
1375,RM6264-DPS-Order-Schedule-2-Staff-Transfer-v10--20250626-8082,details
1376,RM6264-DPS-Order-Schedule-2-Staff-Transfer-v10--20250626-8087,details
1377,RM6264-DPS-Order-Schedule-2-Staff-Transfer-v10--20250626-8103,details
1378,RM6264-DPS-Order-Schedule-22-Lease-Terms-v10--20250626-8117,details
1379,RM6264-DPS-Order-Schedule-22-Lease-Terms-v10--20250626-8119,details
1380,RM6264-DPS-Order-Schedule-23-HMRC-v10--20250626-8126,details
1381,RM6264-DPS-Order-Schedule-25-Billable-Works-and-Projects-v10--20250626-8173,details
1382,RM6264-DPS-Order-Schedule-2-Staff-Transfer-v10--20250626-7986,details
1383,RM6264-DPS-Order-Schedule-2-Staff-Transfer-v10--20250626-8013,details
1384,RM6264-DPS-Order-Schedule-2-Staff-Transfer-v10--20250626-8047,details
1385,RM6264-DPS-Order-Schedule-2-Staff-Transfer-v10--20250626-8073,details
1386,RM6264-DPS-Order-Schedule-2-Staff-Transfer-v10--20250626-8079,details
1387,RM6264-DPS-Order-Schedule-9-Security-v10--20250626-8396,details
1388,RM6264-DPS-Order-Schedule-9-Security-v10--20250626-8397,details
1389,RM6264-DPS-Order-Schedule-9-Security-v10--20250626-8404,details
1390,RM6264-DPS-Order-Schedule-9-Security-v10--20250626-8409,details
1391,RM6264-DPS-Schedule-1-Specification-v10--20250626-8431,details
1392,RM6264-DPS-Schedule-1-Specification-v10--20250626-8439,details
1393,RM6264-DPS-Schedule-1-Specification-v10--20250626-8452,details
1394,RM6264-DPS-Schedule-1-Specification-v10--20250626-8453,details
1395,RM6264-DPS-Schedule-1-Specification-v10--20250626-8472,details
1396,RM6264-DPS-Schedule-1-Specification-v10--20250626-8473,details
1397,RM6264-DPS-Schedule-1-Specification-v10--20250626-8476,details
1398,RM6264-DPS-Schedule-1-Specification-v10--20250626-8480,details
1399,RM6264-DPS-Schedule-1-Specification-v10--20250626-8482,details
1400,RM6264-DPS-Order-Schedule-27-Construction-Contracts-v10--20250626-8185,details
1401,RM6264-DPS-Order-Schedule-3-Continuous-Improvement-v10--20250626-8192,details
1402,RM6264-DPS-Order-Schedule-3-Continuous-Improvement-v10--20250626-8199,details
1403,RM6264-DPS-Order-Schedule-5-Pricing-Details-v10--20250626-8205,details
1404,RM6264-DPS-Order-Schedule-5-Pricing-Details-v10--20250626-8210,details
1405,RM6264-DPS-Order-Schedule-5-Pricing-Details-v10--20250626-8211,details
1406,RM6264-DPS-Order-Schedule-5-Pricing-Details-v10--20250626-8229,details
1407,RM6264-DPS-Order-Schedule-6-ICT-Services-v10--20250626-8245,details
1408,RM6264-DPS-Order-Schedule-8-Business-Continuity-and-Disaster-Recovery-v10--20250626-8275,details
1409,RM6264-DPS-Order-Schedule-8-Business-Continuity-and-Disaster-Recovery-v10--20250626-8288,details
1410,RM6264-DPS-Order-Schedule-8-Business-Continuity-and-Disaster-Recovery-v10--20250626-8293,details
1411,RM6264-DPS-Order-Schedule-8-Business-Continuity-and-Disaster-Recovery-v10--20250626-8300,details
1412,RM6264-DPS-Order-Schedule-9-Security-v10--20250626-8346,details
1413,RM6264-DPS-Order-Schedule-9-Security-v10--20250626-8374,details
1414,RM6264-DPS-Order-Schedule-9-Security-v10--20250626-8381,details
1415,RM6264-DPS-Schedule-1-Specification-v10--20250626-8493,details
1416,RM6264-DPS-Schedule-1-Specification-v10--20250626-8497,details
1417,RM6264-DPS-Schedule-1-Specification-v10--20250626-8513,details
1418,RM6264-DPS-Schedule-1-Specification-v10--20250626-8517,details
1419,RM6264-DPS-Schedule-1-Specification-v10--20250626-8591,details
1420,RM6264-DPS-Schedule-1-Specification-v10--20250626-8596,details
1421,RM6264-DPS-Schedule-1-Specification-v10--20250626-8599,details
1422,RM6264-DPS-Schedule-1-Specification-v10--20250626-8605,details
1423,RM6264-DPS-Schedule-1-Specification-v10--20250626-8606,details
1424,RM6264-DPS-Schedule-1-Specification-v10--20250626-8624,details
1425,RM6264-DPS-Schedule-1-Specification-v10--20250626-8632,details
1426,RM6264-DPS-Schedule-1-Specification-v10--20250626-8647,details
1427,RM6264-DPS-Schedule-1-Specification-v10--20250626-8648,details
1428,RM6264-DPS-Schedule-1-Specification-v10--20250626-8655,details
1429,RM6264-DPS-Schedule-1-Specification-v10--20250626-8658,details
1430,RM6264-DPS-Schedule-1-Specification-v10--20250626-8663,details
1431,RM6264-DPS-Schedule-1-Specification-v10--20250626-8668,details
1432,RM6264-DPS-Schedule-1-Specification-v10--20250626-8669,details
1433,RM6264-DPS-Schedule-1-Specification-v10--20250626-8679,details
1434,RM6264-DPS-Schedule-1-Specification-v10--20250626-8696,details
1435,RM6264-DPS-Schedule-1-Specification-v10--20250626-8702,details
1436,RM6264-DPS-Schedule-1-Specification-v10--20250626-8706,details
1437,RM6264-DPS-Schedule-1-Specification-v10--20250626-8710,details
1438,RM6264-DPS-Schedule-1-Specification-v10--20250626-8714,details
1439,RM6264-DPS-Schedule-4-DPS-Management-v10-1--20250626-8732,details
1440,RM6264-DPS-Schedule-4-DPS-Management-v10-1--20250626-8736,details
1441,RM6264-DPS-Schedule-4-DPS-Management-v10-1--20250626-8740,details
1442,RM6264-DPS-Schedule-4-DPS-Management-v10-1--20250626-8741,details
1443,RM6264-DPS-Schedule-5-Management-Levy-and-Information-v10-1--20250626-8749,details
1444,RM6264-DPS-Schedule-6-Order-form-template-and-order-schedules-v10--20250626-8771,details
1445,Help_end_modern_slavery_with_your_buying_decisions--20250626-8895,startup
1446,How_to_buy_through_Contract_Award_Service--20250626-8900,startup
1447,How_to_supply_through_Crown_Commercial_Service--20250626-8911,startup
1448,How_to_supply_through_Crown_Commercial_Service--20250626-8918,startup
1449,How_to_write_a_winning_bid_a_supplier_guide_to_successful_tender_responses--20250626-8930,startup
1450,How_to_write_a_winning_bid_a_supplier_guide_to_successful_tender_responses--20250626-8934,startup
1451,What_is_social_value--20250626-8947,startup
1452,Research__Insights--20250626-8973,recommendation
1453,Estate_Management_Services--20250626-8980,recommendation
1454,RM6264-DPS-Schedule-7-Order-Procedure-v10--20250626-8788,details
1455,RM6264-DPS-Schedule-7-Order-Procedure-v10--20250626-8794,details
1456,RM6264-DPS-Schedule-7-Order-Procedure-v10--20250626-8797,details
1457,RM6264-Supplier-Outcome-Letter-Unsuccessful-v10--20250626-8832,details
1458,RM6264-Supplier-Outcome-Letter-Unsuccessful-v10--20250626-8834,details
1459,Become_a_supplier_on_a_Crown_Commercial_Service_framework_agreement--20250626-8836,startup
1460,Become_a_supplier_on_a_Crown_Commercial_Service_framework_agreement--20250626-8842,startup
1461,Buying_through_commercial_agreements--20250626-8860,startup
1462,Helping_your_carbon_net_zero_CNZ_journey--20250626-8874,startup
1463,Fuel_Cards_and_Associated_Services_VI--20250626-8991,recommendation
1464,Tail_Spend_Solution--20250626-8997,recommendation
1465,doc_ProCure_23_P23--20250626-9023,recommendation
1466,Water_Wastewater_and_Ancillary_Services_3--20250626-9046,recommendation
1467,Apprenticeship_Training_Dynamic_Marketplace--20250626-9076,recommendation
1468,Building_Materials_and_Equipment--20250626-9086,recommendation
1469,Management_Consultancy_Framework_Three_MCF3--20250626-9101,recommendation
1470,Debt_Resolution_Services--20250626-9112,recommendation
1471,Public_Sector_Legal_Services--20250626-9118,recommendation
1472,Employee_Benefits_and_Services--20250626-9135,recommendation
1473,eDisclosure_and_Review_Services_2--20250626-9167,recommendation
1474,Digital_Outcomes_6--20250626-9179,details
1475,RM10438_Call-Off-Schedule-2-Staff-Transfer-v10--20250626-404,details
1476,RM10438_Call-Off-Schedule-2-Staff-Transfer-v10--20250626-410,details
1477,RM10438_Call-Off-Schedule-2-Staff-Transfer-v10--20250626-428,details
1478,RM10438_Call-Off-Schedule-2-Staff-Transfer-v10--20250626-440,details
1479,RM10438_Call-Off-Schedule-2-Staff-Transfer-v10--20250626-454,details
1480,RM10438_Call-Off-Schedule-2-Staff-Transfer-v10--20250626-468,details
1481,RM10438_Call-Off-Schedule-2-Staff-Transfer-v10--20250626-470,details
1482,RM10438_Call-Off-Schedule-2-Staff-Transfer-v10--20250626-478,details
1483,RM10438_Call-Off-Schedule-2-Staff-Transfer-v10--20250626-483,details
1484,RM10438_Call-Off-Schedule-2-Staff-Transfer-v10--20250626-484,details
1485,RM10438_Call-Off-Schedule-2-Staff-Transfer-v10--20250626-490,details
1486,RM10438_Call-Off-Schedule-2-Staff-Transfer-v10--20250626-497,details
1487,RM10438_Call-Off-Schedule-2-Staff-Transfer-v10--20250626-498,details
1488,RM10438_Call-Off-Schedule-10-Exit-Management-v10--20250626-109,details
1489,RM10438_Call-Off-Schedule-10-Exit-Management-v10--20250626-128,details
1490,RM10438_Call-Off-Schedule-10-Exit-Management-v10--20250626-130,details
1491,RM10438_Call-Off-Schedule-10-Exit-Management-v10--20250626-131,details
1492,RM10438_Call-Off-Schedule-10-Exit-Management-v10--20250626-137,details
1493,RM10438_Call-Off-Schedule-12-Clustering-v10--20250626-146,details
1494,RM10438_Call-Off-Schedule-13-Implementation-Plan-and-Testing-v10--20250626-163,details
1495,RM10438_Call-Off-Schedule-13-Implementation-Plan-and-Testing-v10--20250626-187,details
1496,RM10438_Call-Off-Schedule-13-Implementation-Plan-and-Testing-v10--20250626-194,details
1497,RM10438_Call-Off-Schedule-13-Implementation-Plan-and-Testing-v10--20250626-196,details
1498,RM10438_Call-Off-Schedule-19-Scottish-Law-v10--20250626-317,details
1499,RM10438_Call-Off-Schedule-19-Scottish-Law-v10--20250626-320,details
1500,RM10438_Call-Off-Schedule-2-Staff-Transfer-v10--20250626-328,details
1501,RM10438_Call-Off-Schedule-2-Staff-Transfer-v10--20250626-347,details
1502,RM10438_Call-Off-Schedule-2-Staff-Transfer-v10--20250626-365,details
1503,RM10438_Call-Off-Schedule-2-Staff-Transfer-v10--20250626-367,details
1504,RM10438_Call-Off-Schedule-2-Staff-Transfer-v10--20250626-368,details
1505,RM10438_Call-Off-Schedule-2-Staff-Transfer-v10--20250626-370,details
1506,RM10438_Call-Off-Schedule-2-Staff-Transfer-v10--20250626-371,details
1507,RM10438_Call-Off-Schedule-14-Service-Levels-and-Balanced-Scorecard-v10--20250626-230,details
1508,RM10438_Call-Off-Schedule-14-Service-Levels-and-Balanced-Scorecard-v10--20250626-232,details
1509,RM10438_Call-Off-Schedule-14-Service-Levels-and-Balanced-Scorecard-v10--20250626-245,details
1510,RM10438_Call-Off-Schedule-15-Call-Off-Contract-Management-v10--20250626-272,details
1511,RM10438_Call-Off-Schedule-16-Benchmarking-v10--20250626-284,details
1512,RM10438_Call-Off-Schedule-16-Benchmarking-v10--20250626-286,details
1513,RM10438_Call-Off-Schedule-17-MOD-Terms-v10--20250626-294,details
1514,RM10438_Call-Off-Schedule-17-MOD-Terms-v10--20250626-301,details
1515,RM10438-DOS-6-Buyer-Guide-v11--20250626-28,details
1516,RM10438-DOS-6-Buyer-Guide-v11--20250626-34,details
1517,RM10438-DOS-6-Buyer-Guide-v11--20250626-41,details
1518,RM10438-DOS-6-Buyer-Guide-v11--20250626-57,details
1519,RM10438-DOS-6-Buyer-Guide-v11--20250626-66,details
1520,RM10438-key-changes-DOS5-to-DOS6--20250626-92,details
1521,RM10438_Call-Off-Schedule-23-HMRC-Terms-v10--20250626-608,details
1522,RM10438_Call-Off-Schedule-23-HMRC-Terms-v10--20250626-629,details
1523,RM10438_Call-Off-Schedule-23-HMRC-Terms-v10--20250626-635,details
1524,RM10438_Call-Off-Schedule-23-HMRC-Terms-v10--20250626-639,details
1525,RM10438_Call-Off-Schedule-25-Ethical-Walls-Agreement-v20--20250626-657,details
1526,RM10438_Call-Off-Schedule-25-Ethical-Walls-Agreement-v20--20250626-660,details
1527,RM10438_Call-Off-Schedule-25-Ethical-Walls-Agreement-v20--20250626-666,details
1528,RM10438_Call-Off-Schedule-25-Ethical-Walls-Agreement-v20--20250626-681,details
1529,RM10438_Call-Off-Schedule-25-Ethical-Walls-Agreement-v20--20250626-682,details
1530,RM10438_Call-Off-Schedule-25-Ethical-Walls-Agreement-v20--20250626-685,details
1531,RM10438_Call-Off-Schedule-25-Ethical-Walls-Agreement-v20--20250626-691,details
1532,RM10438_Call-Off-Schedule-25-Ethical-Walls-Agreement-v20--20250626-692,details
1533,RM10438_Call-Off-Schedule-9-Security-v20--20250626-813,details
1534,RM10438_Call-Off-Schedule-9-Security-v20--20250626-835,details
1535,RM10438_Call-Off-Schedule-9-Security-v20--20250626-857,details
1536,RM10438_Call-Off-Schedule-9-Security-v20--20250626-861,details
1537,RM10438_Call-Off-Schedule-9-Security-v20--20250626-867,details
1538,RM10438_Call-Off-Schedule-9-Security-v20--20250626-884,details
1539,RM10438_Call-Off-Schedule-9-Security-v20--20250626-887,details
1540,RM10438_Call-Off-Schedule-9-Security-v20--20250626-895,details
1541,RM10438_Call-Off-Schedule-9-Security-v20--20250626-903,details
1542,RM10438_Call-Off-Schedule-9-Security-v20--20250626-904,details
1543,RM10438_Call-Off-Schedule-6-Intellectual-Property-Rights-and-Additional-Terms-on-Digital-Deliverables-v10--20250626-724,details
1544,RM10438_Call-Off-Schedule-6-Intellectual-Property-Rights-and-Additional-Terms-on-Digital-Deliverables-v10--20250626-757,details
1545,RM10438_Call-Off-Schedule-6-Intellectual-Property-Rights-and-Additional-Terms-on-Digital-Deliverables-v10--20250626-773,details
1546,RM10438_Call-Off-Schedule-7-Key-Supplier-Staff-v10--20250626-777,details
1547,RM10438_Call-Off-Schedule-7-Key-Supplier-Staff-v10--20250626-779,details
1548,RM10438_Call-Off-Schedule-8-Business-Continuity-and-Disaster-Recovery-v10--20250626-783,details
1549,RM10438_Call-Off-Schedule-8-Business-Continuity-and-Disaster-Recovery-v10--20250626-787,details
1550,RM10438_Call-Off-Schedule-8-Business-Continuity-and-Disaster-Recovery-v10--20250626-797,details
1551,RM10438_Call-Off-Schedule-8-Business-Continuity-and-Disaster-Recovery-v10--20250626-798,details
1552,RM10438_Call-Off-Schedule-2-Staff-Transfer-v10--20250626-513,details
1553,RM10438_Call-Off-Schedule-2-Staff-Transfer-v10--20250626-518,details
1554,RM10438_Call-Off-Schedule-2-Staff-Transfer-v10--20250626-527,details
1555,RM10438_Call-Off-Schedule-2-Staff-Transfer-v10--20250626-537,details
1556,RM10438_Call-Off-Schedule-2-Staff-Transfer-v10--20250626-542,details
1557,RM10438_Call-Off-Schedule-2-Staff-Transfer-v10--20250626-577,details
1558,RM10438_Call-Off-Schedule-21-Northern-Ireland-Law-v10--20250626-600,details
1559,RM10438_Framework-Schedule-4-Framework-Management-v10--20250626-1112,details
1560,RM10438_Framework-Schedule-4-Framework-Management-v10--20250626-1114,details
1561,RM10438_Framework-Schedule-4-Framework-Management-v10--20250626-1115,details
1562,RM10438_Framework-Schedule-4-Framework-Management-v10--20250626-1124,details
1563,RM10438_Framework-Schedule-4-Framework-Management-v10--20250626-1128,details
1564,RM10438_Framework-Schedule-4-Framework-Management-v10--20250626-1133,details
1565,RM10438_Framework-Schedule-5-Management-Charges-and-Information-v20--20250626-1139,details
1566,RM10438_Framework-Schedule-6-Order-Form-Template-Statement-of-Work-Template-and-Call-Off-Schedules-v20_1--20250626-1159,details
1567,RM10438_Framework-Schedule-6-Order-Form-Template-Statement-of-Work-Template-and-Call-Off-Schedules-v20_1--20250626-1162,details
1568,RM10438_Framework-Schedule-6-Order-Form-Template-Statement-of-Work-Template-and-Call-Off-Schedules-v20_1--20250626-1165,details
1569,RM10438_Framework-Schedule-6-Order-Form-Template-Statement-of-Work-Template-and-Call-Off-Schedules-v20_1--20250626-1194,details
1570,RM10438_Framework-Schedule-6-Order-Form-Template-Statement-of-Work-Template-and-Call-Off-Schedules-v20--20250626-1198,details
1571,RM10438_Framework-Schedule-6-Order-Form-Template-Statement-of-Work-Template-and-Call-Off-Schedules-v20--20250626-1200,details
1572,RM10438_Framework-Schedule-6-Order-Form-Template-Statement-of-Work-Template-and-Call-Off-Schedules-v20--20250626-1211,details
1573,RM10438_Framework-Award-Form-v20-1--20250626-1015,details
1574,RM10438_Framework-Schedule-1-Specification-v10-1--20250626-1037,details
1575,RM10438_Framework-Schedule-1-Specification-v10-1--20250626-1038,details
1576,RM10438_Framework-Schedule-1-Specification-v10-1--20250626-1040,details
1577,RM10438_Framework-Schedule-1-Specification-v10-1--20250626-1048,details
1578,RM10438_Framework-Schedule-1-Specification-v10-1--20250626-1059,details
1579,RM10438_Framework-Schedule-1-Specification-v10-1--20250626-1064,details
1580,RM10438_Framework-Schedule-1-Specification-v10-1--20250626-1074,details
1581,RM10438_Framework-Schedule-3-Framework-Prices-v10-1--20250626-1089,details
1582,RM10438_Framework-Schedule-4-Framework-Management-v10--20250626-1104,details
1583,RM10438_Framework-Schedule-6-Order-Form-Template-Statement-of-Work-Template-and-Call-Off-Schedules-v20--20250626-1222,details
1584,RM10438_Framework-Schedule-6-Order-Form-Template-Statement-of-Work-Template-and-Call-Off-Schedules-v20--20250626-1241,details
1585,RM10438_Framework-Schedule-7-Call-Off-Award-Procedure-v10--20250626-1250,details
1586,RM10438_Framework-Schedule-7-Call-Off-Award-Procedure-v10--20250626-1252,details
1587,RM10438_Joint-Schedule-1-Definitions-v10--20250626-1284,details
1588,RM10438_Joint-Schedule-1-Definitions-v10--20250626-1294,details
1589,RM10438_Joint-Schedule-1-Definitions-v10--20250626-1299,details
1590,RM10438_Joint-Schedule-1-Definitions-v10--20250626-1312,details
1591,RM10438_Core-Terms-v3011--20250626-927,details
1592,RM10438_Core-Terms-v3011--20250626-931,details
1593,RM10438_Core-Terms-v3011--20250626-964,details
1594,RM10438_Framework-Award-Form-v20-1--20250626-1009,details
1595,RM10438_Joint-Schedule-8-Guarantee-v10--20250626-1632,details
1596,RM10438_Joint-Schedule-8-Guarantee-v10--20250626-1633,details
1597,Why_you_cant_use_the_RM1043_8--20250626-1638,details
1598,RM6098-Aggregation-case-studies-v4-1--20250626-1646,details
1599,RM6098-Aggregation-case-studies-v4-1--20250626-1647,details
1600,RM6098-Aggregation-case-studies-v4-1--20250626-1651,details
1601,RM6098-Buyer-guidance-to-the-public-sector-contract-v41_1--20250626-1668,details
1602,RM6098-Buyer-guidance-to-the-public-sector-contract-v41_1--20250626-1669,details
1603,RM6098-Buyer-guidance-to-the-public-sector-contract-v41_1--20250626-1688,details
1604,RM6098-Buyer-guidance-to-the-public-sector-contract-v41_1--20250626-1692,details
1605,RM6098-Buyer-guidance-to-the-public-sector-contract-v41_1--20250626-1698,details
1606,RM6098-Buyer-guidance-to-the-public-sector-contract-v41_1--20250626-1712,details
1607,RM10438_Joint-Schedule-1-Definitions-v10--20250626-1327,details
1608,RM10438_Joint-Schedule-1-Definitions-v10--20250626-1336,details
1609,RM10438_Joint-Schedule-1-Definitions-v10--20250626-1348,details
1610,RM10438_Joint-Schedule-1-Definitions-v10--20250626-1354,details
1611,RM10438_Joint-Schedule-1-Definitions-v10--20250626-1365,details
1612,RM10438_Joint-Schedule-1-Definitions-v10--20250626-1368,details
1613,RM10438_Joint-Schedule-1-Definitions-v10--20250626-1372,details
1614,RM10438_Joint-Schedule-1-Definitions-v10--20250626-1403,details
1615,RM10438_Joint-Schedule-6-Key-Subcontractors-v10--20250626-1545,details
1616,RM10438_Joint-Schedule-6-Key-Subcontractors-v10--20250626-1546,details
1617,RM10438_Joint-Schedule-7-Financial-Difficulties-v10--20250626-1571,details
1618,RM10438_Joint-Schedule-8-Guarantee-v10--20250626-1585,details
1619,RM10438_Joint-Schedule-8-Guarantee-v10--20250626-1586,details
1620,RM10438_Joint-Schedule-8-Guarantee-v10--20250626-1605,details
1621,RM10438_Joint-Schedule-11-Processing-Data-v10--20250626-1433,details
1622,RM10438_Joint-Schedule-11-Processing-Data-v10--20250626-1436,details
1623,RM10438_Joint-Schedule-11-Processing-Data-v10--20250626-1453,details
1624,RM10438_Joint-Schedule-11-Processing-Data-v10--20250626-1459,details
1625,RM10438_Joint-Schedule-11-Processing-Data-v10--20250626-1470,details
1626,RM10438_Joint-Schedule-12-Supply-Chain-Visibility-v10--20250626-1507,details
1627,RM6098-Call-Off-Schedule-13-Implementation-Plan-and-Testing-v10--20250626-1919,details
1628,RM6098-Call-Off-Schedule-13-Implementation-Plan-and-Testing-v10--20250626-1928,details
1629,RM6098-Call-Off-Schedule-13-Implementation-Plan-and-Testing-v10--20250626-1936,details
1630,RM6098-Call-Off-Schedule-14-Service-Levels-v10--20250626-1942,details
1631,RM6098-Call-Off-Schedule-14-Service-Levels-v10--20250626-1945,details
1632,RM6098-Call-Off-Schedule-14-Service-Levels-v10--20250626-1946,details
1633,RM6098-Call-Off-Schedule-14-Service-Levels-v10--20250626-1957,details
1634,RM6098-Call-Off-Schedule-16-Benchmarking-v10--20250626-1969,details
1635,RM6098-Call-Off-Schedule-16-Benchmarking-v10--20250626-1970,details
1636,RM6098-Call-Off-Schedule-16-Benchmarking-v10--20250626-1972,details
1637,RM6098-Call-Off-schedule-17-MOD-terms-v11--20250626-1981,details
1638,RM6098-Call-Off-Schedule-18-Background-Checks-v10--20250626-1995,details
1639,RM6098-Call-Off-Schedule-19-Scottish-Law-v10--20250626-2001,details
1640,RM6098-Call-Off-Schedule-19-Scottish-Law-v10--20250626-2003,details
1641,RM6098-Call-Off-Schedule-2-Staff-Transfer-v10-1--20250626-2017,details
1642,RM6098-Buyer-guidance-to-the-public-sector-contract-v41_1--20250626-1719,details
1643,RM6098-Buyer-guidance-to-the-public-sector-contract-v41_1--20250626-1721,details
1644,RM6098-Buyer-guidance-to-the-public-sector-contract-v41_1--20250626-1723,details
1645,RM6098-Buyer-guidance-to-the-public-sector-contract-v41_1--20250626-1739,details
1646,RM6098-Buyer-guide-v81_1--20250626-1744,details
1647,RM6098-Buyer-guide-v81_1--20250626-1749,details
1648,RM6098-Buyer-guide-v81_1--20250626-1758,details
1649,RM6098-Buyer-guide-v81_1--20250626-1760,details
1650,RM6098-Buyer-guide-v81_1--20250626-1767,details
1651,RM6098-Buyer-guide-v81_1--20250626-1772,details
1652,RM6098-Buyer-guide-v81_1--20250626-1773,details
1653,RM6098-Buyer-guide-v81_1--20250626-1786,details
1654,RM6098-Buyer-guide-v81_1--20250626-1787,details
1655,RM6098-Buyer-guide-v81_1--20250626-1801,details
1656,RM6098-Call-Off-Schedule-2-Staff-Transfer-v10-1--20250626-2030,details
1657,RM6098-Call-Off-Schedule-2-Staff-Transfer-v10-1--20250626-2040,details
1658,RM6098-Call-Off-Schedule-2-Staff-Transfer-v10-1--20250626-2043,details
1659,RM6098-Call-Off-Schedule-2-Staff-Transfer-v10-1--20250626-2050,details
1660,RM6098-Call-Off-Schedule-2-Staff-Transfer-v10-1--20250626-2051,details
1661,RM6098-Call-Off-Schedule-2-Staff-Transfer-v10-1--20250626-2053,details
1662,RM6098-Call-Off-Schedule-2-Staff-Transfer-v10-1--20250626-2074,details
1663,RM6098-Call-Off-Schedule-2-Staff-Transfer-v10-1--20250626-2077,details
1664,RM6098-Call-Off-Schedule-2-Staff-Transfer-v10-1--20250626-2102,details
1665,RM6098-Call-Off-Schedule-2-Staff-Transfer-v10-1--20250626-2119,details
1666,RM6098-Call-Off-Schedule-10-Exit-Management-v20--20250626-1837,details
1667,RM6098-Call-Off-Schedule-10-Exit-Management-v20--20250626-1841,details
1668,RM6098-Call-Off-Schedule-10-Exit-Management-v20--20250626-1853,details
1669,RM6098-Call-Off-Schedule-11-Installation-Works-v10--20250626-1874,details
1670,RM6098-Call-Off-Schedule-13-Implementation-Plan-and-Testing-v10--20250626-1900,details
1671,RM6098-Call-Off-Schedule-13-Implementation-Plan-and-Testing-v10--20250626-1904,details
1672,RM6098-Call-Off-Schedule-13-Implementation-Plan-and-Testing-v10--20250626-1907,details
1673,RM6098-Call-Off-Schedule-22-Lease-Terms-FINANCIAL-LEASE-v11--20250626-2229,details
1674,RM6098-Call-Off-Schedule-22-Lease-Terms-FINANCIAL-LEASE-v11--20250626-2235,details
1675,RM6098-Call-Off-Schedule-22-Lease-Terms-FINANCIAL-LEASE-v11--20250626-2252,details
1676,RM6098-Call-Off-Schedule-22-Lease-Terms-FINANCIAL-LEASE-v11--20250626-2253,details
1677,RM6098-Call-Off-Schedule-22-Lease-Terms-FINANCIAL-LEASE-v11--20250626-2254,details
1678,RM6098-Call-Off-Schedule-22-Lease-Terms-FINANCIAL-LEASE-v11--20250626-2265,details
1679,RM6098-Call-Off-Schedule-22-Lease-Terms-FINANCIAL-LEASE-v11--20250626-2282,details
1680,RM6098-Call-Off-Schedule-22-Lease-Terms-FINANCIAL-LEASE-v11--20250626-2288,details
1681,RM6098-Call-Off-Schedule-22-Lease-Terms-FINANCIAL-LEASE-v11--20250626-2311,details
1682,RM6098-Call-Off-Schedule-22-Lease-Terms-FINANCIAL-LEASE-v11--20250626-2315,details
1683,RM6098-Call-Off-Schedule-2-Staff-Transfer-v10-1--20250626-2136,details
1684,RM6098-Call-Off-Schedule-2-Staff-Transfer-v10-1--20250626-2137,details
1685,RM6098-Call-Off-Schedule-2-Staff-Transfer-v10-1--20250626-2166,details
1686,RM6098-Call-Off-Schedule-2-Staff-Transfer-v10-1--20250626-2168,details
1687,RM6098-Call-Off-Schedule-2-Staff-Transfer-v10-1--20250626-2172,details
1688,RM6098-Call-Off-Schedule-2-Staff-Transfer-v10-1--20250626-2174,details
1689,RM6098-Call-Off-Schedule-2-Staff-Transfer-v10-1--20250626-2185,details
1690,RM6098-Call-Off-Schedule-2-Staff-Transfer-v10-1--20250626-2214,details
1691,RM6098-Call-Off-Schedule-2-Staff-Transfer-v10-1--20250626-2218,details
1692,RM6098-Call-Off-Schedule-22-Lease-Terms-OPERATIONAL-LEASE-v11--20250626-2356,details
1693,RM6098-Call-Off-Schedule-22-Lease-Terms-OPERATIONAL-LEASE-v11--20250626-2357,details
1694,RM6098-Call-Off-Schedule-22-Lease-Terms-OPERATIONAL-LEASE-v11--20250626-2363,details
1695,RM6098-Call-Off-Schedule-22-Lease-Terms-OPERATIONAL-LEASE-v11--20250626-2364,details
1696,RM6098-Call-Off-Schedule-22-Lease-Terms-OPERATIONAL-LEASE-v11--20250626-2370,details
1697,RM6098-Call-Off-Schedule-22-Lease-Terms-OPERATIONAL-LEASE-v11--20250626-2405,details
1698,RM6098-Call-Off-Schedule-22-Lease-Terms-OPERATIONAL-LEASE-v11--20250626-2413,details
1699,RM6098-Call-Off-Schedule-22-Lease-Terms-OPERATIONAL-LEASE-v11--20250626-2417,details
1700,RM6098-Call-Off-Schedule-22-Lease-Terms-OPERATIONAL-LEASE-v11--20250626-2428,details
1701,RM6098-Call-Off-Schedule-22-Lease-Terms-OPERATIONAL-LEASE-v11--20250626-2454,details
1702,RM6098-Call-Off-Schedule-22-Lease-Terms-v21--20250626-2472,details
1703,RM6098-Call-Off-Schedule-22-Lease-Terms-v21--20250626-2480,details
1704,RM6098-Call-Off-Schedule-22-Lease-Terms-v21--20250626-2491,details
1705,RM6098-Call-Off-Schedule-8-Business-Continuity-and-Disaster-Recovery-v10--20250626-2838,details
1706,RM6098-Call-Off-Schedule-8-Business-Continuity-and-Disaster-Recovery-v10--20250626-2854,details
1707,RM6098-Call-Off-Schedule-8-Business-Continuity-and-Disaster-Recovery-v10--20250626-2855,details
1708,RM6098-Call-Off-Schedule-9-Security-v10--20250626-2873,details
1709,RM6098-Call-Off-Schedule-9-Security-v10--20250626-2878,details
1710,RM6098-Call-Off-Schedule-9-Security-v10--20250626-2879,details
1711,RM6098-Call-Off-Schedule-9-Security-v10--20250626-2895,details
1712,RM6098-Call-Off-Schedule-9-Security-v10--20250626-2896,details
1713,RM6098-Call-Off-Schedule-9-Security-v10--20250626-2899,details
1714,RM6098-Call-Off-Schedule-9-Security-v10--20250626-2904,details
1715,RM6098-Call-Off-Schedule-9-Security-v10--20250626-2916,details
1716,RM6098-Call-Off-Schedule-9-Security-v10--20250626-2926,details
1717,RM6098-Call-Off-Schedule-9-Security-v10--20250626-2927,details
1718,RM6098-Call-Off-Schedule-6-Annex-E-As-a-Service-additional-terms-v20--20250626-2733,details
1719,RM6098-Call-Off-Schedule-6-ICT-Services-v20-1--20250626-2744,details
1720,RM6098-Call-Off-Schedule-6-ICT-Services-v20-1--20250626-2751,details
1721,RM6098-Call-Off-Schedule-6-ICT-Services-v20-1--20250626-2779,details
1722,RM6098-Call-Off-Schedule-6-ICT-Services-v20-1--20250626-2788,details
1723,RM6098-Call-Off-Schedule-6-ICT-Services-v20-1--20250626-2793,details
1724,RM6098-Call-Off-Schedule-8-Business-Continuity-and-Disaster-Recovery-v10--20250626-2816,details
1725,RM6098-Call-Off-Schedule-8-Business-Continuity-and-Disaster-Recovery-v10--20250626-2821,details
1726,RM6098-Call-Off-Schedule-6-Annex-E-As-a-Service-additional-terms-v20--20250626-2636,details
1727,RM6098-Call-Off-Schedule-6-Annex-E-As-a-Service-additional-terms-v20--20250626-2645,details
1728,RM6098-Call-Off-Schedule-6-Annex-E-As-a-Service-additional-terms-v20--20250626-2650,details
1729,RM6098-Call-Off-Schedule-6-Annex-E-As-a-Service-additional-terms-v20--20250626-2673,details
1730,RM6098-Call-Off-Schedule-6-Annex-E-As-a-Service-additional-terms-v20--20250626-2700,details
1731,RM6098-Call-Off-Schedule-6-Annex-E-As-a-Service-additional-terms-v20--20250626-2707,details
1732,RM6098-Call-Off-Schedule-6-Annex-E-As-a-Service-additional-terms-v20--20250626-2722,details
1733,RM6098-Call-Off-Schedule-22-Lease-Terms-v21--20250626-2542,details
1734,RM6098-Call-Off-Schedule-22-Lease-Terms-v21--20250626-2551,details
1735,RM6098-Call-Off-Schedule-22-Lease-Terms-v21--20250626-2578,details
1736,RM6098-Call-Off-Schedule-22-Lease-Terms-v21--20250626-2588,details
1737,RM6098-Call-Off-Schedule-22-Lease-Terms-v21--20250626-2591,details
1738,RM6098-Call-Off-Schedule-3-Continuous-Improvement-v10--20250626-2623,details
1739,RM6098-Core-terms-v3011-1--20250626-3041,details
1740,RM6098-Core-terms-v3011-1--20250626-3048,details
1741,RM6098-Core-terms-v3011-1--20250626-3051,details
1742,RM6098-Core-terms-v3011-1--20250626-3064,details
1743,RM6098-Core-terms-v3011-1--20250626-3075,details
1744,RM6098-Core-terms-v3011-1--20250626-3085,details
1745,RM6098-Core-terms-v3011-1--20250626-3088,details
1746,RM6098-Core-terms-v3011-1--20250626-3095,details
1747,RM6098-Direct-Award-procedure-overview-v61_2--20250626-3112,details
1748,RM6098-Direct-Award-procedure-overview-v61_2--20250626-3113,details
1749,RM6098-Framework-schedule-1-specification-v41--20250626-3257,details
1750,RM6098-Framework-Schedule-3-Framework-Prices-v20--20250626-3286,details
1751,RM6098-Framework-Schedule-4-Framework-Management-v20--20250626-3308,details
1752,RM6098-Framework-Schedule-4-Framework-Management-v20--20250626-3309,details
1753,RM6098-Framework-Schedule-4-Framework-Management-v20--20250626-3319,details
1754,RM6098-Framework-Schedule-5-Management-Charges-and-Information-v10--20250626-3325,details
1755,RM6098-Framework-Schedule-5-Management-Charges-and-Information-v10--20250626-3332,details
1756,RM6098-Call-Off-Schedule-9-Security-v10--20250626-2952,details
1757,RM6098-Call-Off-Schedule-9-Security-v10--20250626-2956,details
1758,RM6098-Case-studies-v5_2--20250626-2980,details
1759,RM6098-Case-studies-v5_2--20250626-3011,details
1760,RM6098-Core-terms-v3011-1--20250626-3029,details
1761,RM6098-Expression-of-interest-template-v2--20250626-3139,details
1762,RM6098-Framework-schedule-1-specification-v41--20250626-3184,details
1763,RM6098-Framework-schedule-1-specification-v41--20250626-3221,details
1764,RM6098-Framework-schedule-1-specification-v41--20250626-3224,details
1765,RM6098-Framework-schedule-6-order-form-template-and-call-off-schedules-v31--20250626-3341,details
1766,RM6098-Framework-schedule-6-order-form-template-and-call-off-schedules-v31--20250626-3342,details
1767,RM6098-Framework-schedule-6-order-form-template-and-call-off-schedules-v31--20250626-3344,details
1768,RM6098-Framework-schedule-6-order-form-template-and-call-off-schedules-v31--20250626-3349,details
1769,RM6098-Framework-Schedule-7-Call-Off-Award-Procedure-v2--20250626-3360,details
1770,RM6098-Framework-Schedule-7-Call-Off-Award-Procedure-v2--20250626-3402,details
1771,RM6098-Invitation-to-tender-template-v3--20250626-3422,details
1772,RM6098-Invitation-to-tender-template-v3--20250626-3427,details
1773,RM6098-Joint-Schedule-11-processing-data-v20--20250626-3565,details
1774,RM6098-Joint-Schedule-11-processing-data-v20--20250626-3573,details
1775,RM6098-Joint-Schedule-11-processing-data-v20--20250626-3581,details
1776,RM6098-Joint-Schedule-3-Insurance-Requirements-v10--20250626-3596,details
1777,RM6098-Joint-Schedule-4-Commercially-Sensitive-Information-v10--20250626-3607,details
1778,RM6098-Joint-Schedule-6-Key-Subcontractors-v10--20250626-3627,details
1779,RM6098-Joint-Schedule-6-Key-Subcontractors-v10--20250626-3630,details
1780,RM6098-Joint-Schedule-6-Key-Subcontractors-v10--20250626-3633,details
1781,RM6098-Joint-Schedule-7-Financial-Difficulties-v34--20250626-3650,details
1782,RM6098-Joint-Schedule-7-Financial-Difficulties-v34--20250626-3659,details
1783,RM6098-Joint-Schedule-7-Financial-Difficulties-v34--20250626-3705,details
1784,RM6098-Joint-Schedule-7-Financial-Difficulties-v34--20250626-3710,details
1785,RM6098-Joint-Schedule-7-Financial-Difficulties-v34--20250626-3714,details
1786,RM6098-Joint-Schedule-7-Financial-Difficulties-v34--20250626-3723,details
1787,RM6098-Joint-Schedule-7-Financial-Difficulties-v34--20250626-3725,details
1788,RM6098-Joint-Schedule-7-Financial-Difficulties-v34--20250626-3730,details
1789,RM6098-Invitation-to-tender-template-v3--20250626-3439,details
1790,RM6098-Invitation-to-tender-template-v3--20250626-3455,details
1791,RM6098-Invitation-to-tender-template-v3--20250626-3458,details
1792,RM6098-Joint-Schedule-11-processing-data-v20--20250626-3495,details
1793,RM6098-Joint-Schedule-11-processing-data-v20--20250626-3512,details
1794,RM6098-Joint-Schedule-11-processing-data-v20--20250626-3526,details
1795,RM6098-Model-Contract-Pack-v3--20250626-3857,details
1796,RM6098-Model-Contract-Pack-v3--20250626-3867,details
1797,RM6098-Model-Contract-Pack-v3--20250626-3868,details
1798,RM6098-Model-Contract-Pack-v3--20250626-3870,details
1799,RM6098-Model-Contract-Pack-v3--20250626-3876,details
1800,RM6098-Model-Contract-Pack-v3--20250626-3879,details
1801,RM6098-Model-Contract-Pack-v3--20250626-3882,details
1802,RM6098-Model-Contract-Pack-v3--20250626-3906,details
1803,RM6098-Model-Contract-Pack-v3--20250626-3921,details
1804,RM6098-Model-Contract-Pack-v3--20250626-3925,details
1805,RM6098-Joint-Schedule-8-Guarantee-for-PSC-v10--20250626-3739,details
1806,RM6098-Joint-Schedule-8-Guarantee-for-PSC-v10--20250626-3750,details
1807,RM6098-Joint-Schedule-8-Guarantee-for-PSC-v10--20250626-3755,details
1808,RM6098-Leasing-tech-hardware-best-practice-process-v28-1--20250626-3771,details
1809,RM6098-Leasing-tech-hardware-best-practice-process-v28-1--20250626-3796,details
1810,RM6098-Leasing-tech-hardware-best-practice-process-v28-1--20250626-3811,details
1811,RM6098-Market-engagement-best-practice-process-v27--20250626-3817,details
1812,RM6098-Market-engagement-best-practice-process-v27--20250626-3828,details
1813,RM6098-Market-engagement-best-practice-process-v27--20250626-3830,details
1814,RM6098-Model-Contract-Pack-v3--20250626-4042,details
1815,RM6098-Model-Contract-Pack-v3--20250626-4043,details
1816,RM6098-Model-Contract-Pack-v3--20250626-4059,details
1817,RM6098-Model-Contract-Pack-v3--20250626-4080,details
1818,RM6098-Model-Contract-Pack-v3--20250626-4088,details
1819,RM6098-Model-Contract-Pack-v3--20250626-4095,details
1820,RM6098-Model-Contract-Pack-v3--20250626-4135,details
1821,RM6098-Model-Contract-Pack-v3--20250626-3965,details
1822,RM6098-Model-Contract-Pack-v3--20250626-3998,details
1823,RM6098-Model-Contract-Pack-v3--20250626-4009,details
1824,RM6098-Model-Contract-Pack-v3--20250626-4020,details
1825,RM6098-Model-Contract-Pack-v3--20250626-4031,details
1826,RM6098-Model-Contract-Pack-v3--20250626-4034,details
1827,RM6116-Call-Off-Schedule-14-Service-Levels-vFinal11--20250626-4455,details
1828,RM6116-Call-Off-Schedule-14-Service-Levels-vFinal11--20250626-4475,details
1829,RM6116-Call-Off-Schedule-14-Service-Levels-vFinal11--20250626-4487,details
1830,RM6116-Call-Off-Schedule-14-Service-Levels-vFinal11--20250626-4489,details
1831,RM6116-Call-Off-Schedule-14-Service-Levels-vFinal11--20250626-4503,details
1832,RM6116-Call-Off-Schedule-16-Benchmarking-vFinal--20250626-4512,details
1833,RM6116-Call-Off-Schedule-17-MOD-Terms-vFinal--20250626-4529,details
1834,RM6116-Call-Off-Schedule-17-MOD-Terms-vFinal--20250626-4532,details
1835,RM6116-Call-Off-Schedule-17-MOD-Terms-vFinal--20250626-4541,details
1836,RM6116-Buyer-guide-v12--20250626-4257,details
1837,RM6116-Buyer-guide-v12--20250626-4263,details
1838,RM6116-Buyer-guide-v12--20250626-4265,details
1839,RM6116-Buyer-guide-v12--20250626-4283,details
1840,RM6116-Buyer-guide-v12--20250626-4299,details
1841,RM6116-Call-Off-Schedule-10-Exit-Management-V12--20250626-4323,details
1842,RM6116-Call-Off-Schedule-10-Exit-Management-V12--20250626-4327,details
1843,RM6116-Call-Off-Schedule-10-Exit-Management-V12--20250626-4328,details
1844,RM6098-Model-Contract-Pack-v3--20250626-4146,details
1845,RM6098-Model-Contract-Pack-v3--20250626-4157,details
1846,RM6098-Model-Contract-Pack-v3--20250626-4161,details
1847,RM6098-Model-Contract-Pack-v3--20250626-4189,details
1848,RM6098-Request-for-information-template-v21--20250626-4203,details
1849,RM6116-Buyer-guide-v12--20250626-4239,details
1850,RM6116-Call-Off-Schedule-10-Exit-Management-V12--20250626-4360,details
1851,RM6116-Call-Off-Schedule-13-Implementation-Plan-and-Testing-v11--20250626-4378,details
1852,RM6116-Call-Off-Schedule-13-Implementation-Plan-and-Testing-v11--20250626-4397,details
1853,RM6116-Call-Off-Schedule-13-Implementation-Plan-and-Testing-v11--20250626-4400,details
1854,RM6116-Call-Off-Schedule-2-Staff-Transfer-vFinal--20250626-4646,details
1855,RM6116-Call-Off-Schedule-2-Staff-Transfer-vFinal--20250626-4648,details
1856,RM6116-Call-Off-Schedule-2-Staff-Transfer-vFinal--20250626-4652,details
1857,RM6116-Call-Off-Schedule-2-Staff-Transfer-vFinal--20250626-4656,details
1858,RM6116-Call-Off-Schedule-2-Staff-Transfer-vFinal--20250626-4662,details
1859,RM6116-Call-Off-Schedule-2-Staff-Transfer-vFinal--20250626-4679,details
1860,RM6116-Call-Off-Schedule-2-Staff-Transfer-vFinal--20250626-4683,details
1861,RM6116-Call-Off-Schedule-2-Staff-Transfer-vFinal--20250626-4686,details
1862,RM6116-Call-Off-Schedule-2-Staff-Transfer-vFinal--20250626-4689,details
1863,RM6116-Call-Off-Schedule-2-Staff-Transfer-vFinal--20250626-4695,details
1864,RM6116-Call-Off-Schedule-2-Staff-Transfer-vFinal--20250626-4705,details
1865,RM6116-Call-Off-Schedule-2-Staff-Transfer-vFinal--20250626-4707,details
1866,RM6116-Call-Off-Schedule-2-Staff-Transfer-vFinal--20250626-4712,details
1867,RM6116-Call-Off-Schedule-2-Staff-Transfer-vFinal--20250626-4718,details
1868,RM6116-Call-Off-Schedule-2-Staff-Transfer-vFinal--20250626-4735,details
1869,RM6116-Call-Off-Schedule-2-Staff-Transfer-vFinal--20250626-4742,details
1870,RM6116-Call-Off-Schedule-2-Staff-Transfer-vFinal--20250626-4746,details
1871,RM6116-Call-Off-Schedule-19-Scottish-Law-vFinal--20250626-4550,details
1872,RM6116-Call-Off-Schedule-19-Scottish-Law-vFinal--20250626-4552,details
1873,RM6116-Call-Off-Schedule-2-Staff-Transfer-vFinal--20250626-4557,details
1874,RM6116-Call-Off-Schedule-2-Staff-Transfer-vFinal--20250626-4568,details
1875,RM6116-Call-Off-Schedule-2-Staff-Transfer-vFinal--20250626-4570,details
1876,RM6116-Call-Off-Schedule-2-Staff-Transfer-vFinal--20250626-4577,details
1877,RM6116-Call-Off-Schedule-2-Staff-Transfer-vFinal--20250626-4581,details
1878,RM6116-Call-Off-Schedule-2-Staff-Transfer-vFinal--20250626-4594,details
1879,RM6116-Call-Off-Schedule-2-Staff-Transfer-vFinal--20250626-4598,details
1880,RM6116-Call-Off-Schedule-2-Staff-Transfer-vFinal--20250626-4606,details
1881,RM6116-Call-Off-Schedule-2-Staff-Transfer-vFinal--20250626-4608,details
1882,RM6116-Call-Off-Schedule-2-Staff-Transfer-vFinal--20250626-4621,details
1883,RM6116-Call-Off-Schedule-2-Staff-Transfer-vFinal--20250626-4634,details
1884,RM6116-Call-Off-Schedule-3-Continuous-Improvement-v11--20250626-4854,details
1885,RM6116-Call-Off-Schedule-3-Continuous-Improvement-v11--20250626-4862,details
1886,RM6116-Call-Off-Schedule-6-ICT-Services-v11--20250626-4875,details
1887,RM6116-Call-Off-Schedule-6-ICT-Services-v11--20250626-4891,details
1888,RM6116-Call-Off-Schedule-6-ICT-Services-v11--20250626-4898,details
1889,RM6116-Call-Off-Schedule-6-ICT-Services-v11--20250626-4906,details
1890,RM6116-Call-Off-Schedule-6-ICT-Services-v11--20250626-4909,details
1891,RM6116-Call-Off-Schedule-8-Business-Continuity-and-Disaster-Recovery-v11--20250626-4926,details
1892,RM6116-Call-Off-Schedule-8-Business-Continuity-and-Disaster-Recovery-v11--20250626-4928,details
1893,RM6116-Call-Off-Schedule-8-Business-Continuity-and-Disaster-Recovery-v11--20250626-4931,details
1894,RM6116-Call-Off-Schedule-8-Business-Continuity-and-Disaster-Recovery-v11--20250626-4941,details
1895,RM6116-Call-Off-Schedule-2-Staff-Transfer-vFinal--20250626-4768,details
1896,RM6116-Call-Off-Schedule-2-Staff-Transfer-vFinal--20250626-4797,details
1897,RM6116-Call-Off-Schedule-2-Staff-Transfer-vFinal--20250626-4799,details
1898,RM6116-Call-Off-Schedule-22-Lease-Terms-vFinal--20250626-4817,details
1899,RM6116-Call-Off-Schedule-22-Lease-Terms-vFinal--20250626-4820,details
1900,RM6116-Call-Off-Schedule-22-Lease-Terms-vFinal--20250626-4822,details
1901,RM6116-Call-Off-Schedule-22-Lease-Terms-vFinal--20250626-4827,details
1902,RM6116-Call-Off-Schedule-22-Lease-Terms-vFinal--20250626-4828,details
1903,RM6116-Framework-Schedule-3-Framework-Prices-vFinal-11--20250626-5165,details
1904,RM6116-Framework-Schedule-3-Framework-Prices-vFinal-11--20250626-5185,details
1905,RM6116-Framework-Schedule-4-Framework-Management-vFinal--20250626-5196,details
1906,RM6116-Framework-Schedule-4-Framework-Management-vFinal--20250626-5198,details
1907,RM6116-Framework-Schedule-4-Framework-Management-vFinal--20250626-5211,details
1908,RM6116-Framework-Schedule-5-Management-Charges-and-Information-vFinal--20250626-5214,details
1909,RM6116-Framework-Schedule-5-Management-Charges-and-Information-vFinal--20250626-5229,details
1910,RM6116-Framework-Schedule-5-Management-Charges-and-Information-vFinal--20250626-5232,details
1911,RM6116-Framework-Schedule-6-Order-Form-Template-and-Call-Off-Schedules-vFinal11--20250626-5233,details
1912,RM6116-Framework-Schedule-6-Order-Form-Template-and-Call-Off-Schedules-vFinal11--20250626-5241,details
1913,RM6116-Framework-Schedule-7-Call-Off-Award-Procedure-v10-2--20250626-5266,details
1914,RM6116-Framework-Schedule-7-Call-Off-Award-Procedure-v10-2--20250626-5268,details
1915,RM6116-Framework-Schedule-9-Cyber-Essentials-Scheme-vFinal--20250626-5302,details
1916,RM6116-Joint-Schedule-1-Definitions-vFinal--20250626-5307,details
1917,RM6116-Joint-Schedule-1-Definitions-vFinal--20250626-5317,details
1918,RM6116-Joint-Schedule-1-Definitions-vFinal--20250626-5325,details
1919,RM6116-Joint-Schedule-1-Definitions-vFinal--20250626-5330,details
1920,RM6116-Joint-Schedule-1-Definitions-vFinal--20250626-5340,details
1921,RM6116-Joint-Schedule-1-Definitions-vFinal--20250626-5342,details
1922,RM6116-Call-Off-Schedule-9-Security-vFinal--20250626-5060,details
1923,RM6116-Call-Off-Schedule-9-Security-vFinal--20250626-5068,details
1924,RM6116-Call-Off-Schedule-9-Security-vFinal--20250626-5073,details
1925,RM6116-Call-Off-Schedule-9-Security-vFinal--20250626-5076,details
1926,RM6116-Framework-Schedule-1-Specification-vFinal--20250626-5104,details
1927,RM6116-Framework-Schedule-1-Specification-vFinal--20250626-5119,details
1928,RM6116-Framework-Schedule-1-Specification-vFinal--20250626-5138,details
1929,RM6116-Call-Off-Schedule-8-Business-Continuity-and-Disaster-Recovery-v11--20250626-4952,details
1930,RM6116-Call-Off-Schedule-8-Business-Continuity-and-Disaster-Recovery-v11--20250626-4966,details
1931,RM6116-Call-Off-Schedule-8-Business-Continuity-and-Disaster-Recovery-v11--20250626-4967,details
1932,RM6116-Call-Off-Schedule-8-Business-Continuity-and-Disaster-Recovery-v11--20250626-4978,details
1933,RM6116-Call-Off-Schedule-8-Business-Continuity-and-Disaster-Recovery-v11--20250626-4979,details
1934,RM6116-Call-Off-Schedule-9-Security-vFinal--20250626-5004,details
1935,RM6116-Call-Off-Schedule-9-Security-vFinal--20250626-5043,details
1936,RM6116-Joint-Schedule-7-Financial-Difficulties-v11docx--20250626-5658,details
1937,RM6116-Joint-Schedule-7-Financial-Difficulties-v11docx--20250626-5674,details
1938,RM6116-Joint-Schedule-8-Guarantee-for-PSC-vFinal--20250626-5688,details
1939,RM6116-Joint-Schedule-8-Guarantee-for-PSC-vFinal--20250626-5690,details
1940,RM6116-Joint-Schedule-8-Guarantee-for-PSC-vFinal--20250626-5694,details
1941,RM6116-Joint-Schedule-8-Guarantee-for-PSC-vFinal--20250626-5697,details
1942,RM6116-NS3-Core-terms-v3011--20250626-5739,details
1943,RM6116-NS3-Core-terms-v3011--20250626-5753,details
1944,RM6116-NS3-Core-terms-v3011--20250626-5755,details
1945,RM6116-Joint-Schedule-1-Definitions-vFinal--20250626-5368,details
1946,RM6116-Joint-Schedule-1-Definitions-vFinal--20250626-5388,details
1947,RM6116-Joint-Schedule-1-Definitions-vFinal--20250626-5398,details
1948,RM6116-Joint-Schedule-1-Definitions-vFinal--20250626-5421,details
1949,RM6116-Joint-Schedule-11-Processing-Data-vFinal-1--20250626-5440,details
1950,RM6116-Joint-Schedule-11-Processing-Data-vFinal-1--20250626-5441,details
1951,RM6116-Joint-Schedule-11-Processing-Data-vFinal-1--20250626-5445,details
1952,RM6116-Joint-Schedule-11-Processing-Data-vFinal-1--20250626-5449,details
1953,RM6116-Joint-Schedule-11-Processing-Data-vFinal-1--20250626-5461,details
1954,RM6116-Joint-Schedule-11-Processing-Data-vFinal-1--20250626-5463,details
1955,RM6116-Joint-Schedule-11-Processing-Data-vFinal-1--20250626-5479,details
1956,RM6116-Joint-Schedule-11-Processing-Data-vFinal-1--20250626-5489,details
1957,RM6116-Joint-Schedule-11-Processing-Data-vFinal-1--20250626-5499,details
1958,RM6116-Joint-Schedule-11-Processing-Data-vFinal-1--20250626-5509,details
1959,RM6116-Joint-Schedule-3-Insurance-Requirements-vFinal--20250626-5529,details
1960,RM6116-Joint-Schedule-6-Key-Subcontractors-vFinal--20250626-5579,details
1961,RM6116-Joint-Schedule-7-Financial-Difficulties-v11docx--20250626-5596,details
1962,RM6116-Joint-Schedule-7-Financial-Difficulties-v11docx--20250626-5619,details
1963,RM6116-Joint-Schedule-7-Financial-Difficulties-v11docx--20250626-5630,details
1964,RM6116-Joint-Schedule-7-Financial-Difficulties-v11docx--20250626-5645,details
1965,RM6116-Joint-Schedule-7-Financial-Difficulties-v11docx--20250626-5655,details
1966,RM6116_Key-changes-from-NS2-to-NS3_V10docx--20250626-5881,details
1967,RM6187-Call-Off-Schedule-1-_Transparency-Reports---20250626-5900,details
1968,RM6187-Call-Off-Schedule-10_-Exit-Management---20250626-5922,details
1969,RM6187-Call-Off-Schedule-10_-Exit-Management---20250626-5929,details
1970,RM6187-Call-Off-Schedule-10_-Exit-Management---20250626-5932,details
1971,RM6187-Call-Off-Schedule-10_-Exit-Management---20250626-5936,details
1972,RM6187-Call-Off-Schedule-10_-Exit-Management---20250626-5940,details
1973,RM6187-Call-Off-Schedule-12_-Clustering---20250626-5948,details
1974,RM6187-Call-Off-Schedule-12_-Clustering---20250626-5951,details
1975,RM6116-NS3-Core-terms-v3011--20250626-5767,details
1976,RM6116-NS3-Core-terms-v3011--20250626-5770,details
1977,RM6116-NS3-Core-terms-v3011--20250626-5801,details
1978,RM6116-NS3-Service-Offer-Guide-V3--20250626-5820,details
1979,RM6116-NS3-Service-Offer-Guide-V3--20250626-5821,details
1980,RM6116-Request-For-Information-template-v1-2--20250626-5845,details
1981,RM6116-Request-For-Information-template-v1-2--20250626-5850,details
1982,RM6116_benefits--20250626-5856,details
1983,RM6187-Call-Off-Schedule-13_-Implementation-Plan-and-Testing---20250626-5960,details
1984,RM6187-Call-Off-Schedule-13_-Implementation-Plan-and-Testing---20250626-5967,details
1985,RM6187-Call-Off-Schedule-13_-Implementation-Plan-and-Testing---20250626-5971,details
1986,RM6187-Call-Off-Schedule-14_-Service-Levels---20250626-6022,details
1987,RM6187-Call-Off-Schedule-14_-Service-Levels---20250626-6036,details
1988,RM6187-Call-Off-Schedule-16_-Benchmarking--20250626-6051,details
1989,RM6187-Call-Off-Schedule-17_-MOD-Terms---20250626-6078,details
1990,RM6187-Call-Off-Schedule-21_-Northern-Ireland-Law---20250626-6100,details
1991,RM6187-Call-Off-Schedule-23_-HMRC-Schedule---20250626-6117,details
1992,RM6187-Call-Off-Schedule-23_-HMRC-Schedule---20250626-6137,details
1993,RM6187-Call-Off-Schedule-23_-HMRC-Schedule---20250626-6145,details
1994,RM6187-Call-Off-Schedule-9_-Security---20250626-6267,details
1995,RM6187-Call-Off-Schedule-9_-Security---20250626-6286,details
1996,RM6187-Call-Off-Schedule-9_-Security---20250626-6287,details
1997,RM6187-Call-Off-Schedule-9_-Security---20250626-6298,details
1998,RM6187-Call-Off-Schedule-9_-Security---20250626-6300,details
1999,RM6187-Call-Off-Schedule-9_-Security---20250626-6302,details
2000,RM6187-Call-Off-Schedule-9_-Security---20250626-6320,details
2001,RM6187-Call-Off-Schedule-9_-Security---20250626-6323,details
2002,RM6187-Core-Terms---20250626-6348,details
2003,RM6187-Core-Terms---20250626-6351,details
2004,RM6187-Core-Terms---20250626-6362,details
2005,RM6187-Call-Off-Schedule-3_-Continuous-Improvement---20250626-6162,details
2006,RM6187-Call-Off-Schedule-6_-ICT-Services---20250626-6171,details
2007,RM6187-Call-Off-Schedule-6_-ICT-Services---20250626-6172,details
2008,RM6187-Call-Off-Schedule-6_-ICT-Services---20250626-6185,details
2009,RM6187-Call-Off-Schedule-6_-ICT-Services---20250626-6187,details
2010,RM6187-Call-Off-Schedule-8_-Business-Continuity-and-Disaster-Recovery---20250626-6228,details
2011,RM6187-Call-Off-Schedule-8_-Business-Continuity-and-Disaster-Recovery---20250626-6249,details
2012,RM6187-Call-Off-Schedule-9_-Security---20250626-6255,details
2013,RM6187-Call-Off-Schedule-9_-Security---20250626-6261,details
2014,RM6187-Framework-Schedule-4_-Framework-Management---20250626-6510,details
2015,RM6187-Framework-Schedule-6_-Order-Form-and-Call-Off-Schedules-4--20250626-6550,details
2016,RM6187-Framework-Schedule-6_-Order-Form-and-Call-Off-Schedules-4--20250626-6555,details
2017,RM6187-Framework-Schedule-6_-Order-Form-and-Call-Off-Schedules-4--20250626-6561,details
2018,RM6187-Core-Terms---20250626-6364,details
2019,RM6187-Core-Terms---20250626-6371,details
2020,RM6187-Core-Terms---20250626-6414,details
2021,RM6187-Core-Terms---20250626-6445,details
2022,RM6187-Framework-Schedule-6_-Order-Form-and-Call-Off-Schedules-4--20250626-6569,details
2023,RM6187-Framework-Schedule-7_-Call-Off-Award-Procedure---20250626-6580,details
2024,RM6187-Framework-Schedule-7_-Call-Off-Award-Procedure---20250626-6591,details
2025,RM6187-Framework-Schedule-7_-Call-Off-Award-Procedure---20250626-6602,details
2026,RM6187-Framework-Schedule-9_-Cyber-Essentials-Scheme---20250626-6614,details
2027,RM6187-Framework-Schedule-9_-Cyber-Essentials-Scheme---20250626-6616,details
2028,RM6187-How-to-use-Contractual-Documents--1--20250626-6639,details
2029,RM6187-How-to-use-Contractual-Documents--1--20250626-6640,details
2030,RM6187-How-to-use-Contractual-Documents--1--20250626-6648,details
2031,RM6187-How-to-use-Contractual-Documents--1--20250626-6653,details
2032,RM6187-Joint-Schedule-10_-Rectification-Plan---20250626-6662,details
2033,RM6187-Joint-Schedule-11_-Processing-Data---20250626-6695,details
2034,RM6187-Joint-Schedule-11_-Processing-Data---20250626-6702,details
2035,RM6187-Joint-Schedule-11_-Processing-Data---20250626-6703,details
2036,RM6187-Joint-Schedule-11_-Processing-Data---20250626-6707,details
2037,RM6187-Joint-Schedule-11_-Processing-Data---20250626-6725,details
2038,RM6187-Joint-Schedule-11_-Processing-Data---20250626-6732,details
2039,RM6187-Joint-Schedule-11_-Processing-Data---20250626-6741,details
2040,RM6187-Joint-Schedule-1_-Definitions---20250626-6760,details
2041,RM6187-Joint-Schedule-1_-Definitions---20250626-6762,details
2042,RM6187-Joint-Schedule-1_-Definitions---20250626-6784,details
2043,RM6187-Joint-Schedule-1_-Definitions---20250626-6797,details
2044,RM6187-Joint-Schedule-1_-Definitions---20250626-6801,details
2045,RM6187-Joint-Schedule-1_-Definitions---20250626-6823,details
2046,RM6187-Joint-Schedule-1_-Definitions---20250626-6829,details
2047,RM6187-Joint-Schedule-1_-Definitions---20250626-6855,details
2048,RM6187-Joint-Schedule-1_-Definitions---20250626-6863,details
2049,RM6187-Joint-Schedule-2_-Variation-Form--20250626-6883,details
2050,RM6187-Joint-Schedule-3_-Insurance-Requirements--20250626-6893,details
2051,RM6187-Joint-Schedule-5_-Corporate-Social-Responsibility---20250626-6916,details
2052,RM6187-Joint-Schedule-7_-Financial-Difficulties-1--20250626-6933,details
2053,RM6187-Joint-Schedule-7_-Financial-Difficulties-1--20250626-6952,details
2054,RM6187-Joint-Schedule-8_-Guarantee---20250626-6967,details
2055,DPS-Core-Terms-v103-1--20250626-7277,details
2056,DPS-Core-Terms-v103-1--20250626-7288,details
2057,DPS-Core-Terms-v103-1--20250626-7291,details
2058,DPS-Core-Terms-v103-1--20250626-7295,details
2059,DPS-Core-Terms-v103-1--20250626-7308,details
2060,DPS-Core-Terms-v103-1--20250626-7314,details
2061,DPS-Core-Terms-v103-1--20250626-7321,details
2062,DPS-Core-Terms-v103-1--20250626-7324,details
2063,DPS-Core-Terms-v103-1--20250626-7345,details
2064,RM6264-Attachment-1-About-the-Procurement-v2--20250626-7370,details
2065,RM6187-T6-Attachment-2-How-to-Bid-including-Evaluation-Criteria---20250626-7197,details
2066,RM6187-T6-Attachment-2-How-to-Bid-including-Evaluation-Criteria---20250626-7204,details
2067,RM6187-T6-Attachment-2-How-to-Bid-including-Evaluation-Criteria---20250626-7211,details
2068,RM6187-T6-Attachment-2-How-to-Bid-including-Evaluation-Criteria---20250626-7234,details
2069,RM6187-T6-Attachment-2-How-to-Bid-including-Evaluation-Criteria---20250626-7235,details
2070,RM6187-T6-Attachment-2-How-to-Bid-including-Evaluation-Criteria---20250626-7240,details
2071,RM6187-T6-Attachment-2-How-to-Bid-including-Evaluation-Criteria---20250626-7243,details
2072,RM6187_description--20250626-7251,details
2073,DPS-Core-Terms-v103-1--20250626-7261,details
2074,RM6187-Joint-Schedule-8_-Guarantee---20250626-6989,details
2075,RM6187-Joint-Schedule-8_-Guarantee---20250626-6995,details
2076,RM6187-Joint-Schedule-8_-Guarantee---20250626-7000,details
2077,RM6187-Joint-Schedule-8_-Guarantee---20250626-7008,details
2078,RM6187-MCF3-Grade-Definitions---20250626-7024,details
2079,RM6187-T1-Expression-of-Interest--20250626-7028,details
2080,RM6187-T3-Non-Disclosure-Agreement-NDA--20250626-7127,details
2081,RM6187-T3-Non-Disclosure-Agreement-NDA--20250626-7130,details
2082,RM6187-T3-Non-Disclosure-Agreement-NDA--20250626-7139,details
2083,RM6187-T5-Attachment-1-About-the-Procurement--20250626-7168,details
2084,RM6264-DPS-Buyer-Guide-v30--20250626-7502,details
2085,RM6264-DPS-Joint-Schedule-1-Definitions-v10--20250626-7512,details
2086,RM6264-DPS-Joint-Schedule-1-Definitions-v10--20250626-7513,details
2087,RM6264-DPS-Joint-Schedule-1-Definitions-v10--20250626-7517,details
2088,RM6264-DPS-Joint-Schedule-10-Rectification-Plan-v10--20250626-7521,details
2089,RM6264-DPS-Joint-Schedule-11-Processing-Data-v10--20250626-7525,details
2090,RM6264-DPS-Joint-Schedule-11-Processing-Data-v10--20250626-7531,details
2091,RM6264-DPS-Joint-Schedule-11-Processing-Data-v10--20250626-7535,details
2092,RM6264-DPS-Joint-Schedule-11-Processing-Data-v10--20250626-7539,details
2093,RM6264-DPS-Joint-Schedule-11-Processing-Data-v10--20250626-7567,details
2094,RM6264-DPS-Joint-Schedule-11-Processing-Data-v10--20250626-7569,details
2095,RM6264-DPS-Joint-Schedule-7-Financial-Difficulties-v10--20250626-7676,details
2096,RM6264-DPS-Joint-Schedule-7-Financial-Difficulties-v10--20250626-7682,details
2097,RM6264-DPS-Joint-Schedule-7-Financial-Difficulties-v10--20250626-7689,details
2098,RM6264-DPS-Joint-Schedule-8-Guarantee-v10--20250626-7698,details
2099,RM6264-DPS-Order-Schedule-10-Exit-Management-v10--20250626-7729,details
2100,RM6264-DPS-Order-Schedule-10-Exit-Management-v10--20250626-7733,details
2101,RM6264-DPS-Order-Schedule-10-Exit-Management-v10--20250626-7739,details
2102,RM6264-DPS-Order-Schedule-13-Implementation-Plan-and-Testing-v10--20250626-7775,details
2103,RM6264-DPS-Joint-Schedule-11-Processing-Data-v10--20250626-7576,details
2104,RM6264-DPS-Joint-Schedule-11-Processing-Data-v10--20250626-7582,details
2105,RM6264-DPS-Joint-Schedule-3-Insurance-Requirements-v10--20250626-7601,details
2106,RM6264-DPS-Joint-Schedule-5-Corporate-Social-Responsibility-v10--20250626-7618,details
2107,RM6264-DPS-Joint-Schedule-6-Key-Subcontractors-v10--20250626-7633,details
2108,RM6264-DPS-Joint-Schedule-7-Financial-Difficulties-v10--20250626-7642,details
2109,RM6264-DPS-Joint-Schedule-7-Financial-Difficulties-v10--20250626-7656,details
2110,RM6264-DPS-Joint-Schedule-7-Financial-Difficulties-v10--20250626-7662,details
2111,RM6264-Attachment-1-About-the-Procurement-v2--20250626-7383,details
2112,RM6264-Attachment-2-How-to-Bid-v1--20250626-7399,details
2113,RM6264-Attachment-2-How-to-Bid-v1--20250626-7424,details
2114,RM6264-DPS-Order-Schedule-2-Staff-Transfer-v10--20250626-8086,details
2115,RM6264-DPS-Order-Schedule-2-Staff-Transfer-v10--20250626-8091,details
2116,RM6264-DPS-Order-Schedule-2-Staff-Transfer-v10--20250626-8102,details
2117,RM6264-DPS-Order-Schedule-20-Specification-v10--20250626-8109,details
2118,RM6264-DPS-Order-Schedule-21-Northern-Ireland-Law-v10--20250626-8113,details
2119,RM6264-DPS-Order-Schedule-22-Lease-Terms-v10--20250626-8125,details
2120,RM6264-DPS-Order-Schedule-23-HMRC-v10--20250626-8127,details
2121,RM6264-DPS-Order-Schedule-23-HMRC-v10--20250626-8128,details
2122,RM6264-DPS-Order-Schedule-23-HMRC-v10--20250626-8130,details
2123,RM6264-DPS-Order-Schedule-25-Billable-Works-and-Projects-v10--20250626-8149,details
2124,RM6264-DPS-Order-Schedule-25-Billable-Works-and-Projects-v10--20250626-8150,details
2125,RM6264-DPS-Order-Schedule-25-Billable-Works-and-Projects-v10--20250626-8160,details
2126,RM6264-DPS-Order-Schedule-18-Background-Checks-v10--20250626-7884,details
2127,RM6264-DPS-Order-Schedule-19-Scottish-Law-v10--20250626-7892,details
2128,RM6264-DPS-Order-Schedule-2-Staff-Transfer-v10--20250626-7915,details
2129,RM6264-DPS-Order-Schedule-2-Staff-Transfer-v10--20250626-7917,details
2130,RM6264-DPS-Order-Schedule-2-Staff-Transfer-v10--20250626-7944,details
2131,RM6264-DPS-Order-Schedule-2-Staff-Transfer-v10--20250626-7946,details
2132,RM6264-DPS-Order-Schedule-2-Staff-Transfer-v10--20250626-7950,details
2133,RM6264-DPS-Order-Schedule-2-Staff-Transfer-v10--20250626-7957,details
2134,RM6264-DPS-Order-Schedule-2-Staff-Transfer-v10--20250626-7959,details
2135,RM6264-DPS-Order-Schedule-2-Staff-Transfer-v10--20250626-7964,details
2136,RM6264-DPS-Order-Schedule-2-Staff-Transfer-v10--20250626-7989,details
2137,RM6264-DPS-Order-Schedule-2-Staff-Transfer-v10--20250626-7995,details
2138,RM6264-DPS-Order-Schedule-2-Staff-Transfer-v10--20250626-7997,details
2139,RM6264-DPS-Order-Schedule-2-Staff-Transfer-v10--20250626-8002,details
2140,RM6264-DPS-Order-Schedule-2-Staff-Transfer-v10--20250626-8006,details
2141,RM6264-DPS-Order-Schedule-2-Staff-Transfer-v10--20250626-8025,details
2142,RM6264-DPS-Order-Schedule-2-Staff-Transfer-v10--20250626-8044,details
2143,RM6264-DPS-Order-Schedule-2-Staff-Transfer-v10--20250626-8045,details
2144,RM6264-DPS-Order-Schedule-2-Staff-Transfer-v10--20250626-8051,details
2145,RM6264-DPS-Order-Schedule-13-Implementation-Plan-and-Testing-v10--20250626-7805,details
2146,RM6264-DPS-Order-Schedule-13-Implementation-Plan-and-Testing-v10--20250626-7808,details
2147,RM6264-DPS-Order-Schedule-13-Implementation-Plan-and-Testing-v10--20250626-7816,details
2148,RM6264-DPS-Order-Schedule-14-Service-Levels-v10--20250626-7827,details
2149,RM6264-DPS-Order-Schedule-15-Order-Contract-Management-v10--20250626-7846,details
2150,RM6264-DPS-Order-Schedule-17-MOD-Terms-V10--20250626-7872,details
2151,RM6264-DPS-Order-Schedule-17-MOD-Terms-V10--20250626-7874,details
2152,RM6264-DPS-Schedule-1-Specification-v10--20250626-8489,details
2153,RM6264-DPS-Schedule-1-Specification-v10--20250626-8492,details
2154,RM6264-DPS-Schedule-1-Specification-v10--20250626-8528,details
2155,RM6264-DPS-Schedule-1-Specification-v10--20250626-8529,details
2156,RM6264-DPS-Schedule-1-Specification-v10--20250626-8533,details
2157,RM6264-DPS-Schedule-1-Specification-v10--20250626-8538,details
2158,RM6264-DPS-Schedule-1-Specification-v10--20250626-8556,details
2159,RM6264-DPS-Schedule-1-Specification-v10--20250626-8558,details
2160,RM6264-DPS-Schedule-1-Specification-v10--20250626-8559,details
2161,RM6264-DPS-Schedule-1-Specification-v10--20250626-8580,details
2162,RM6264-DPS-Schedule-1-Specification-v10--20250626-8581,details
2163,RM6264-DPS-Order-Schedule-9-Security-v10--20250626-8387,details
2164,RM6264-DPS-Order-Schedule-9-Security-v10--20250626-8398,details
2165,RM6264-DPS-Order-Schedule-9-Security-v10--20250626-8407,details
2166,RM6264-DPS-Order-Schedule-9-Security-v10--20250626-8421,details
2167,RM6264-DPS-Schedule-1-Specification-v10--20250626-8429,details
2168,RM6264-DPS-Schedule-1-Specification-v10--20250626-8436,details
2169,RM6264-DPS-Schedule-1-Specification-v10--20250626-8467,details
2170,RM6264-DPS-Schedule-1-Specification-v10--20250626-8470,details
2171,RM6264-DPS-Schedule-1-Specification-v10--20250626-8477,details
2172,RM6264-DPS-Order-Schedule-27-Construction-Contracts-v10--20250626-8189,details
2173,RM6264-DPS-Order-Schedule-3-Continuous-Improvement-v10--20250626-8196,details
2174,RM6264-DPS-Order-Schedule-4-Order-Tender-v10--20250626-8202,details
2175,RM6264-DPS-Order-Schedule-5-Pricing-Details-v10--20250626-8209,details
2176,RM6264-DPS-Order-Schedule-6-ICT-Services-v10--20250626-8247,details
2177,RM6264-DPS-Order-Schedule-6-ICT-Services-v10--20250626-8252,details
2178,RM6264-DPS-Order-Schedule-6-ICT-Services-v10--20250626-8258,details
2179,RM6264-DPS-Order-Schedule-6-ICT-Services-v10--20250626-8264,details
2180,RM6264-DPS-Order-Schedule-6-ICT-Services-v10--20250626-8267,details
2181,RM6264-DPS-Order-Schedule-8-Business-Continuity-and-Disaster-Recovery-v10--20250626-8286,details
2182,RM6264-DPS-Order-Schedule-8-Business-Continuity-and-Disaster-Recovery-v10--20250626-8298,details
2183,RM6264-DPS-Order-Schedule-8-Business-Continuity-and-Disaster-Recovery-v10--20250626-8302,details
2184,RM6264-DPS-Order-Schedule-8-Business-Continuity-and-Disaster-Recovery-v10--20250626-8307,details
2185,RM6264-DPS-Order-Schedule-9-Security-v10--20250626-8344,details
2186,RM6264-DPS-Order-Schedule-9-Security-v10--20250626-8366,details
2187,RM6264-DPS-Order-Schedule-9-Security-v10--20250626-8367,details
2188,RM6264-DPS-Schedule-1-Specification-v10--20250626-8592,details
2189,RM6264-DPS-Schedule-1-Specification-v10--20250626-8600,details
2190,RM6264-DPS-Schedule-1-Specification-v10--20250626-8607,details
2191,RM6264-DPS-Schedule-1-Specification-v10--20250626-8615,details
2192,RM6264-DPS-Schedule-1-Specification-v10--20250626-8622,details
2193,RM6264-DPS-Schedule-1-Specification-v10--20250626-8634,details
2194,RM6264-DPS-Schedule-1-Specification-v10--20250626-8639,details
2195,RM6264-DPS-Schedule-1-Specification-v10--20250626-8644,details
2196,RM6264-DPS-Schedule-1-Specification-v10--20250626-8646,details
2197,RM6264-DPS-Schedule-1-Specification-v10--20250626-8649,details
2198,RM6264-DPS-Schedule-1-Specification-v10--20250626-8652,details
2199,RM6264-DPS-Schedule-1-Specification-v10--20250626-8677,details
2200,RM6264-DPS-Schedule-1-Specification-v10--20250626-8680,details
2201,RM6264-DPS-Schedule-7-Order-Procedure-v10--20250626-8798,details
2202,RM6264-DPS-Schedule-8-Self-Audit-Certificate-v10--20250626-8809,details
2203,RM6264-DPS-Schedule-9-Cyber-Essentials-Scheme-v10--20250626-8816,details
2204,RM6264-Expression-of-Interest-template-v1--20250626-8818,details
2205,RM6264-howtobuy--20250626-8824,details
2206,RM6264-howtobuy--20250626-8825,details
2207,RM6264-Supplier-Outcome-Letter-Unsuccessful-v10--20250626-8831,details
2208,Become_a_supplier_on_a_Crown_Commercial_Service_framework_agreement--20250626-8847,startup
2209,Buying_through_commercial_agreements--20250626-8861,startup
2210,Helping_your_carbon_net_zero_CNZ_journey--20250626-8871,startup
2211,Help_end_modern_slavery_with_your_buying_decisions--20250626-8883,startup
2212,Help_end_modern_slavery_with_your_buying_decisions--20250626-8885,startup
2213,RM6264-DPS-Schedule-1-Specification-v10--20250626-8689,details
2214,RM6264-DPS-Schedule-1-Specification-v10--20250626-8693,details
2215,RM6264-DPS-Schedule-1-Specification-v10--20250626-8701,details
2216,RM6264-DPS-Schedule-1-Specification-v10--20250626-8709,details
2217,RM6264-DPS-Schedule-4-DPS-Management-v10-1--20250626-8727,details
2218,RM6264-DPS-Schedule-4-DPS-Management-v10-1--20250626-8734,details
2219,RM6264-DPS-Schedule-4-DPS-Management-v10-1--20250626-8739,details
2220,RM6264-DPS-Schedule-4-DPS-Management-v10-1--20250626-8742,details
2221,RM6264-DPS-Schedule-5-Management-Levy-and-Information-v10-1--20250626-8753,details
2222,RM6264-DPS-Schedule-6-Order-form-template-and-order-schedules-v10--20250626-8772,details
2223,RM6264-DPS-Schedule-6-Order-form-template-and-order-schedules-v10--20250626-8774,details
2224,How_to_buy_through_Crown_Commercial_Service--20250626-8904,startup
2225,How_to_buy_through_Crown_Commercial_Service--20250626-8910,startup
2226,Were_here_to_help_you_buy_more_sustainably--20250626-8938,startup
2227,Your_buying_decisions_have_the_power_to_create_a_fairer_and_more_sustainable_society--20250626-8955,startup
2228,Cyber_Security_Services_3--20250626-8959,recommendation
2229,Trade_Law_Panel--20250626-8988,recommendation
2230,Housing_Maintenance_and_Repair--20250626-9010,recommendation
2231,Crown_Hosting_II--20250626-9019,recommendation
2232,Non_Clinical_Staffing--20250626-9028,recommendation
2233,Costs_Lawyer_Services_2--20250626-9034,recommendation
2234,Print_and_Digital_Communications--20250626-9041,recommendation
2235,Furniture_and_Associated_Services_2--20250626-9047,recommendation
2236,Quality_Assurance_and_Testing_for_IT_Systems_2--20250626-9085,recommendation
2237,Facilities_Management_and_Workplace_Services_DPS--20250626-9130,recommendation
2238,Office_Solutions--20250626-9151,recommendation
2239,Open_Banking_Data_Digital_Payments__Confirmation_of_Payee_Services_DPS--20250626-9152,recommendation
2240,Facilities_Management_and_Workplace_Services_DPS--20250626-9178,details
2241,RM10438_Call-Off-Schedule-10-Exit-Management-v10--20250626-103,details
2242,RM10438_Call-Off-Schedule-10-Exit-Management-v10--20250626-113,details
2243,RM10438_Call-Off-Schedule-10-Exit-Management-v10--20250626-115,details
2244,RM10438_Call-Off-Schedule-10-Exit-Management-v10--20250626-129,details
2245,RM10438_Call-Off-Schedule-10-Exit-Management-v10--20250626-133,details
2246,RM10438_Call-Off-Schedule-12-Clustering-v10--20250626-145,details
2247,RM10438_Call-Off-Schedule-13-Implementation-Plan-and-Testing-v10--20250626-159,details
2248,RM10438_Call-Off-Schedule-13-Implementation-Plan-and-Testing-v10--20250626-165,details
2249,RM10438_Call-Off-Schedule-13-Implementation-Plan-and-Testing-v10--20250626-175,details
2250,RM10438_Call-Off-Schedule-13-Implementation-Plan-and-Testing-v10--20250626-177,details
2251,RM10438_Call-Off-Schedule-13-Implementation-Plan-and-Testing-v10--20250626-179,details
2252,RM10438_Call-Off-Schedule-13-Implementation-Plan-and-Testing-v10--20250626-185,details
2253,7319-23-Supplier-marketing-toolkit-1--20250626-0,details
2254,7319-23-Supplier-marketing-toolkit-1--20250626-1,details
2255,7319-23-Supplier-marketing-toolkit-1--20250626-9,details
2256,RM10438-DOS-6-Buyer-Guide-v11--20250626-25,details
2257,RM10438-DOS-6-Buyer-Guide-v11--20250626-44,details
2258,RM10438-DOS-6-Buyer-Guide-v11--20250626-49,details
2259,RM10438-DOS-6-Buyer-Guide-v11--20250626-71,details
2260,RM10438-key-changes-DOS5-to-DOS6--20250626-72,details
2261,RM10438-key-changes-DOS5-to-DOS6--20250626-90,details
2262,RM10438_Call-Off-Schedule-17-MOD-Terms-v10--20250626-303,details
2263,RM10438_Call-Off-Schedule-17-MOD-Terms-v10--20250626-309,details
2264,RM10438_Call-Off-Schedule-2-Staff-Transfer-v10--20250626-331,details
2265,RM10438_Call-Off-Schedule-2-Staff-Transfer-v10--20250626-337,details
2266,RM10438_Call-Off-Schedule-2-Staff-Transfer-v10--20250626-340,details
2267,RM10438_Call-Off-Schedule-2-Staff-Transfer-v10--20250626-358,details
2268,RM10438_Call-Off-Schedule-2-Staff-Transfer-v10--20250626-360,details
2269,RM10438_Call-Off-Schedule-2-Staff-Transfer-v10--20250626-400,details
2270,RM10438_Call-Off-Schedule-2-Staff-Transfer-v10--20250626-405,details
2271,RM10438_Call-Off-Schedule-2-Staff-Transfer-v10--20250626-421,details
2272,RM10438_Call-Off-Schedule-2-Staff-Transfer-v10--20250626-423,details
2273,RM10438_Call-Off-Schedule-2-Staff-Transfer-v10--20250626-460,details
2274,RM10438_Call-Off-Schedule-2-Staff-Transfer-v10--20250626-463,details
2275,RM10438_Call-Off-Schedule-2-Staff-Transfer-v10--20250626-464,details
2276,RM10438_Call-Off-Schedule-2-Staff-Transfer-v10--20250626-493,details
2277,RM10438_Call-Off-Schedule-13-Implementation-Plan-and-Testing-v10--20250626-210,details
2278,RM10438_Call-Off-Schedule-13-Implementation-Plan-and-Testing-v10--20250626-214,details
2279,RM10438_Call-Off-Schedule-14-Service-Levels-and-Balanced-Scorecard-v10--20250626-220,details
2280,RM10438_Call-Off-Schedule-16-Benchmarking-v10--20250626-285,details
2281,RM10438_Call-Off-Schedule-17-MOD-Terms-v10--20250626-299,details
2282,RM10438_Call-Off-Schedule-17-MOD-Terms-v10--20250626-302,details
2283,RM10438_Call-Off-Schedule-2-Staff-Transfer-v10--20250626-522,details
2284,RM10438_Call-Off-Schedule-2-Staff-Transfer-v10--20250626-529,details
2285,RM10438_Call-Off-Schedule-2-Staff-Transfer-v10--20250626-533,details
2286,RM10438_Call-Off-Schedule-2-Staff-Transfer-v10--20250626-534,details
2287,RM10438_Call-Off-Schedule-2-Staff-Transfer-v10--20250626-541,details
2288,RM10438_Call-Off-Schedule-2-Staff-Transfer-v10--20250626-556,details
2289,RM10438_Call-Off-Schedule-2-Staff-Transfer-v10--20250626-560,details
2290,RM10438_Call-Off-Schedule-2-Staff-Transfer-v10--20250626-574,details
2291,RM10438_Call-Off-Schedule-2-Staff-Transfer-v10--20250626-575,details
2292,RM10438_Call-Off-Schedule-2-Staff-Transfer-v10--20250626-588,details
2293,RM10438_Call-Off-Schedule-2-Staff-Transfer-v10--20250626-595,details
2294,RM10438_Call-Off-Schedule-3-Continuous-Improvement-v10--20250626-709,details
2295,RM10438_Call-Off-Schedule-6-Intellectual-Property-Rights-and-Additional-Terms-on-Digital-Deliverables-v10--20250626-727,details
2296,RM10438_Call-Off-Schedule-6-Intellectual-Property-Rights-and-Additional-Terms-on-Digital-Deliverables-v10--20250626-740,details
2297,RM10438_Call-Off-Schedule-6-Intellectual-Property-Rights-and-Additional-Terms-on-Digital-Deliverables-v10--20250626-744,details
2298,RM10438_Call-Off-Schedule-7-Key-Supplier-Staff-v10--20250626-775,details
2299,RM10438_Call-Off-Schedule-8-Business-Continuity-and-Disaster-Recovery-v10--20250626-790,details
2300,RM10438_Call-Off-Schedule-8-Business-Continuity-and-Disaster-Recovery-v10--20250626-792,details
2301,RM10438_Call-Off-Schedule-8-Business-Continuity-and-Disaster-Recovery-v10--20250626-794,details
2302,RM10438_Call-Off-Schedule-8-Business-Continuity-and-Disaster-Recovery-v10--20250626-802,details
2303,RM10438_Call-Off-Schedule-9-Security-v20--20250626-815,details
2304,RM10438_Call-Off-Schedule-9-Security-v20--20250626-817,details
2305,RM10438_Call-Off-Schedule-9-Security-v20--20250626-828,details
2306,RM10438_Call-Off-Schedule-9-Security-v20--20250626-854,details
2307,RM10438_Call-Off-Schedule-9-Security-v20--20250626-863,details
2308,RM10438_Call-Off-Schedule-9-Security-v20--20250626-868,details
2309,RM10438_Call-Off-Schedule-9-Security-v20--20250626-880,details
2310,RM10438_Call-Off-Schedule-9-Security-v20--20250626-883,details
2311,RM10438_Call-Off-Schedule-9-Security-v20--20250626-901,details
2312,RM10438_Call-Off-Schedule-23-HMRC-Terms-v10--20250626-631,details
2313,RM10438_Call-Off-Schedule-23-HMRC-Terms-v10--20250626-632,details
2314,RM10438_Call-Off-Schedule-25-Ethical-Walls-Agreement-v20--20250626-652,details
2315,RM10438_Call-Off-Schedule-25-Ethical-Walls-Agreement-v20--20250626-661,details
2316,RM10438_Call-Off-Schedule-25-Ethical-Walls-Agreement-v20--20250626-664,details
2317,RM10438_Call-Off-Schedule-25-Ethical-Walls-Agreement-v20--20250626-689,details
2318,RM10438_Call-Off-Schedule-26-Cyber-Essentials-Scheme-v10--20250626-704,details
2319,RM10438_Core-Terms-v3011--20250626-911,details
2320,RM10438_Core-Terms-v3011--20250626-912,details
2321,RM10438_Core-Terms-v3011--20250626-945,details
2322,RM10438_Core-Terms-v3011--20250626-948,details
2323,RM10438_Core-Terms-v3011--20250626-949,details
2324,RM10438_Core-Terms-v3011--20250626-960,details
2325,RM10438_Core-Terms-v3011--20250626-965,details
2326,RM10438_Core-Terms-v3011--20250626-970,details
2327,RM10438_Core-Terms-v3011--20250626-976,details
2328,RM10438_Core-Terms-v3011--20250626-980,details
2329,RM10438_Core-Terms-v3011--20250626-982,details
2330,RM10438_Core-Terms-v3011--20250626-986,details
2331,RM10438_Core-Terms-v3011--20250626-999,details
2332,RM10438_Core-Terms-v3011--20250626-1002,details
2333,RM10438_Framework-Award-Form-v20-1--20250626-1003,details
2334,RM10438_Framework-Award-Form-v20-1--20250626-1008,details
2335,RM10438_Framework-Award-Form-v20-1--20250626-1031,details
2336,RM10438_Framework-Award-Form-v20-1--20250626-1034,details
2337,RM10438_Framework-Schedule-1-Specification-v10-1--20250626-1046,details
2338,RM10438_Framework-Schedule-1-Specification-v10-1--20250626-1063,details
2339,RM10438_Framework-Schedule-1-Specification-v10-1--20250626-1069,details
2340,RM10438_Framework-Schedule-3-Framework-Prices-v10-1--20250626-1086,details
2341,RM10438_Framework-Schedule-4-Framework-Management-v10--20250626-1103,details
2342,RM10438_Framework-Schedule-6-Order-Form-Template-Statement-of-Work-Template-and-Call-Off-Schedules-v20_1--20250626-1161,details
2343,RM10438_Framework-Schedule-6-Order-Form-Template-Statement-of-Work-Template-and-Call-Off-Schedules-v20_1--20250626-1163,details
2344,RM10438_Framework-Schedule-6-Order-Form-Template-Statement-of-Work-Template-and-Call-Off-Schedules-v20_1--20250626-1190,details
2345,RM10438_Framework-Schedule-6-Order-Form-Template-Statement-of-Work-Template-and-Call-Off-Schedules-v20_1--20250626-1193,details
2346,RM10438_Framework-Schedule-7-Call-Off-Award-Procedure-v10--20250626-1253,details
2347,RM10438_Framework-Schedule-7-Call-Off-Award-Procedure-v10--20250626-1269,details
2348,RM10438_Joint-Schedule-1-Definitions-v10--20250626-1290,details
2349,RM10438_Joint-Schedule-1-Definitions-v10--20250626-1305,details
2350,RM10438_Joint-Schedule-1-Definitions-v10--20250626-1315,details
2351,RM10438_Joint-Schedule-1-Definitions-v10--20250626-1321,details
2352,RM10438_Joint-Schedule-1-Definitions-v10--20250626-1334,details
2353,RM10438_Joint-Schedule-1-Definitions-v10--20250626-1345,details
2354,RM10438_Joint-Schedule-1-Definitions-v10--20250626-1346,details
2355,RM10438_Joint-Schedule-1-Definitions-v10--20250626-1352,details
2356,RM10438_Joint-Schedule-1-Definitions-v10--20250626-1356,details
2357,RM10438_Joint-Schedule-1-Definitions-v10--20250626-1357,details
2358,RM10438_Joint-Schedule-1-Definitions-v10--20250626-1367,details
2359,RM10438_Joint-Schedule-1-Definitions-v10--20250626-1376,details
2360,RM10438_Joint-Schedule-1-Definitions-v10--20250626-1378,details
2361,RM10438_Joint-Schedule-1-Definitions-v10--20250626-1390,details
2362,RM10438_Joint-Schedule-1-Definitions-v10--20250626-1391,details
2363,RM10438_Joint-Schedule-1-Definitions-v10--20250626-1392,details
2364,RM10438_Joint-Schedule-1-Definitions-v10--20250626-1400,details
2365,RM10438_Joint-Schedule-1-Definitions-v10--20250626-1404,details
2366,RM10438_Joint-Schedule-3-Insurance-Requirements-v10--20250626-1517,details
2367,RM10438_Joint-Schedule-3-Insurance-Requirements-v10--20250626-1518,details
2368,RM10438_Joint-Schedule-3-Insurance-Requirements-v10--20250626-1520,details
2369,RM10438_Joint-Schedule-3-Insurance-Requirements-v10--20250626-1522,details
2370,RM10438_Joint-Schedule-3-Insurance-Requirements-v10--20250626-1528,details
2371,RM10438_Joint-Schedule-7-Financial-Difficulties-v10--20250626-1555,details
2372,RM10438_Joint-Schedule-7-Financial-Difficulties-v10--20250626-1562,details
2373,RM10438_Joint-Schedule-7-Financial-Difficulties-v10--20250626-1567,details
2374,RM10438_Joint-Schedule-7-Financial-Difficulties-v10--20250626-1568,details
2375,RM10438_Joint-Schedule-8-Guarantee-v10--20250626-1600,details
2376,RM10438_Joint-Schedule-8-Guarantee-v10--20250626-1602,details
2377,RM10438_Joint-Schedule-8-Guarantee-v10--20250626-1612,details
2378,RM10438_Joint-Schedule-8-Guarantee-v10--20250626-1614,details
2379,RM10438_Joint-Schedule-11-Processing-Data-v10--20250626-1426,details
2380,RM10438_Joint-Schedule-11-Processing-Data-v10--20250626-1456,details
2381,RM10438_Joint-Schedule-11-Processing-Data-v10--20250626-1458,details
2382,RM10438_Joint-Schedule-11-Processing-Data-v10--20250626-1465,details
2383,RM10438_Joint-Schedule-11-Processing-Data-v10--20250626-1467,details
2384,RM10438_Joint-Schedule-11-Processing-Data-v10--20250626-1490,details
2385,RM10438_Joint-Schedule-12-Supply-Chain-Visibility-v10--20250626-1501,details
2386,RM10438_Joint-Schedule-12-Supply-Chain-Visibility-v10--20250626-1503,details
2387,RM10438_Joint-Schedule-12-Supply-Chain-Visibility-v10--20250626-1504,details
2388,RM10438_Joint-Schedule-12-Supply-Chain-Visibility-v10--20250626-1505,details
2389,RM10438_Joint-Schedule-8-Guarantee-v10--20250626-1630,details
2390,RM6098-Buyer-guidance-to-the-public-sector-contract-v41_1--20250626-1665,details
2391,RM6098-Buyer-guidance-to-the-public-sector-contract-v41_1--20250626-1678,details
2392,RM6098-Buyer-guidance-to-the-public-sector-contract-v41_1--20250626-1684,details
2393,RM6098-Buyer-guidance-to-the-public-sector-contract-v41_1--20250626-1696,details
2394,RM6098-Buyer-guidance-to-the-public-sector-contract-v41_1--20250626-1708,details
2395,RM6098-Buyer-guidance-to-the-public-sector-contract-v41_1--20250626-1713,details
2396,RM6098-Call-Off-Schedule-10-Exit-Management-v20--20250626-1831,details
2397,RM6098-Call-Off-Schedule-10-Exit-Management-v20--20250626-1838,details
2398,RM6098-Call-Off-Schedule-10-Exit-Management-v20--20250626-1840,details
2399,RM6098-Call-Off-Schedule-10-Exit-Management-v20--20250626-1852,details
2400,RM6098-Call-Off-Schedule-10-Exit-Management-v20--20250626-1869,details
2401,RM6098-Call-Off-Schedule-11-Installation-Works-v10--20250626-1875,details
2402,RM6098-Call-Off-Schedule-11-Installation-Works-v10--20250626-1877,details
2403,RM6098-Call-Off-Schedule-13-Implementation-Plan-and-Testing-v10--20250626-1887,details
2404,RM6098-Call-Off-Schedule-13-Implementation-Plan-and-Testing-v10--20250626-1888,details
2405,RM6098-Call-Off-Schedule-13-Implementation-Plan-and-Testing-v10--20250626-1912,details
2406,RM6098-Call-Off-Schedule-13-Implementation-Plan-and-Testing-v10--20250626-1914,details
2407,RM6098-Call-Off-Schedule-13-Implementation-Plan-and-Testing-v10--20250626-1916,details
2408,RM6098-Buyer-guidance-to-the-public-sector-contract-v41_1--20250626-1725,details
2409,RM6098-Buyer-guidance-to-the-public-sector-contract-v41_1--20250626-1730,details
2410,RM6098-Buyer-guide-v81_1--20250626-1746,details
2411,RM6098-Buyer-guide-v81_1--20250626-1763,details
2412,RM6098-Buyer-guide-v81_1--20250626-1780,details
2413,RM6098-Buyer-guide-v81_1--20250626-1788,details
2414,RM6098-Buyer-guide-v81_1--20250626-1792,details
2415,RM6098-Call-Off-Schedule-14-Service-Levels-v10--20250626-1959,details
2416,RM6098-Call-Off-Schedule-16-Benchmarking-v10--20250626-1973,details
2417,RM6098-Call-Off-Schedule-16-Benchmarking-v10--20250626-1976,details
2418,RM6098-Call-Off-Schedule-16-Benchmarking-v10--20250626-1977,details
2419,RM6098-Call-Off-schedule-17-MOD-terms-v11--20250626-1988,details
2420,RM6098-Call-Off-Schedule-2-Staff-Transfer-v10-1--20250626-2008,details
2421,RM6098-Call-Off-Schedule-2-Staff-Transfer-v10-1--20250626-2018,details
2422,RM6098-Call-Off-Schedule-2-Staff-Transfer-v10-1--20250626-2038,details
2423,RM6098-Call-Off-Schedule-2-Staff-Transfer-v10-1--20250626-2049,details
2424,RM6098-Call-Off-Schedule-2-Staff-Transfer-v10-1--20250626-2062,details
2425,RM6098-Call-Off-Schedule-2-Staff-Transfer-v10-1--20250626-2069,details
2426,RM6098-Call-Off-Schedule-2-Staff-Transfer-v10-1--20250626-2084,details
2427,RM6098-Call-Off-Schedule-2-Staff-Transfer-v10-1--20250626-2088,details
2428,RM6098-Call-Off-Schedule-22-Lease-Terms-OPERATIONAL-LEASE-v11--20250626-2450,details
2429,RM6098-Call-Off-Schedule-22-Lease-Terms-OPERATIONAL-LEASE-v11--20250626-2457,details
2430,RM6098-Call-Off-Schedule-22-Lease-Terms-v21--20250626-2467,details
2431,RM6098-Call-Off-Schedule-22-Lease-Terms-v21--20250626-2479,details
2432,RM6098-Call-Off-Schedule-22-Lease-Terms-v21--20250626-2484,details
2433,RM6098-Call-Off-Schedule-22-Lease-Terms-v21--20250626-2496,details
2434,RM6098-Call-Off-Schedule-22-Lease-Terms-v21--20250626-2498,details
2435,RM6098-Call-Off-Schedule-22-Lease-Terms-v21--20250626-2514,details
2436,RM6098-Call-Off-Schedule-22-Lease-Terms-v21--20250626-2523,details
2437,RM6098-Call-Off-Schedule-2-Staff-Transfer-v10-1--20250626-2143,details
2438,RM6098-Call-Off-Schedule-2-Staff-Transfer-v10-1--20250626-2152,details
2439,RM6098-Call-Off-Schedule-2-Staff-Transfer-v10-1--20250626-2158,details
2440,RM6098-Call-Off-Schedule-2-Staff-Transfer-v10-1--20250626-2164,details
2441,RM6098-Call-Off-Schedule-2-Staff-Transfer-v10-1--20250626-2178,details
2442,RM6098-Call-Off-Schedule-2-Staff-Transfer-v10-1--20250626-2194,details
2443,RM6098-Call-Off-Schedule-2-Staff-Transfer-v10-1--20250626-2205,details
2444,RM6098-Call-Off-Schedule-21-Northern-Ireland-Law-v10--20250626-2221,details
2445,RM6098-Call-Off-Schedule-22-Lease-Terms-FINANCIAL-LEASE-v11--20250626-2332,details
2446,RM6098-Call-Off-Schedule-22-Lease-Terms-FINANCIAL-LEASE-v11--20250626-2333,details
2447,RM6098-Call-Off-Schedule-22-Lease-Terms-FINANCIAL-LEASE-v11--20250626-2338,details
2448,RM6098-Call-Off-Schedule-22-Lease-Terms-FINANCIAL-LEASE-v11--20250626-2348,details
2449,RM6098-Call-Off-Schedule-22-Lease-Terms-FINANCIAL-LEASE-v11--20250626-2349,details
2450,RM6098-Call-Off-Schedule-22-Lease-Terms-OPERATIONAL-LEASE-v11--20250626-2352,details
2451,RM6098-Call-Off-Schedule-22-Lease-Terms-OPERATIONAL-LEASE-v11--20250626-2406,details
2452,RM6098-Call-Off-Schedule-22-Lease-Terms-FINANCIAL-LEASE-v11--20250626-2231,details
2453,RM6098-Call-Off-Schedule-22-Lease-Terms-FINANCIAL-LEASE-v11--20250626-2240,details
2454,RM6098-Call-Off-Schedule-22-Lease-Terms-FINANCIAL-LEASE-v11--20250626-2244,details
2455,RM6098-Call-Off-Schedule-22-Lease-Terms-FINANCIAL-LEASE-v11--20250626-2273,details
2456,RM6098-Call-Off-Schedule-22-Lease-Terms-FINANCIAL-LEASE-v11--20250626-2314,details
2457,RM6098-Call-Off-Schedule-22-Lease-Terms-FINANCIAL-LEASE-v11--20250626-2320,details
2458,RM6098-Call-Off-Schedule-6-Annex-E-As-a-Service-additional-terms-v20--20250626-2641,details
2459,RM6098-Call-Off-Schedule-6-Annex-E-As-a-Service-additional-terms-v20--20250626-2649,details
2460,RM6098-Call-Off-Schedule-6-Annex-E-As-a-Service-additional-terms-v20--20250626-2653,details
2461,RM6098-Call-Off-Schedule-6-Annex-E-As-a-Service-additional-terms-v20--20250626-2661,details
2462,RM6098-Call-Off-Schedule-6-Annex-E-As-a-Service-additional-terms-v20--20250626-2662,details
2463,RM6098-Call-Off-Schedule-6-Annex-E-As-a-Service-additional-terms-v20--20250626-2674,details
2464,RM6098-Call-Off-Schedule-6-Annex-E-As-a-Service-additional-terms-v20--20250626-2679,details
2465,RM6098-Call-Off-Schedule-6-Annex-E-As-a-Service-additional-terms-v20--20250626-2687,details
2466,RM6098-Call-Off-Schedule-6-Annex-E-As-a-Service-additional-terms-v20--20250626-2691,details
2467,RM6098-Call-Off-Schedule-6-Annex-E-As-a-Service-additional-terms-v20--20250626-2709,details
2468,RM6098-Call-Off-Schedule-6-Annex-E-As-a-Service-additional-terms-v20--20250626-2714,details
2469,RM6098-Call-Off-Schedule-8-Business-Continuity-and-Disaster-Recovery-v10--20250626-2831,details
2470,RM6098-Call-Off-Schedule-8-Business-Continuity-and-Disaster-Recovery-v10--20250626-2832,details
2471,RM6098-Call-Off-Schedule-8-Business-Continuity-and-Disaster-Recovery-v10--20250626-2835,details
2472,RM6098-Call-Off-Schedule-8-Business-Continuity-and-Disaster-Recovery-v10--20250626-2837,details
2473,RM6098-Call-Off-Schedule-9-Security-v10--20250626-2893,details
2474,RM6098-Call-Off-Schedule-9-Security-v10--20250626-2906,details
2475,RM6098-Call-Off-Schedule-9-Security-v10--20250626-2912,details
2476,RM6098-Call-Off-Schedule-9-Security-v10--20250626-2913,details
2477,RM6098-Call-Off-Schedule-9-Security-v10--20250626-2925,details
2478,RM6098-Call-Off-Schedule-22-Lease-Terms-v21--20250626-2529,details
2479,RM6098-Call-Off-Schedule-22-Lease-Terms-v21--20250626-2540,details
2480,RM6098-Call-Off-Schedule-22-Lease-Terms-v21--20250626-2558,details
2481,RM6098-Call-Off-Schedule-22-Lease-Terms-v21--20250626-2563,details
2482,RM6098-Call-Off-Schedule-22-Lease-Terms-v21--20250626-2581,details
2483,RM6098-Call-Off-Schedule-22-Lease-Terms-v21--20250626-2589,details
2484,RM6098-Call-Off-Schedule-23-HMRC-Terms-v10--20250626-2611,details
2485,RM6098-Call-Off-Schedule-23-HMRC-Terms-v10--20250626-2613,details
2486,RM6098-Call-Off-Schedule-3-Continuous-Improvement-v10--20250626-2620,details
2487,RM6098-Call-Off-Schedule-6-Annex-E-As-a-Service-additional-terms-v20--20250626-2731,details
2488,RM6098-Call-Off-Schedule-6-ICT-Services-v20-1--20250626-2748,details
2489,RM6098-Call-Off-Schedule-6-ICT-Services-v20-1--20250626-2762,details
2490,RM6098-Call-Off-Schedule-6-ICT-Services-v20-1--20250626-2772,details
2491,RM6098-Call-Off-Schedule-6-ICT-Services-v20-1--20250626-2790,details
2492,RM6098-Call-Off-Schedule-8-Business-Continuity-and-Disaster-Recovery-v10--20250626-2824,details
2493,RM6098-Core-terms-v3011-1--20250626-3030,details
2494,RM6098-Core-terms-v3011-1--20250626-3035,details
2495,RM6098-Core-terms-v3011-1--20250626-3038,details
2496,RM6098-Core-terms-v3011-1--20250626-3078,details
2497,RM6098-Core-terms-v3011-1--20250626-3081,details
2498,RM6098-Core-terms-v3011-1--20250626-3086,details
2499,RM6098-Core-terms-v3011-1--20250626-3093,details
2500,RM6098-Direct-Award-procedure-overview-v61_2--20250626-3111,details
2501,RM6098-Expression-of-interest-template-v2--20250626-3125,details
2502,RM6098-Expression-of-interest-template-v2--20250626-3126,details
2503,RM6098-Expression-of-interest-template-v2--20250626-3128,details
2504,RM6098-Expression-of-interest-template-v2--20250626-3133,details
2505,RM6098-Framework-Award-Form-v20--20250626-3157,details
2506,RM6098-Framework-schedule-1-specification-v41--20250626-3186,details
2507,RM6098-Framework-schedule-1-specification-v41--20250626-3195,details
2508,RM6098-Framework-schedule-1-specification-v41--20250626-3210,details
2509,RM6098-Framework-schedule-1-specification-v41--20250626-3211,details
2510,RM6098-Framework-schedule-1-specification-v41--20250626-3214,details
2511,RM6098-Framework-schedule-1-specification-v41--20250626-3232,details
2512,RM6098-Framework-schedule-1-specification-v41--20250626-3265,details
2513,RM6098-Framework-schedule-1-specification-v41--20250626-3279,details
2514,RM6098-Framework-Schedule-4-Framework-Management-v20--20250626-3311,details
2515,RM6098-Framework-Schedule-4-Framework-Management-v20--20250626-3313,details
2516,RM6098-Framework-Schedule-4-Framework-Management-v20--20250626-3315,details
2517,RM6098-Framework-Schedule-5-Management-Charges-and-Information-v10--20250626-3330,details
2518,RM6098-Call-Off-Schedule-9-Security-v10--20250626-2936,details
2519,RM6098-Case-studies-v5_2--20250626-2966,details
2520,RM6098-Case-studies-v5_2--20250626-2998,details
2521,RM6098-Joint-Schedule-7-Financial-Difficulties-v34--20250626-3642,details
2522,RM6098-Joint-Schedule-7-Financial-Difficulties-v34--20250626-3643,details
2523,RM6098-Joint-Schedule-7-Financial-Difficulties-v34--20250626-3646,details
2524,RM6098-Joint-Schedule-7-Financial-Difficulties-v34--20250626-3651,details
2525,RM6098-Joint-Schedule-7-Financial-Difficulties-v34--20250626-3673,details
2526,RM6098-Joint-Schedule-7-Financial-Difficulties-v34--20250626-3674,details
2527,RM6098-Joint-Schedule-7-Financial-Difficulties-v34--20250626-3684,details
2528,RM6098-Joint-Schedule-7-Financial-Difficulties-v34--20250626-3691,details
2529,RM6098-Joint-Schedule-7-Financial-Difficulties-v34--20250626-3693,details
2530,RM6098-Joint-Schedule-7-Financial-Difficulties-v34--20250626-3694,details
2531,RM6098-Joint-Schedule-7-Financial-Difficulties-v34--20250626-3702,details
2532,RM6098-Joint-Schedule-7-Financial-Difficulties-v34--20250626-3707,details
2533,RM6098-Framework-Schedule-7-Call-Off-Award-Procedure-v2--20250626-3369,details
2534,RM6098-Framework-Schedule-7-Call-Off-Award-Procedure-v2--20250626-3370,details
2535,RM6098-Framework-Schedule-7-Call-Off-Award-Procedure-v2--20250626-3374,details
2536,RM6098-Framework-Schedule-7-Call-Off-Award-Procedure-v2--20250626-3388,details
2537,RM6098-Framework-Schedule-9-O-Cyber-Essentials-Scheme-v10--20250626-3406,details
2538,RM6098-Framework-Schedule-9-O-Cyber-Essentials-Scheme-v10--20250626-3407,details
2539,RM6098-Invitation-to-tender-template-v3--20250626-3414,details
2540,RM6098-Invitation-to-tender-template-v3--20250626-3415,details
2541,RM6098-Invitation-to-tender-template-v3--20250626-3417,details
2542,RM6098-Invitation-to-tender-template-v3--20250626-3423,details
2543,RM6098-Invitation-to-tender-template-v3--20250626-3424,details
2544,RM6098-Invitation-to-tender-template-v3--20250626-3454,details
2545,RM6098-Joint-Schedule-1-Definitions-v10--20250626-3468,details
2546,RM6098-Joint-Schedule-11-processing-data-v20--20250626-3479,details
2547,RM6098-Joint-Schedule-11-processing-data-v20--20250626-3485,details
2548,RM6098-Joint-Schedule-11-processing-data-v20--20250626-3490,details
2549,RM6098-Joint-Schedule-11-processing-data-v20--20250626-3492,details
2550,RM6098-Joint-Schedule-11-processing-data-v20--20250626-3511,details
2551,RM6098-Joint-Schedule-11-processing-data-v20--20250626-3518,details
2552,RM6098-Joint-Schedule-11-processing-data-v20--20250626-3523,details
2553,RM6098-Joint-Schedule-11-processing-data-v20--20250626-3538,details
2554,RM6098-Joint-Schedule-11-processing-data-v20--20250626-3539,details
2555,RM6098-Joint-Schedule-11-processing-data-v20--20250626-3568,details
2556,RM6098-Joint-Schedule-11-processing-data-v20--20250626-3569,details
2557,RM6098-Joint-Schedule-11-processing-data-v20--20250626-3575,details
2558,RM6098-Joint-Schedule-3-Insurance-Requirements-v10--20250626-3599,details
2559,RM6098-Joint-Schedule-3-Insurance-Requirements-v10--20250626-3601,details
2560,RM6098-Joint-Schedule-3-Insurance-Requirements-v10--20250626-3604,details
2561,RM6098-Joint-Schedule-7-Financial-Difficulties-v34--20250626-3737,details
2562,RM6098-Joint-Schedule-8-Guarantee-for-PSC-v10--20250626-3740,details
2563,RM6098-Joint-Schedule-8-Guarantee-for-PSC-v10--20250626-3748,details
2564,RM6098-Joint-Schedule-8-Guarantee-for-PSC-v10--20250626-3751,details
2565,RM6098-Leasing-tech-hardware-best-practice-process-v28-1--20250626-3766,details
2566,RM6098-Leasing-tech-hardware-best-practice-process-v28-1--20250626-3781,details
2567,RM6098-Leasing-tech-hardware-best-practice-process-v28-1--20250626-3795,details
2568,RM6098-Leasing-tech-hardware-best-practice-process-v28-1--20250626-3798,details
2569,RM6098-Market-engagement-best-practice-process-v27--20250626-3824,details
2570,RM6098-Market-engagement-best-practice-process-v27--20250626-3833,details
2571,RM6098-Market-engagement-best-practice-process-v27--20250626-3835,details
2572,RM6098-Model-Contract-Pack-v3--20250626-3846,details
2573,RM6098-Model-Contract-Pack-v3--20250626-3855,details
2574,RM6098-Model-Contract-Pack-v3--20250626-3856,details
2575,RM6098-Model-Contract-Pack-v3--20250626-3860,details
2576,RM6098-Model-Contract-Pack-v3--20250626-3875,details
2577,RM6098-Model-Contract-Pack-v3--20250626-3878,details
2578,RM6098-Model-Contract-Pack-v3--20250626-3888,details
2579,RM6098-Model-Contract-Pack-v3--20250626-3891,details
2580,RM6098-Model-Contract-Pack-v3--20250626-3900,details
2581,RM6098-Model-Contract-Pack-v3--20250626-3907,details
2582,RM6098-Model-Contract-Pack-v3--20250626-3920,details
2583,RM6098-Model-Contract-Pack-v3--20250626-3958,details
2584,RM6098-Model-Contract-Pack-v3--20250626-3969,details
2585,RM6098-Model-Contract-Pack-v3--20250626-3971,details
2586,RM6098-Model-Contract-Pack-v3--20250626-3986,details
2587,RM6098-Model-Contract-Pack-v3--20250626-3995,details
2588,RM6098-Model-Contract-Pack-v3--20250626-3999,details
2589,RM6098-Model-Contract-Pack-v3--20250626-4011,details
2590,RM6098-Model-Contract-Pack-v3--20250626-4023,details
2591,RM6098-Model-Contract-Pack-v3--20250626-4068,details
2592,RM6098-Model-Contract-Pack-v3--20250626-4079,details
2593,RM6098-Model-Contract-Pack-v3--20250626-4085,details
2594,RM6098-Model-Contract-Pack-v3--20250626-4086,details
2595,RM6098-Model-Contract-Pack-v3--20250626-4091,details
2596,RM6098-Model-Contract-Pack-v3--20250626-4093,details
2597,RM6098-Model-Contract-Pack-v3--20250626-4109,details
2598,RM6116-Call-Off-Schedule-14-Service-Levels-vFinal11--20250626-4462,details
2599,RM6116-Call-Off-Schedule-14-Service-Levels-vFinal11--20250626-4465,details
2600,RM6116-Call-Off-Schedule-14-Service-Levels-vFinal11--20250626-4466,details
2601,RM6116-Call-Off-Schedule-14-Service-Levels-vFinal11--20250626-4467,details
2602,RM6116-Call-Off-Schedule-14-Service-Levels-vFinal11--20250626-4469,details
2603,RM6116-Call-Off-Schedule-14-Service-Levels-vFinal11--20250626-4484,details
2604,RM6116-Call-Off-Schedule-14-Service-Levels-vFinal11--20250626-4500,details
2605,RM6116-Call-Off-Schedule-14-Service-Levels-vFinal11--20250626-4501,details
2606,RM6116-Call-Off-Schedule-15-Call-Off-Contract-Management-vFinal--20250626-4507,details
2607,RM6116-Call-Off-Schedule-16-Benchmarking-vFinal--20250626-4513,details
2608,RM6116-Call-Off-Schedule-17-MOD-Terms-vFinal--20250626-4536,details
2609,RM6116-Buyer-guide-v12--20250626-4244,details
2610,RM6116-Buyer-guide-v12--20250626-4258,details
2611,RM6116-Buyer-guide-v12--20250626-4270,details
2612,RM6116-Buyer-guide-v12--20250626-4285,details
2613,RM6116-Buyer-guide-v12--20250626-4289,details
2614,RM6116-Buyer-guide-v12--20250626-4294,details
2615,RM6116-Buyer-guide-v12--20250626-4305,details
2616,RM6116-Call-Off-Schedule-1-Transparency-Reports-vFinal--20250626-4320,details
2617,RM6116-Call-Off-Schedule-10-Exit-Management-V12--20250626-4325,details
2618,RM6116-Call-Off-Schedule-10-Exit-Management-V12--20250626-4338,details
2619,RM6116-Call-Off-Schedule-10-Exit-Management-V12--20250626-4346,details
2620,RM6116-Call-Off-Schedule-10-Exit-Management-V12--20250626-4349,details
2621,RM6116-Call-Off-Schedule-13-Implementation-Plan-and-Testing-v11--20250626-4390,details
2622,RM6116-Call-Off-Schedule-13-Implementation-Plan-and-Testing-v11--20250626-4394,details
2623,RM6116-Call-Off-Schedule-13-Implementation-Plan-and-Testing-v11--20250626-4404,details
2624,RM6116-Call-Off-Schedule-13-Implementation-Plan-and-Testing-v11--20250626-4415,details
2625,RM6116-Call-Off-Schedule-13-Implementation-Plan-and-Testing-v11--20250626-4419,details
2626,RM6116-Call-Off-Schedule-13-Implementation-Plan-and-Testing-v11--20250626-4420,details
2627,RM6098-Model-Contract-Pack-v3--20250626-4142,details
2628,RM6098-Model-Contract-Pack-v3--20250626-4147,details
2629,RM6098-Model-Contract-Pack-v3--20250626-4176,details
2630,RM6098-Model-Contract-Pack-v3--20250626-4187,details
2631,RM6098_Description--20250626-4236,details
2632,RM6116-Call-Off-Schedule-2-Staff-Transfer-vFinal--20250626-4655,details
2633,RM6116-Call-Off-Schedule-2-Staff-Transfer-vFinal--20250626-4659,details
2634,RM6116-Call-Off-Schedule-2-Staff-Transfer-vFinal--20250626-4663,details
2635,RM6116-Call-Off-Schedule-2-Staff-Transfer-vFinal--20250626-4665,details
2636,RM6116-Call-Off-Schedule-2-Staff-Transfer-vFinal--20250626-4672,details
2637,RM6116-Call-Off-Schedule-2-Staff-Transfer-vFinal--20250626-4674,details
2638,RM6116-Call-Off-Schedule-2-Staff-Transfer-vFinal--20250626-4684,details
2639,RM6116-Call-Off-Schedule-2-Staff-Transfer-vFinal--20250626-4693,details
2640,RM6116-Call-Off-Schedule-2-Staff-Transfer-vFinal--20250626-4698,details
2641,RM6116-Call-Off-Schedule-2-Staff-Transfer-vFinal--20250626-4699,details
2642,RM6116-Call-Off-Schedule-2-Staff-Transfer-vFinal--20250626-4701,details
2643,RM6116-Call-Off-Schedule-2-Staff-Transfer-vFinal--20250626-4710,details
2644,RM6116-Call-Off-Schedule-2-Staff-Transfer-vFinal--20250626-4711,details
2645,RM6116-Call-Off-Schedule-2-Staff-Transfer-vFinal--20250626-4714,details
2646,RM6116-Call-Off-Schedule-2-Staff-Transfer-vFinal--20250626-4727,details
2647,RM6116-Call-Off-Schedule-18-Background-Checks-vFinal--20250626-4545,details
2648,RM6116-Call-Off-Schedule-19-Scottish-Law-vFinal--20250626-4547,details
2649,RM6116-Call-Off-Schedule-2-Staff-Transfer-vFinal--20250626-4554,details
2650,RM6116-Call-Off-Schedule-2-Staff-Transfer-vFinal--20250626-4555,details
2651,RM6116-Call-Off-Schedule-2-Staff-Transfer-vFinal--20250626-4565,details
2652,RM6116-Call-Off-Schedule-2-Staff-Transfer-vFinal--20250626-4599,details
2653,RM6116-Call-Off-Schedule-2-Staff-Transfer-vFinal--20250626-4604,details
2654,RM6116-Call-Off-Schedule-2-Staff-Transfer-vFinal--20250626-4613,details
2655,RM6116-Call-Off-Schedule-2-Staff-Transfer-vFinal--20250626-4624,details
2656,RM6116-Call-Off-Schedule-2-Staff-Transfer-vFinal--20250626-4625,details
2657,RM6116-Call-Off-Schedule-2-Staff-Transfer-vFinal--20250626-4628,details
2658,RM6116-Call-Off-Schedule-2-Staff-Transfer-vFinal--20250626-4750,details
2659,RM6116-Call-Off-Schedule-2-Staff-Transfer-vFinal--20250626-4770,details
2660,RM6116-Call-Off-Schedule-2-Staff-Transfer-vFinal--20250626-4775,details
2661,RM6116-Call-Off-Schedule-2-Staff-Transfer-vFinal--20250626-4782,details
2662,RM6116-Call-Off-Schedule-2-Staff-Transfer-vFinal--20250626-4795,details
2663,RM6116-Call-Off-Schedule-21-Northern-Ireland-Law-vFinal--20250626-4808,details
2664,RM6116-Call-Off-Schedule-22-Lease-Terms-vFinal--20250626-4814,details
2665,RM6116-Call-Off-Schedule-22-Lease-Terms-vFinal--20250626-4818,details
2666,RM6116-Call-Off-Schedule-22-Lease-Terms-vFinal--20250626-4831,details
2667,RM6116-Call-Off-Schedule-23-HMRC-Terms-v11--20250626-4845,details
2668,RM6116-Call-Off-Schedule-6-ICT-Services-v11--20250626-4865,details
2669,RM6116-Call-Off-Schedule-6-ICT-Services-v11--20250626-4877,details
2670,RM6116-Call-Off-Schedule-6-ICT-Services-v11--20250626-4901,details
2671,RM6116-Call-Off-Schedule-8-Business-Continuity-and-Disaster-Recovery-v11--20250626-4930,details
2672,RM6116-Call-Off-Schedule-8-Business-Continuity-and-Disaster-Recovery-v11--20250626-4943,details
2673,RM6116-Framework-Schedule-3-Framework-Prices-vFinal-11--20250626-5155,details
2674,RM6116-Framework-Schedule-3-Framework-Prices-vFinal-11--20250626-5159,details
2675,RM6116-Framework-Schedule-3-Framework-Prices-vFinal-11--20250626-5163,details
2676,RM6116-Framework-Schedule-3-Framework-Prices-vFinal-11--20250626-5177,details
2677,RM6116-Framework-Schedule-4-Framework-Management-vFinal--20250626-5199,details
2678,RM6116-Framework-Schedule-4-Framework-Management-vFinal--20250626-5200,details
2679,RM6116-Framework-Schedule-4-Framework-Management-vFinal--20250626-5202,details
2680,RM6116-Framework-Schedule-4-Framework-Management-vFinal--20250626-5203,details
2681,RM6116-Framework-Schedule-4-Framework-Management-vFinal--20250626-5206,details
2682,RM6116-Framework-Schedule-5-Management-Charges-and-Information-vFinal--20250626-5216,details
2683,RM6116-Framework-Schedule-5-Management-Charges-and-Information-vFinal--20250626-5219,details
2684,RM6116-Framework-Schedule-5-Management-Charges-and-Information-vFinal--20250626-5225,details
2685,RM6116-Call-Off-Schedule-8-Business-Continuity-and-Disaster-Recovery-v11--20250626-4977,details
2686,RM6116-Call-Off-Schedule-8-Business-Continuity-and-Disaster-Recovery-v11--20250626-4983,details
2687,RM6116-Call-Off-Schedule-9-Security-vFinal--20250626-5022,details
2688,RM6116-Call-Off-Schedule-9-Security-vFinal--20250626-5034,details
2689,RM6116-Call-Off-Schedule-9-Security-vFinal--20250626-5044,details
2690,RM6116-Call-Off-Schedule-9-Security-vFinal--20250626-5045,details
2691,RM6116-Call-Off-Schedule-9-Security-vFinal--20250626-5046,details
2692,RM6116-Call-Off-Schedule-9-Security-vFinal--20250626-5061,details
2693,RM6116-Call-Off-Schedule-9-Security-vFinal--20250626-5066,details
2694,RM6116-Framework-Schedule-1-Specification-vFinal--20250626-5081,details
2695,RM6116-Framework-Schedule-1-Specification-vFinal--20250626-5093,details
2696,RM6116-Framework-Schedule-1-Specification-vFinal--20250626-5099,details
2697,RM6116-Framework-Schedule-1-Specification-vFinal--20250626-5120,details
2698,RM6116-Framework-Schedule-1-Specification-vFinal--20250626-5144,details
2699,RM6116-Framework-Schedule-7-Call-Off-Award-Procedure-v10-2--20250626-5261,details
2700,RM6116-Framework-Schedule-7-Call-Off-Award-Procedure-v10-2--20250626-5262,details
2701,RM6116-Framework-Schedule-7-Call-Off-Award-Procedure-v10-2--20250626-5278,details
2702,RM6116-Joint-Schedule-1-Definitions-vFinal--20250626-5309,details
2703,RM6116-Joint-Schedule-1-Definitions-vFinal--20250626-5316,details
2704,RM6116-Joint-Schedule-1-Definitions-vFinal--20250626-5332,details
2705,RM6116-Joint-Schedule-1-Definitions-vFinal--20250626-5352,details
2706,RM6116-Joint-Schedule-7-Financial-Difficulties-v11docx--20250626-5657,details
2707,RM6116-Joint-Schedule-7-Financial-Difficulties-v11docx--20250626-5665,details
2708,RM6116-Joint-Schedule-7-Financial-Difficulties-v11docx--20250626-5667,details
2709,RM6116-Joint-Schedule-7-Financial-Difficulties-v11docx--20250626-5673,details
2710,RM6116-Joint-Schedule-7-Financial-Difficulties-v11docx--20250626-5675,details
2711,RM6116-Joint-Schedule-9-Minimum-Standards-of-Reliability-v2--20250626-5706,details
2712,RM6116-Network-Services-3-Statement-of-Requirements-Template-accessible-v1-1--20250626-5709,details
2713,RM6116-NS3-Core-terms-v3011--20250626-5745,details
2714,RM6116-NS3-Core-terms-v3011--20250626-5748,details
2715,RM6116-NS3-Core-terms-v3011--20250626-5749,details
2716,RM6116-NS3-Core-terms-v3011--20250626-5750,details
2717,RM6116-NS3-Core-terms-v3011--20250626-5756,details
2718,RM6116-Joint-Schedule-11-Processing-Data-vFinal-1--20250626-5462,details
2719,RM6116-Joint-Schedule-11-Processing-Data-vFinal-1--20250626-5476,details
2720,RM6116-Joint-Schedule-11-Processing-Data-vFinal-1--20250626-5480,details
2721,RM6116-Joint-Schedule-11-Processing-Data-vFinal-1--20250626-5513,details
2722,RM6116-Joint-Schedule-2-Variation-Form-vFinal--20250626-5523,details
2723,RM6116-Joint-Schedule-3-Insurance-Requirements-vFinal--20250626-5534,details
2724,RM6116-Joint-Schedule-5-Corporate-Social-Responsibility-vFinal--20250626-5548,details
2725,RM6116-Joint-Schedule-5-Corporate-Social-Responsibility-vFinal--20250626-5551,details
2726,RM6116-Joint-Schedule-1-Definitions-vFinal--20250626-5414,details
2727,RM6116-Joint-Schedule-1-Definitions-vFinal--20250626-5416,details
2728,RM6116-Joint-Schedule-1-Definitions-vFinal--20250626-5418,details
2729,RM6116-Joint-Schedule-1-Definitions-vFinal--20250626-5419,details
2730,RM6116-Joint-Schedule-1-Definitions-vFinal--20250626-5425,details
2731,RM6116-Joint-Schedule-10-Rectification-Plan-vFinal--20250626-5433,details
2732,RM6116-Joint-Schedule-10-Rectification-Plan-vFinal--20250626-5434,details
2733,RM6116-Joint-Schedule-11-Processing-Data-vFinal-1--20250626-5453,details
2734,RM6116-Joint-Schedule-6-Key-Subcontractors-vFinal--20250626-5570,details
2735,RM6116-Joint-Schedule-7-Financial-Difficulties-v11docx--20250626-5580,details
2736,RM6116-Joint-Schedule-7-Financial-Difficulties-v11docx--20250626-5605,details
2737,RM6116-Joint-Schedule-7-Financial-Difficulties-v11docx--20250626-5609,details
2738,RM6116-Joint-Schedule-7-Financial-Difficulties-v11docx--20250626-5620,details
2739,RM6116-Joint-Schedule-7-Financial-Difficulties-v11docx--20250626-5641,details
2740,RM6116-Joint-Schedule-7-Financial-Difficulties-v11docx--20250626-5652,details
2741,RM6187-Call-Off-Schedule-13_-Implementation-Plan-and-Testing---20250626-5961,details
2742,RM6187-Call-Off-Schedule-13_-Implementation-Plan-and-Testing---20250626-5966,details
2743,RM6187-Call-Off-Schedule-13_-Implementation-Plan-and-Testing---20250626-5984,details
2744,RM6187-Call-Off-Schedule-13_-Implementation-Plan-and-Testing---20250626-5989,details
2745,RM6187-Call-Off-Schedule-13_-Implementation-Plan-and-Testing---20250626-5995,details
2746,RM6187-Call-Off-Schedule-13_-Implementation-Plan-and-Testing---20250626-6002,details
2747,RM6187-Call-Off-Schedule-13_-Implementation-Plan-and-Testing---20250626-6006,details
2748,RM6187-Call-Off-Schedule-14_-Service-Levels---20250626-6018,details
2749,RM6187-Call-Off-Schedule-14_-Service-Levels---20250626-6027,details
2750,RM6187-Call-Off-Schedule-15_-Call-Off-Contract-Management---20250626-6048,details
2751,RM6187-Call-Off-Schedule-16_-Benchmarking--20250626-6055,details
2752,RM6187-Call-Off-Schedule-16_-Benchmarking--20250626-6060,details
2753,RM6187-Call-Off-Schedule-16_-Benchmarking--20250626-6065,details
2754,RM6187-Call-Off-Schedule-17_-MOD-Terms---20250626-6073,details
2755,RM6187-Call-Off-Schedule-19_-Scottish-Law---20250626-6092,details
2756,RM6187-Call-Off-Schedule-19_-Scottish-Law---20250626-6095,details
2757,RM6187-Call-Off-Schedule-21_-Northern-Ireland-Law---20250626-6101,details
2758,RM6187-Call-Off-Schedule-23_-HMRC-Schedule---20250626-6113,details
2759,RM6187-Call-Off-Schedule-23_-HMRC-Schedule---20250626-6125,details
2760,RM6116-NS3-Core-terms-v3011--20250626-5761,details
2761,RM6116-NS3-Core-terms-v3011--20250626-5783,details
2762,RM6116-NS3-Core-terms-v3011--20250626-5792,details
2763,RM6116-NS3-Service-Offer-Guide-V3--20250626-5831,details
2764,RM6116-Request-For-Information-template-v1-2--20250626-5837,details
2765,RM6116_description--20250626-5859,details
2766,RM6187-Call-Off-Schedule-10_-Exit-Management---20250626-5923,details
2767,RM6187-Call-Off-Schedule-10_-Exit-Management---20250626-5927,details
2768,RM6187-Call-Off-Schedule-13_-Implementation-Plan-and-Testing---20250626-5958,details
2769,RM6187-Core-Terms---20250626-6377,details
2770,RM6187-Core-Terms---20250626-6378,details
2771,RM6187-Core-Terms---20250626-6385,details
2772,RM6187-Core-Terms---20250626-6399,details
2773,RM6187-Core-Terms---20250626-6409,details
2774,RM6187-Core-Terms---20250626-6410,details
2775,RM6187-Core-Terms---20250626-6424,details
2776,RM6187-Core-Terms---20250626-6434,details
2777,RM6187-Core-Terms---20250626-6444,details
2778,RM6187-Core-Terms---20250626-6447,details
2779,RM6187-Core-Terms---20250626-6452,details
2780,RM6187-Core-Terms---20250626-6458,details
2781,RM6187-Framework-Schedule-4_-Framework-Management---20250626-6504,details
2782,RM6187-Framework-Schedule-4_-Framework-Management---20250626-6530,details
2783,RM6187-Framework-Schedule-5_-Management-Charges-and-Information---20250626-6537,details
2784,RM6187-Framework-Schedule-5_-Management-Charges-and-Information---20250626-6547,details
2785,RM6187-Framework-Schedule-6_-Order-Form-and-Call-Off-Schedules-4--20250626-6551,details
2786,RM6187-Framework-Schedule-6_-Order-Form-and-Call-Off-Schedules-4--20250626-6558,details
2787,RM6187-Framework-Schedule-6_-Order-Form-and-Call-Off-Schedules-4--20250626-6564,details
2788,RM6187-Call-Off-Schedule-9_-Security---20250626-6279,details
2789,RM6187-Call-Off-Schedule-9_-Security---20250626-6295,details
2790,RM6187-Call-Off-Schedule-9_-Security---20250626-6306,details
2791,RM6187-Call-Off-Schedule-9_-Security---20250626-6316,details
2792,RM6187-Call-Off-Schedule-9_-Security---20250626-6321,details
2793,RM6187-Call-Off-Schedule-9_-Security---20250626-6338,details
2794,RM6187-Call-Off-Schedule-3_-Continuous-Improvement---20250626-6164,details
2795,RM6187-Call-Off-Schedule-3_-Continuous-Improvement---20250626-6166,details
2796,RM6187-Call-Off-Schedule-6_-ICT-Services---20250626-6182,details
2797,RM6187-Call-Off-Schedule-6_-ICT-Services---20250626-6193,details
2798,RM6187-Call-Off-Schedule-8_-Business-Continuity-and-Disaster-Recovery---20250626-6250,details
2799,RM6187-Framework-Schedule-6_-Order-Form-and-Call-Off-Schedules-4--20250626-6566,details
2800,RM6187-Framework-Schedule-7_-Call-Off-Award-Procedure---20250626-6572,details
2801,RM6187-Framework-Schedule-7_-Call-Off-Award-Procedure---20250626-6573,details
2802,RM6187-Framework-Schedule-7_-Call-Off-Award-Procedure---20250626-6579,details
2803,RM6187-Framework-Schedule-7_-Call-Off-Award-Procedure---20250626-6581,details
2804,RM6187-Framework-Schedule-9_-Cyber-Essentials-Scheme---20250626-6619,details
2805,RM6187-How-to-use-Contractual-Documents--1--20250626-6635,details
2806,RM6187-How-to-use-Contractual-Documents--1--20250626-6649,details
2807,RM6187-How-to-use-Contractual-Documents--1--20250626-6654,details
2808,RM6187-Joint-Schedule-10_-Rectification-Plan---20250626-6659,details
2809,RM6187-Joint-Schedule-1_-Definitions---20250626-6774,details
2810,RM6187-Joint-Schedule-1_-Definitions---20250626-6779,details
2811,RM6187-Joint-Schedule-1_-Definitions---20250626-6780,details
2812,RM6187-Joint-Schedule-1_-Definitions---20250626-6787,details
2813,RM6187-Joint-Schedule-1_-Definitions---20250626-6800,details
2814,RM6187-Joint-Schedule-1_-Definitions---20250626-6802,details
2815,RM6187-Joint-Schedule-1_-Definitions---20250626-6816,details
2816,RM6187-Joint-Schedule-1_-Definitions---20250626-6838,details
2817,RM6187-Joint-Schedule-1_-Definitions---20250626-6857,details
2818,RM6187-Joint-Schedule-11_-Processing-Data---20250626-6666,details
2819,RM6187-Joint-Schedule-11_-Processing-Data---20250626-6673,details
2820,RM6187-Joint-Schedule-11_-Processing-Data---20250626-6691,details
2821,RM6187-Joint-Schedule-11_-Processing-Data---20250626-6692,details
2822,RM6187-Joint-Schedule-11_-Processing-Data---20250626-6706,details
2823,RM6187-Joint-Schedule-11_-Processing-Data---20250626-6721,details
2824,RM6187-Joint-Schedule-11_-Processing-Data---20250626-6723,details
2825,RM6187-Joint-Schedule-1_-Definitions---20250626-6753,details
2826,RM6187-Joint-Schedule-1_-Definitions---20250626-6881,details
2827,RM6187-Joint-Schedule-7_-Financial-Difficulties-1--20250626-6928,details
2828,RM6187-Joint-Schedule-7_-Financial-Difficulties-1--20250626-6935,details
2829,RM6187-Joint-Schedule-8_-Guarantee---20250626-6962,details
2830,RM6187-T3-Non-Disclosure-Agreement-NDA--20250626-7075,details
2831,RM6187-T3-Non-Disclosure-Agreement-NDA--20250626-7080,details
2832,RM6187-T3-Non-Disclosure-Agreement-NDA--20250626-7081,details
2833,RM6187-T3-Non-Disclosure-Agreement-NDA--20250626-7097,details
2834,RM6187-T3-Non-Disclosure-Agreement-NDA--20250626-7106,details
2835,RM6187-T3-Non-Disclosure-Agreement-NDA--20250626-7108,details
2836,RM6187-T3-Non-Disclosure-Agreement-NDA--20250626-7124,details
2837,RM6187-T3-Non-Disclosure-Agreement-NDA--20250626-7126,details
2838,RM6187-T3-Non-Disclosure-Agreement-NDA--20250626-7132,details
2839,RM6187-T3-Non-Disclosure-Agreement-NDA--20250626-7142,details
2840,RM6187-T4-Request-for-Information---20250626-7152,details
2841,RM6187-T4-Request-for-Information---20250626-7164,details
2842,RM6187-T5-Attachment-1-About-the-Procurement--20250626-7165,details
2843,RM6187-Joint-Schedule-8_-Guarantee---20250626-6973,details
2844,RM6187-Joint-Schedule-8_-Guarantee---20250626-6974,details
2845,RM6187-Joint-Schedule-8_-Guarantee---20250626-6977,details
2846,RM6187-Joint-Schedule-8_-Guarantee---20250626-6987,details
2847,RM6187-Joint-Schedule-8_-Guarantee---20250626-6991,details
2848,RM6187-Joint-Schedule-8_-Guarantee---20250626-7016,details
2849,RM6187-Joint-Schedule-9_-Minimum-Standards-of-Reliability---20250626-7018,details
2850,RM6187-T10-Evaluator-Conflict-of-Interest-MCF3---20250626-7037,details
2851,RM6187-T11a-Award-Letter-1--20250626-7040,details
2852,RM6187-T2-Attachment-3-Statement-of-Requirements-docx--20250626-7063,details
2853,RM6187-T2-Attachment-3-Statement-of-Requirements-docx--20250626-7069,details
2854,RM6187-T5-Attachment-1-About-the-Procurement--20250626-7187,details
2855,RM6187-T5-Attachment-1-About-the-Procurement--20250626-7188,details
2856,RM6187-T6-Attachment-2-How-to-Bid-including-Evaluation-Criteria---20250626-7195,details
2857,RM6187-T6-Attachment-2-How-to-Bid-including-Evaluation-Criteria---20250626-7208,details
2858,RM6187-T6-Attachment-2-How-to-Bid-including-Evaluation-Criteria---20250626-7220,details
2859,RM6187-T6-Attachment-2-How-to-Bid-including-Evaluation-Criteria---20250626-7231,details
2860,DPS-Core-Terms-v103-1--20250626-7266,details
2861,DPS-Core-Terms-v103-1--20250626-7299,details
2862,DPS-Core-Terms-v103-1--20250626-7305,details
2863,DPS-Core-Terms-v103-1--20250626-7316,details
2864,DPS-Core-Terms-v103-1--20250626-7339,details
2865,DPS-Core-Terms-v103-1--20250626-7342,details
2866,RM6264-Attachment-1-About-the-Procurement-v2--20250626-7363,details
2867,RM6264-Attachment-1-About-the-Procurement-v2--20250626-7380,details
2868,RM6264-Attachment-2-How-to-Bid-v1--20250626-7392,details
2869,RM6264-Attachment-2-How-to-Bid-v1--20250626-7398,details
2870,RM6264-Attachment-2-How-to-Bid-v1--20250626-7403,details
2871,RM6264-Attachment-2-How-to-Bid-v1--20250626-7417,details
2872,RM6264-Attachment-2-How-to-Bid-v1--20250626-7426,details
2873,RM6264-Attachment-2-How-to-Bid-v1--20250626-7428,details
2874,RM6264-Attachment-3-Specification-v20--20250626-7433,details
2875,RM6264-Customer-user-agreement-v1--20250626-7448,details
2876,RM6264-DPS-Buyer-Guide-v30--20250626-7467,details
2877,RM6264-DPS-Joint-Schedule-11-Processing-Data-v10--20250626-7577,details
2878,RM6264-DPS-Joint-Schedule-11-Processing-Data-v10--20250626-7579,details
2879,RM6264-DPS-Joint-Schedule-3-Insurance-Requirements-v10--20250626-7598,details
2880,RM6264-DPS-Joint-Schedule-5-Corporate-Social-Responsibility-v10--20250626-7624,details
2881,RM6264-DPS-Joint-Schedule-7-Financial-Difficulties-v10--20250626-7650,details
2882,RM6264-DPS-Joint-Schedule-7-Financial-Difficulties-v10--20250626-7654,details
2883,RM6264-DPS-Joint-Schedule-7-Financial-Difficulties-v10--20250626-7655,details
2884,RM6264-DPS-Joint-Schedule-7-Financial-Difficulties-v10--20250626-7669,details
2885,RM6264-DPS-Joint-Schedule-7-Financial-Difficulties-v10--20250626-7674,details
2886,RM6264-DPS-Buyer-Guide-v30--20250626-7485,details
2887,RM6264-DPS-Buyer-Guide-v30--20250626-7494,details
2888,RM6264-DPS-Buyer-Guide-v30--20250626-7499,details
2889,RM6264-DPS-Buyer-Guide-v30--20250626-7500,details
2890,RM6264-DPS-Joint-Schedule-11-Processing-Data-v10--20250626-7529,details
2891,RM6264-DPS-Joint-Schedule-11-Processing-Data-v10--20250626-7547,details
2892,RM6264-DPS-Joint-Schedule-11-Processing-Data-v10--20250626-7554,details
2893,RM6264-DPS-Joint-Schedule-11-Processing-Data-v10--20250626-7557,details
2894,RM6264-DPS-Joint-Schedule-7-Financial-Difficulties-v10--20250626-7677,details
2895,RM6264-DPS-Joint-Schedule-7-Financial-Difficulties-v10--20250626-7678,details
2896,RM6264-DPS-Joint-Schedule-8-Guarantee-v10--20250626-7710,details
2897,RM6264-DPS-Order-Schedule-1-Transparency-Reports-v10--20250626-7717,details
2898,RM6264-DPS-Order-Schedule-10-Exit-Management-v10--20250626-7736,details
2899,RM6264-DPS-Order-Schedule-10-Exit-Management-v10--20250626-7747,details
2900,RM6264-DPS-Order-Schedule-12-Clustering-v10--20250626-7764,details
2901,RM6264-DPS-Order-Schedule-2-Staff-Transfer-v10--20250626-8092,details
2902,RM6264-DPS-Order-Schedule-22-Lease-Terms-v10--20250626-8118,details
2903,RM6264-DPS-Order-Schedule-23-HMRC-v10--20250626-8132,details
2904,RM6264-DPS-Order-Schedule-23-HMRC-v10--20250626-8137,details
2905,RM6264-DPS-Order-Schedule-25-Billable-Works-and-Projects-v10--20250626-8144,details
2906,RM6264-DPS-Order-Schedule-25-Billable-Works-and-Projects-v10--20250626-8145,details
2907,RM6264-DPS-Order-Schedule-25-Billable-Works-and-Projects-v10--20250626-8154,details
2908,RM6264-DPS-Order-Schedule-25-Billable-Works-and-Projects-v10--20250626-8156,details
2909,RM6264-DPS-Order-Schedule-25-Billable-Works-and-Projects-v10--20250626-8158,details
2910,RM6264-DPS-Order-Schedule-26-Buyer-Remedies-for-Default-and-Step-in-Rights-v10--20250626-8174,details
2911,RM6264-DPS-Order-Schedule-27-Construction-Contracts-v10--20250626-8179,details
2912,RM6264-DPS-Order-Schedule-2-Staff-Transfer-v10--20250626-7906,details
2913,RM6264-DPS-Order-Schedule-2-Staff-Transfer-v10--20250626-7907,details
2914,RM6264-DPS-Order-Schedule-2-Staff-Transfer-v10--20250626-7913,details
2915,RM6264-DPS-Order-Schedule-2-Staff-Transfer-v10--20250626-7914,details
2916,RM6264-DPS-Order-Schedule-2-Staff-Transfer-v10--20250626-7928,details
2917,RM6264-DPS-Order-Schedule-2-Staff-Transfer-v10--20250626-7966,details
2918,RM6264-DPS-Order-Schedule-2-Staff-Transfer-v10--20250626-7967,details
2919,RM6264-DPS-Order-Schedule-2-Staff-Transfer-v10--20250626-7978,details
2920,RM6264-DPS-Order-Schedule-2-Staff-Transfer-v10--20250626-8020,details
2921,RM6264-DPS-Order-Schedule-2-Staff-Transfer-v10--20250626-8036,details
2922,RM6264-DPS-Order-Schedule-2-Staff-Transfer-v10--20250626-8052,details
2923,RM6264-DPS-Order-Schedule-2-Staff-Transfer-v10--20250626-8063,details
2924,RM6264-DPS-Order-Schedule-2-Staff-Transfer-v10--20250626-8064,details
2925,RM6264-DPS-Order-Schedule-2-Staff-Transfer-v10--20250626-8069,details
2926,RM6264-DPS-Order-Schedule-13-Implementation-Plan-and-Testing-v10--20250626-7789,details
2927,RM6264-DPS-Order-Schedule-13-Implementation-Plan-and-Testing-v10--20250626-7798,details
2928,RM6264-DPS-Order-Schedule-13-Implementation-Plan-and-Testing-v10--20250626-7802,details
2929,RM6264-DPS-Order-Schedule-14-Service-Levels-v10--20250626-7840,details
2930,RM6264-DPS-Order-Schedule-9-Security-v10--20250626-8383,details
2931,RM6264-DPS-Order-Schedule-9-Security-v10--20250626-8384,details
2932,RM6264-DPS-Order-Schedule-9-Security-v10--20250626-8386,details
2933,RM6264-DPS-Order-Schedule-9-Security-v10--20250626-8403,details
2934,RM6264-DPS-Order-Schedule-9-Security-v10--20250626-8418,details
2935,RM6264-DPS-Schedule-1-Specification-v10--20250626-8442,details
2936,RM6264-DPS-Schedule-1-Specification-v10--20250626-8443,details
2937,RM6264-DPS-Schedule-1-Specification-v10--20250626-8444,details
2938,RM6264-DPS-Schedule-1-Specification-v10--20250626-8459,details
2939,RM6264-DPS-Schedule-1-Specification-v10--20250626-8469,details
2940,RM6264-DPS-Schedule-1-Specification-v10--20250626-8471,details
2941,RM6264-DPS-Schedule-1-Specification-v10--20250626-8481,details
2942,RM6264-DPS-Order-Schedule-8-Business-Continuity-and-Disaster-Recovery-v10--20250626-8289,details
2943,RM6264-DPS-Order-Schedule-8-Business-Continuity-and-Disaster-Recovery-v10--20250626-8306,details
2944,RM6264-DPS-Order-Schedule-8-Business-Continuity-and-Disaster-Recovery-v10--20250626-8311,details
2945,RM6264-DPS-Order-Schedule-8-Business-Continuity-and-Disaster-Recovery-v10--20250626-8323,details
2946,RM6264-DPS-Order-Schedule-8-Business-Continuity-and-Disaster-Recovery-v10--20250626-8324,details
2947,RM6264-DPS-Order-Schedule-8-Business-Continuity-and-Disaster-Recovery-v10--20250626-8327,details
2948,RM6264-DPS-Order-Schedule-9-Security-v10--20250626-8338,details
2949,RM6264-DPS-Order-Schedule-9-Security-v10--20250626-8343,details
2950,RM6264-DPS-Order-Schedule-9-Security-v10--20250626-8347,details
2951,RM6264-DPS-Order-Schedule-9-Security-v10--20250626-8361,details
2952,RM6264-DPS-Order-Schedule-9-Security-v10--20250626-8362,details
2953,RM6264-DPS-Schedule-1-Specification-v10--20250626-8495,details
2954,RM6264-DPS-Schedule-1-Specification-v10--20250626-8499,details
2955,RM6264-DPS-Schedule-1-Specification-v10--20250626-8501,details
2956,RM6264-DPS-Schedule-1-Specification-v10--20250626-8512,details
2957,RM6264-DPS-Schedule-1-Specification-v10--20250626-8515,details
2958,RM6264-DPS-Schedule-1-Specification-v10--20250626-8543,details
2959,RM6264-DPS-Schedule-1-Specification-v10--20250626-8550,details
2960,RM6264-DPS-Schedule-1-Specification-v10--20250626-8564,details
2961,RM6264-DPS-Schedule-1-Specification-v10--20250626-8565,details
2962,RM6264-DPS-Schedule-1-Specification-v10--20250626-8571,details
2963,RM6264-DPS-Schedule-1-Specification-v10--20250626-8572,details
2964,RM6264-DPS-Order-Schedule-27-Construction-Contracts-v10--20250626-8184,details
2965,RM6264-DPS-Order-Schedule-3-Continuous-Improvement-v10--20250626-8201,details
2966,RM6264-DPS-Order-Schedule-5-Pricing-Details-v10--20250626-8204,details
2967,RM6264-DPS-Order-Schedule-5-Pricing-Details-v10--20250626-8208,details
2968,RM6264-DPS-Order-Schedule-6-ICT-Services-v10--20250626-8237,details
2969,RM6264-DPS-Order-Schedule-6-ICT-Services-v10--20250626-8263,details
2970,RM6264-DPS-Order-Schedule-6-ICT-Services-v10--20250626-8265,details
2971,RM6264-DPS-Order-Schedule-8-Business-Continuity-and-Disaster-Recovery-v10--20250626-8277,details
2972,RM6264-DPS-Schedule-7-Order-Procedure-v10--20250626-8790,details
2973,RM6264-DPS-Schedule-7-Order-Procedure-v10--20250626-8793,details
2974,RM6264-Supplier-Outcome-Letter-Unsuccessful-v10--20250626-8830,details
2975,RM6264-Supplier-Outcome-Letter-Unsuccessful-v10--20250626-8833,details
2976,Become_a_supplier_on_a_Crown_Commercial_Service_framework_agreement--20250626-8839,startup
2977,Become_a_supplier_on_a_Crown_Commercial_Service_framework_agreement--20250626-8849,startup
2978,Become_a_supplier_on_a_Dynamic_Purchasing_System--20250626-8857,startup
2979,Buying_through_commercial_agreements--20250626-8858,startup
2980,RM6264-DPS-Schedule-1-Specification-v10--20250626-8687,details
2981,RM6264-DPS-Schedule-1-Specification-v10--20250626-8700,details
2982,RM6264-DPS-Schedule-1-Specification-v10--20250626-8716,details
2983,RM6264-DPS-Schedule-5-Management-Levy-and-Information-v10-1--20250626-8751,details
2984,RM6264-DPS-Schedule-5-Management-Levy-and-Information-v10-1--20250626-8758,details
2985,RM6264-DPS-Schedule-6-Order-form-template-and-order-schedules-v10--20250626-8776,details
2986,RM6264-DPS-Schedule-6-Order-form-template-and-order-schedules-v10--20250626-8780,details
2987,How_to_buy_through_Contract_Award_Service--20250626-8897,startup
2988,How_to_buy_through_Contract_Award_Service--20250626-8898,startup
2989,How_to_buy_through_Crown_Commercial_Service--20250626-8908,startup
2990,How_to_write_a_winning_bid_a_supplier_guide_to_successful_tender_responses--20250626-8925,startup
2991,What_is_social_value--20250626-8944,startup
2992,Spark_DPS--20250626-8962,recommendation
2993,RM6264-DPS-Schedule-1-Specification-v10--20250626-8611,details
2994,RM6264-DPS-Schedule-1-Specification-v10--20250626-8623,details
2995,RM6264-DPS-Schedule-1-Specification-v10--20250626-8631,details
2996,RM6264-DPS-Schedule-1-Specification-v10--20250626-8642,details
2997,RM6264-DPS-Schedule-1-Specification-v10--20250626-8654,details
2998,RM6264-DPS-Schedule-1-Specification-v10--20250626-8656,details
2999,Digital_Capability_for_Health--20250626-9001,recommendation
3000,Vehicle_Hire_Solutions--20250626-9022,recommendation
3001,Restructuring__Insolvency_Services--20250626-9025,recommendation
3002,Healthcare_Soft_FM--20250626-9055,recommendation
3003,International_Healthcare_Professional_Recruitment_and_Associated_Services--20250626-9056,recommendation
3004,Adult_Skills_and_Learning_DPS--20250626-9061,recommendation
3005,Income_Generation_from_Estates_Assets__IP_DPS--20250626-9063,recommendation
3006,Cyber_Security_Services_3--20250626-9068,recommendation
3007,Media_Services--20250626-9079,recommendation
3008,Estate_Management_Services--20250626-9089,recommendation
3009,Tail_Spend_Solution--20250626-9106,recommendation
3010,Vertical_Application_Solutions--20250626-9126,recommendation
3011,Managed_Staff_Banks--20250626-9138,recommendation
3012,Storage_Distribution_Kitting_and_Associated_Services--20250626-9142,recommendation
3013,Back_Office_Software_2--20250626-9144,recommendation
3014,Occupational_Health_and_Related_Services_DPS--20250626-9149,recommendation
3015,Digital__Legacy_Application_Services--20250626-9166,recommendation
3016,7319-23-Supplier-marketing-toolkit-1--20250626-7,details
3017,7319-23-Supplier-marketing-toolkit-1--20250626-13,details
3018,RM10438-DOS-6-Buyer-Guide-v11--20250626-23,details
3019,RM10438-DOS-6-Buyer-Guide-v11--20250626-30,details
3020,RM10438-DOS-6-Buyer-Guide-v11--20250626-33,details
3021,RM10438-DOS-6-Buyer-Guide-v11--20250626-59,details
3022,RM10438-DOS-6-Buyer-Guide-v11--20250626-61,details
3023,RM10438-key-changes-DOS5-to-DOS6--20250626-89,details
3024,RM10438-key-changes-DOS5-to-DOS6--20250626-93,details
3025,RM10438_Call-Off-Schedule-13-Implementation-Plan-and-Testing-v10--20250626-216,details
3026,RM10438_Call-Off-Schedule-13-Implementation-Plan-and-Testing-v10--20250626-217,details
3027,RM10438_Call-Off-Schedule-14-Service-Levels-and-Balanced-Scorecard-v10--20250626-221,details
3028,RM10438_Call-Off-Schedule-14-Service-Levels-and-Balanced-Scorecard-v10--20250626-223,details
3029,RM10438_Call-Off-Schedule-14-Service-Levels-and-Balanced-Scorecard-v10--20250626-244,details
3030,RM10438_Call-Off-Schedule-14-Service-Levels-and-Balanced-Scorecard-v10--20250626-250,details
3031,RM10438_Call-Off-Schedule-14-Service-Levels-and-Balanced-Scorecard-v10--20250626-259,details
3032,RM10438_Call-Off-Schedule-15-Call-Off-Contract-Management-v10--20250626-273,details
3033,RM10438_Call-Off-Schedule-2-Staff-Transfer-v10--20250626-413,details
3034,RM10438_Call-Off-Schedule-2-Staff-Transfer-v10--20250626-416,details
3035,RM10438_Call-Off-Schedule-2-Staff-Transfer-v10--20250626-439,details
3036,RM10438_Call-Off-Schedule-2-Staff-Transfer-v10--20250626-467,details
3037,RM10438_Call-Off-Schedule-2-Staff-Transfer-v10--20250626-476,details
3038,RM10438_Call-Off-Schedule-2-Staff-Transfer-v10--20250626-477,details
3039,RM10438_Call-Off-Schedule-2-Staff-Transfer-v10--20250626-479,details
3040,RM10438_Call-Off-Schedule-2-Staff-Transfer-v10--20250626-504,details
3041,RM10438_Call-Off-Schedule-10-Exit-Management-v10--20250626-104,details
3042,RM10438_Call-Off-Schedule-10-Exit-Management-v10--20250626-106,details
3043,RM10438_Call-Off-Schedule-10-Exit-Management-v10--20250626-118,details
3044,RM10438_Call-Off-Schedule-10-Exit-Management-v10--20250626-120,details
3045,RM10438_Call-Off-Schedule-10-Exit-Management-v10--20250626-132,details
3046,RM10438_Call-Off-Schedule-12-Clustering-v10--20250626-151,details
3047,RM10438_Call-Off-Schedule-13-Implementation-Plan-and-Testing-v10--20250626-172,details
3048,RM10438_Call-Off-Schedule-2-Staff-Transfer-v10--20250626-322,details
3049,RM10438_Call-Off-Schedule-2-Staff-Transfer-v10--20250626-344,details
3050,RM10438_Call-Off-Schedule-2-Staff-Transfer-v10--20250626-372,details
3051,RM10438_Call-Off-Schedule-2-Staff-Transfer-v10--20250626-388,details
3052,RM10438_Call-Off-Schedule-2-Staff-Transfer-v10--20250626-402,details
3053,RM10438_Call-Off-Schedule-3-Continuous-Improvement-v10--20250626-712,details
3054,RM10438_Call-Off-Schedule-6-Intellectual-Property-Rights-and-Additional-Terms-on-Digital-Deliverables-v10--20250626-728,details
3055,RM10438_Call-Off-Schedule-6-Intellectual-Property-Rights-and-Additional-Terms-on-Digital-Deliverables-v10--20250626-732,details
3056,RM10438_Call-Off-Schedule-6-Intellectual-Property-Rights-and-Additional-Terms-on-Digital-Deliverables-v10--20250626-739,details
3057,RM10438_Call-Off-Schedule-6-Intellectual-Property-Rights-and-Additional-Terms-on-Digital-Deliverables-v10--20250626-742,details
3058,RM10438_Call-Off-Schedule-6-Intellectual-Property-Rights-and-Additional-Terms-on-Digital-Deliverables-v10--20250626-748,details
3059,RM10438_Call-Off-Schedule-6-Intellectual-Property-Rights-and-Additional-Terms-on-Digital-Deliverables-v10--20250626-753,details
3060,RM10438_Call-Off-Schedule-6-Intellectual-Property-Rights-and-Additional-Terms-on-Digital-Deliverables-v10--20250626-762,details
3061,RM10438_Call-Off-Schedule-6-Intellectual-Property-Rights-and-Additional-Terms-on-Digital-Deliverables-v10--20250626-765,details
3062,RM10438_Call-Off-Schedule-9-Security-v20--20250626-823,details
3063,RM10438_Call-Off-Schedule-9-Security-v20--20250626-838,details
3064,RM10438_Call-Off-Schedule-9-Security-v20--20250626-840,details
3065,RM10438_Call-Off-Schedule-9-Security-v20--20250626-846,details
3066,RM10438_Call-Off-Schedule-9-Security-v20--20250626-853,details
3067,RM10438_Call-Off-Schedule-9-Security-v20--20250626-856,details
3068,RM10438_Call-Off-Schedule-9-Security-v20--20250626-874,details
3069,RM10438_Call-Off-Schedule-9-Security-v20--20250626-878,details
3070,RM10438_Call-Off-Schedule-9-Security-v20--20250626-900,details
3071,RM10438_Call-Off-Schedule-21-Northern-Ireland-Law-v10--20250626-606,details
3072,RM10438_Call-Off-Schedule-23-HMRC-Terms-v10--20250626-616,details
3073,RM10438_Call-Off-Schedule-23-HMRC-Terms-v10--20250626-633,details
3074,RM10438_Call-Off-Schedule-23-HMRC-Terms-v10--20250626-640,details
3075,RM10438_Call-Off-Schedule-25-Ethical-Walls-Agreement-v20--20250626-670,details
3076,RM10438_Call-Off-Schedule-2-Staff-Transfer-v10--20250626-517,details
3077,RM10438_Call-Off-Schedule-2-Staff-Transfer-v10--20250626-567,details
3078,RM10438_Call-Off-Schedule-2-Staff-Transfer-v10--20250626-589,details
3079,RM10438_Framework-Award-Form-v20-1--20250626-1032,details
3080,RM10438_Framework-Schedule-1-Specification-v10-1--20250626-1049,details
3081,RM10438_Framework-Schedule-1-Specification-v10-1--20250626-1052,details
3082,RM10438_Framework-Schedule-1-Specification-v10-1--20250626-1053,details
3083,RM10438_Framework-Schedule-1-Specification-v10-1--20250626-1070,details
3084,RM10438_Framework-Schedule-1-Specification-v10-1--20250626-1076,details
3085,RM10438_Framework-Schedule-3-Framework-Prices-v10-1--20250626-1078,details
3086,RM10438_Framework-Schedule-3-Framework-Prices-v10-1--20250626-1091,details
3087,RM10438_Framework-Schedule-4-Framework-Management-v10--20250626-1102,details
3088,RM10438_Framework-Schedule-4-Framework-Management-v10--20250626-1105,details
3089,RM10438_Framework-Schedule-4-Framework-Management-v10--20250626-1107,details
3090,RM10438_Core-Terms-v3011--20250626-922,details
3091,RM10438_Core-Terms-v3011--20250626-932,details
3092,RM10438_Core-Terms-v3011--20250626-934,details
3093,RM10438_Core-Terms-v3011--20250626-937,details
3094,RM10438_Core-Terms-v3011--20250626-954,details
3095,RM10438_Core-Terms-v3011--20250626-958,details
3096,RM10438_Core-Terms-v3011--20250626-968,details
3097,RM10438_Core-Terms-v3011--20250626-981,details
3098,RM10438_Framework-Schedule-6-Order-Form-Template-Statement-of-Work-Template-and-Call-Off-Schedules-v20--20250626-1224,details
3099,RM10438_Framework-Schedule-7-Call-Off-Award-Procedure-v10--20250626-1251,details
3100,RM10438_Framework-Schedule-7-Call-Off-Award-Procedure-v10--20250626-1263,details
3101,RM10438_Joint-Schedule-1-Definitions-v10--20250626-1287,details
3102,RM10438_Joint-Schedule-1-Definitions-v10--20250626-1289,details
3103,RM10438_Joint-Schedule-1-Definitions-v10--20250626-1306,details
3104,RM10438_Framework-Schedule-4-Framework-Management-v10--20250626-1120,details
3105,RM10438_Framework-Schedule-4-Framework-Management-v10--20250626-1130,details
3106,RM10438_Framework-Schedule-6-Order-Form-Template-Statement-of-Work-Template-and-Call-Off-Schedules-v20_1--20250626-1155,details
3107,RM10438_Framework-Schedule-6-Order-Form-Template-Statement-of-Work-Template-and-Call-Off-Schedules-v20_1--20250626-1171,details
3108,RM10438_Framework-Schedule-6-Order-Form-Template-Statement-of-Work-Template-and-Call-Off-Schedules-v20--20250626-1197,details
3109,RM10438_Joint-Schedule-1-Definitions-v10--20250626-1323,details
3110,RM10438_Joint-Schedule-1-Definitions-v10--20250626-1325,details
3111,RM10438_Joint-Schedule-1-Definitions-v10--20250626-1329,details
3112,RM10438_Joint-Schedule-1-Definitions-v10--20250626-1332,details
3113,RM10438_Joint-Schedule-1-Definitions-v10--20250626-1338,details
3114,RM10438_Joint-Schedule-1-Definitions-v10--20250626-1369,details
3115,RM10438_Joint-Schedule-1-Definitions-v10--20250626-1373,details
3116,RM10438_Joint-Schedule-1-Definitions-v10--20250626-1381,details
3117,RM10438_Joint-Schedule-1-Definitions-v10--20250626-1384,details
3118,RM10438_Joint-Schedule-1-Definitions-v10--20250626-1386,details
3119,RM10438_Joint-Schedule-1-Definitions-v10--20250626-1395,details
3120,RM10438_Joint-Schedule-1-Definitions-v10--20250626-1399,details
3121,RM10438_Joint-Schedule-1-Definitions-v10--20250626-1402,details
3122,RM10438_Joint-Schedule-3-Insurance-Requirements-v10--20250626-1524,details
3123,RM10438_Joint-Schedule-4-Commercially-Sensitive-Information-v10--20250626-1531,details
3124,RM10438_Joint-Schedule-6-Key-Subcontractors-v10--20250626-1544,details
3125,RM10438_Joint-Schedule-6-Key-Subcontractors-v10--20250626-1547,details
3126,RM10438_Joint-Schedule-7-Financial-Difficulties-v10--20250626-1553,details
3127,RM10438_Joint-Schedule-7-Financial-Difficulties-v10--20250626-1557,details
3128,RM10438_Joint-Schedule-7-Financial-Difficulties-v10--20250626-1565,details
3129,RM10438_Joint-Schedule-7-Financial-Difficulties-v10--20250626-1573,details
3130,RM10438_Joint-Schedule-8-Guarantee-v10--20250626-1606,details
3131,RM10438_Joint-Schedule-8-Guarantee-v10--20250626-1617,details
3132,RM6098-Buyer-guidance-to-the-public-sector-contract-v41_1--20250626-1658,details
3133,RM6098-Buyer-guidance-to-the-public-sector-contract-v41_1--20250626-1663,details
3134,RM6098-Buyer-guidance-to-the-public-sector-contract-v41_1--20250626-1666,details
3135,RM6098-Buyer-guidance-to-the-public-sector-contract-v41_1--20250626-1689,details
3136,RM6098-Buyer-guidance-to-the-public-sector-contract-v41_1--20250626-1690,details
3137,RM6098-Buyer-guidance-to-the-public-sector-contract-v41_1--20250626-1704,details
3138,RM6098-Buyer-guidance-to-the-public-sector-contract-v41_1--20250626-1711,details
3139,RM10438_Joint-Schedule-11-Processing-Data-v10--20250626-1472,details
3140,RM10438_Joint-Schedule-11-Processing-Data-v10--20250626-1481,details
3141,RM10438_Joint-Schedule-11-Processing-Data-v10--20250626-1485,details
3142,RM6098-Buyer-guidance-to-the-public-sector-contract-v41_1--20250626-1717,details
3143,RM6098-Buyer-guidance-to-the-public-sector-contract-v41_1--20250626-1737,details
3144,RM6098-Buyer-guidance-to-the-public-sector-contract-v41_1--20250626-1738,details
3145,RM6098-Buyer-guide-v81_1--20250626-1740,details
3146,RM6098-Buyer-guide-v81_1--20250626-1745,details
3147,RM6098-Buyer-guide-v81_1--20250626-1755,details
3148,RM6098-Buyer-guide-v81_1--20250626-1757,details
3149,RM6098-Buyer-guide-v81_1--20250626-1762,details
3150,RM6098-Buyer-guide-v81_1--20250626-1770,details
3151,RM6098-Buyer-guide-v81_1--20250626-1778,details
3152,RM6098-Buyer-guide-v81_1--20250626-1795,details
3153,RM6098-Buyer-guide-v81_1--20250626-1806,details
3154,RM6098-Call-Off-Schedule-2-Staff-Transfer-v10-1--20250626-2024,details
3155,RM6098-Call-Off-Schedule-2-Staff-Transfer-v10-1--20250626-2025,details
3156,RM6098-Call-Off-Schedule-2-Staff-Transfer-v10-1--20250626-2037,details
3157,RM6098-Call-Off-Schedule-2-Staff-Transfer-v10-1--20250626-2064,details
3158,RM6098-Call-Off-Schedule-2-Staff-Transfer-v10-1--20250626-2065,details
3159,RM6098-Call-Off-Schedule-2-Staff-Transfer-v10-1--20250626-2066,details
3160,RM6098-Call-Off-Schedule-2-Staff-Transfer-v10-1--20250626-2070,details
3161,RM6098-Call-Off-Schedule-2-Staff-Transfer-v10-1--20250626-2086,details
3162,RM6098-Call-Off-Schedule-2-Staff-Transfer-v10-1--20250626-2104,details
3163,RM6098-Call-Off-Schedule-2-Staff-Transfer-v10-1--20250626-2109,details
3164,RM6098-Call-Off-Schedule-2-Staff-Transfer-v10-1--20250626-2113,details
3165,RM6098-Call-Off-Schedule-1-Transparency-Reports-v10-1--20250626-1826,details
3166,RM6098-Call-Off-Schedule-10-Exit-Management-v20--20250626-1844,details
3167,RM6098-Call-Off-Schedule-10-Exit-Management-v20--20250626-1846,details
3168,RM6098-Call-Off-Schedule-11-Installation-Works-v10--20250626-1876,details
3169,RM6098-Call-Off-Schedule-12-Clustering-v10--20250626-1884,details
3170,RM6098-Call-Off-Schedule-12-Clustering-v10--20250626-1886,details
3171,RM6098-Call-Off-Schedule-13-Implementation-Plan-and-Testing-v10--20250626-1890,details
3172,RM6098-Call-Off-Schedule-13-Implementation-Plan-and-Testing-v10--20250626-1902,details
3173,RM6098-Call-Off-Schedule-13-Implementation-Plan-and-Testing-v10--20250626-1923,details
3174,RM6098-Call-Off-Schedule-13-Implementation-Plan-and-Testing-v10--20250626-1929,details
3175,RM6098-Call-Off-schedule-17-MOD-terms-v11--20250626-1994,details
3176,RM6098-Call-Off-Schedule-22-Lease-Terms-FINANCIAL-LEASE-v11--20250626-2228,details
3177,RM6098-Call-Off-Schedule-22-Lease-Terms-FINANCIAL-LEASE-v11--20250626-2255,details
3178,RM6098-Call-Off-Schedule-22-Lease-Terms-FINANCIAL-LEASE-v11--20250626-2281,details
3179,RM6098-Call-Off-Schedule-22-Lease-Terms-FINANCIAL-LEASE-v11--20250626-2290,details
3180,RM6098-Call-Off-Schedule-22-Lease-Terms-FINANCIAL-LEASE-v11--20250626-2291,details
3181,RM6098-Call-Off-Schedule-22-Lease-Terms-FINANCIAL-LEASE-v11--20250626-2292,details
3182,RM6098-Call-Off-Schedule-22-Lease-Terms-FINANCIAL-LEASE-v11--20250626-2296,details
3183,RM6098-Call-Off-Schedule-22-Lease-Terms-FINANCIAL-LEASE-v11--20250626-2299,details
3184,RM6098-Call-Off-Schedule-22-Lease-Terms-FINANCIAL-LEASE-v11--20250626-2300,details
3185,RM6098-Call-Off-Schedule-22-Lease-Terms-FINANCIAL-LEASE-v11--20250626-2307,details
3186,RM6098-Call-Off-Schedule-22-Lease-Terms-FINANCIAL-LEASE-v11--20250626-2313,details
3187,RM6098-Call-Off-Schedule-22-Lease-Terms-OPERATIONAL-LEASE-v11--20250626-2429,details
3188,RM6098-Call-Off-Schedule-22-Lease-Terms-OPERATIONAL-LEASE-v11--20250626-2443,details
3189,RM6098-Call-Off-Schedule-22-Lease-Terms-OPERATIONAL-LEASE-v11--20250626-2449,details
3190,RM6098-Call-Off-Schedule-22-Lease-Terms-OPERATIONAL-LEASE-v11--20250626-2455,details
3191,RM6098-Call-Off-Schedule-22-Lease-Terms-v21--20250626-2474,details
3192,RM6098-Call-Off-Schedule-22-Lease-Terms-v21--20250626-2493,details
3193,RM6098-Call-Off-Schedule-22-Lease-Terms-v21--20250626-2497,details
3194,RM6098-Call-Off-Schedule-22-Lease-Terms-v21--20250626-2512,details
3195,RM6098-Call-Off-Schedule-22-Lease-Terms-v21--20250626-2515,details
3196,RM6098-Call-Off-Schedule-22-Lease-Terms-v21--20250626-2520,details
3197,RM6098-Call-Off-Schedule-22-Lease-Terms-v21--20250626-2524,details
3198,RM6098-Call-Off-Schedule-22-Lease-Terms-FINANCIAL-LEASE-v11--20250626-2328,details
3199,RM6098-Call-Off-Schedule-22-Lease-Terms-FINANCIAL-LEASE-v11--20250626-2335,details
3200,RM6098-Call-Off-Schedule-22-Lease-Terms-FINANCIAL-LEASE-v11--20250626-2337,details
3201,RM6098-Call-Off-Schedule-22-Lease-Terms-FINANCIAL-LEASE-v11--20250626-2343,details
3202,RM6098-Call-Off-Schedule-22-Lease-Terms-FINANCIAL-LEASE-v11--20250626-2346,details
3203,RM6098-Call-Off-Schedule-22-Lease-Terms-OPERATIONAL-LEASE-v11--20250626-2369,details
3204,RM6098-Call-Off-Schedule-22-Lease-Terms-OPERATIONAL-LEASE-v11--20250626-2404,details
3205,RM6098-Call-Off-Schedule-22-Lease-Terms-OPERATIONAL-LEASE-v11--20250626-2407,details
3206,RM6098-Call-Off-Schedule-2-Staff-Transfer-v10-1--20250626-2123,details
3207,RM6098-Call-Off-Schedule-2-Staff-Transfer-v10-1--20250626-2131,details
3208,RM6098-Call-Off-Schedule-2-Staff-Transfer-v10-1--20250626-2151,details
3209,RM6098-Call-Off-Schedule-2-Staff-Transfer-v10-1--20250626-2161,details
3210,RM6098-Call-Off-Schedule-2-Staff-Transfer-v10-1--20250626-2212,details
3211,RM6098-Call-Off-Schedule-2-Staff-Transfer-v10-1--20250626-2213,details
3212,RM6098-Call-Off-Schedule-2-Staff-Transfer-v10-1--20250626-2219,details
3213,RM6098-Call-Off-Schedule-8-Business-Continuity-and-Disaster-Recovery-v10--20250626-2828,details
3214,RM6098-Call-Off-Schedule-8-Business-Continuity-and-Disaster-Recovery-v10--20250626-2851,details
3215,RM6098-Call-Off-Schedule-8-Business-Continuity-and-Disaster-Recovery-v10--20250626-2858,details
3216,RM6098-Call-Off-Schedule-8-Business-Continuity-and-Disaster-Recovery-v10--20250626-2870,details
3217,RM6098-Call-Off-Schedule-9-Security-v10--20250626-2874,details
3218,RM6098-Call-Off-Schedule-9-Security-v10--20250626-2885,details
3219,RM6098-Call-Off-Schedule-9-Security-v10--20250626-2894,details
3220,RM6098-Call-Off-Schedule-9-Security-v10--20250626-2905,details
3221,RM6098-Call-Off-Schedule-9-Security-v10--20250626-2907,details
3222,RM6098-Call-Off-Schedule-9-Security-v10--20250626-2920,details
3223,RM6098-Call-Off-Schedule-9-Security-v10--20250626-2921,details
3224,RM6098-Call-Off-Schedule-6-Annex-E-As-a-Service-additional-terms-v20--20250626-2729,details
3225,RM6098-Call-Off-Schedule-6-Annex-E-As-a-Service-additional-terms-v20--20250626-2735,details
3226,RM6098-Call-Off-Schedule-6-ICT-Services-v20-1--20250626-2759,details
3227,RM6098-Call-Off-Schedule-6-ICT-Services-v20-1--20250626-2760,details
3228,RM6098-Call-Off-Schedule-6-ICT-Services-v20-1--20250626-2763,details
3229,RM6098-Call-Off-Schedule-6-ICT-Services-v20-1--20250626-2778,details
3230,RM6098-Call-Off-Schedule-6-ICT-Services-v20-1--20250626-2803,details
3231,RM6098-Call-Off-Schedule-7-Key-Supplier-Staff-v10--20250626-2807,details
3232,RM6098-Call-Off-Schedule-8-Business-Continuity-and-Disaster-Recovery-v10--20250626-2818,details
3233,RM6098-Call-Off-Schedule-8-Business-Continuity-and-Disaster-Recovery-v10--20250626-2823,details
3234,RM6098-Call-Off-Schedule-6-Annex-E-As-a-Service-additional-terms-v20--20250626-2637,details
3235,RM6098-Call-Off-Schedule-6-Annex-E-As-a-Service-additional-terms-v20--20250626-2644,details
3236,RM6098-Call-Off-Schedule-6-Annex-E-As-a-Service-additional-terms-v20--20250626-2652,details
3237,RM6098-Call-Off-Schedule-6-Annex-E-As-a-Service-additional-terms-v20--20250626-2654,details
3238,RM6098-Call-Off-Schedule-6-Annex-E-As-a-Service-additional-terms-v20--20250626-2660,details
3239,RM6098-Call-Off-Schedule-6-Annex-E-As-a-Service-additional-terms-v20--20250626-2669,details
3240,RM6098-Call-Off-Schedule-6-Annex-E-As-a-Service-additional-terms-v20--20250626-2671,details
3241,RM6098-Call-Off-Schedule-6-Annex-E-As-a-Service-additional-terms-v20--20250626-2694,details
3242,RM6098-Call-Off-Schedule-6-Annex-E-As-a-Service-additional-terms-v20--20250626-2701,details
3243,RM6098-Call-Off-Schedule-6-Annex-E-As-a-Service-additional-terms-v20--20250626-2702,details
3244,RM6098-Call-Off-Schedule-22-Lease-Terms-v21--20250626-2535,details
3245,RM6098-Call-Off-Schedule-22-Lease-Terms-v21--20250626-2565,details
3246,RM6098-Call-Off-Schedule-22-Lease-Terms-v21--20250626-2567,details
3247,RM6098-Call-Off-Schedule-22-Lease-Terms-v21--20250626-2579,details
3248,RM6098-Call-Off-Schedule-22-Lease-Terms-v21--20250626-2592,details
3249,RM6098-Call-Off-Schedule-23-HMRC-Terms-v10--20250626-2607,details
3250,RM6098-Framework-schedule-1-specification-v41--20250626-3233,details
3251,RM6098-Framework-schedule-1-specification-v41--20250626-3237,details
3252,RM6098-Framework-schedule-1-specification-v41--20250626-3246,details
3253,RM6098-Framework-schedule-1-specification-v41--20250626-3249,details
3254,RM6098-Framework-schedule-1-specification-v41--20250626-3254,details
3255,RM6098-Framework-schedule-1-specification-v41--20250626-3263,details
3256,RM6098-Framework-Schedule-3-Framework-Prices-v20--20250626-3282,details
3257,RM6098-Framework-Schedule-3-Framework-Prices-v20--20250626-3287,details
3258,RM6098-Framework-Schedule-4-Framework-Management-v20--20250626-3293,details
3259,RM6098-Framework-Schedule-4-Framework-Management-v20--20250626-3294,details
3260,RM6098-Framework-Schedule-4-Framework-Management-v20--20250626-3301,details
3261,RM6098-Framework-Schedule-4-Framework-Management-v20--20250626-3310,details
3262,RM6098-Framework-Schedule-4-Framework-Management-v20--20250626-3312,details
3263,RM6098-Framework-Schedule-4-Framework-Management-v20--20250626-3317,details
3264,RM6098-Core-terms-v3011-1--20250626-3058,details
3265,RM6098-Core-terms-v3011-1--20250626-3059,details
3266,RM6098-Core-terms-v3011-1--20250626-3063,details
3267,RM6098-Core-terms-v3011-1--20250626-3065,details
3268,RM6098-Core-terms-v3011-1--20250626-3077,details
3269,RM6098-Core-terms-v3011-1--20250626-3089,details
3270,RM6098-Direct-Award-procedure-overview-v61_2--20250626-3117,details
3271,RM6098-Direct-Award-procedure-overview-v61_2--20250626-3120,details
3272,RM6098-Direct-Award-procedure-overview-v61_2--20250626-3121,details
3273,RM6098-Expression-of-interest-template-v2--20250626-3130,details
3274,RM6098-Expression-of-interest-template-v2--20250626-3137,details
3275,RM6098-Framework-Award-Form-v20--20250626-3149,details
3276,RM6098-Framework-Award-Form-v20--20250626-3152,details
3277,RM6098-Framework-Award-Form-v20--20250626-3159,details
3278,RM6098-Framework-schedule-1-specification-v41--20250626-3201,details
3279,RM6098-Framework-schedule-1-specification-v41--20250626-3230,details
3280,RM6098-Call-Off-Schedule-9-Security-v10--20250626-2942,details
3281,RM6098-Call-Off-Schedule-9-Security-v10--20250626-2963,details
3282,RM6098-Case-studies-v5_2--20250626-2994,details
3283,RM6098-Case-studies-v5_2--20250626-3005,details
3284,RM6098-Joint-Schedule-7-Financial-Difficulties-v34--20250626-3640,details
3285,RM6098-Joint-Schedule-7-Financial-Difficulties-v34--20250626-3645,details
3286,RM6098-Joint-Schedule-7-Financial-Difficulties-v34--20250626-3653,details
3287,RM6098-Joint-Schedule-7-Financial-Difficulties-v34--20250626-3656,details
3288,RM6098-Joint-Schedule-7-Financial-Difficulties-v34--20250626-3657,details
3289,RM6098-Joint-Schedule-7-Financial-Difficulties-v34--20250626-3663,details
3290,RM6098-Joint-Schedule-7-Financial-Difficulties-v34--20250626-3664,details
3291,RM6098-Joint-Schedule-7-Financial-Difficulties-v34--20250626-3666,details
3292,RM6098-Joint-Schedule-7-Financial-Difficulties-v34--20250626-3681,details
3293,RM6098-Joint-Schedule-7-Financial-Difficulties-v34--20250626-3689,details
3294,RM6098-Joint-Schedule-7-Financial-Difficulties-v34--20250626-3698,details
3295,RM6098-Joint-Schedule-7-Financial-Difficulties-v34--20250626-3727,details
3296,RM6098-Joint-Schedule-7-Financial-Difficulties-v34--20250626-3731,details
3297,RM6098-Joint-Schedule-7-Financial-Difficulties-v34--20250626-3736,details
3298,RM6098-Invitation-to-tender-template-v3--20250626-3435,details
3299,RM6098-Invitation-to-tender-template-v3--20250626-3438,details
3300,RM6098-Invitation-to-tender-template-v3--20250626-3449,details
3301,RM6098-Invitation-to-tender-template-v3--20250626-3452,details
3302,RM6098-Invitation-to-tender-template-v3--20250626-3461,details
3303,RM6098-Joint-Schedule-1-Definitions-v10--20250626-3472,details
3304,RM6098-Joint-Schedule-11-processing-data-v20--20250626-3478,details
3305,RM6098-Joint-Schedule-11-processing-data-v20--20250626-3484,details
3306,RM6098-Joint-Schedule-11-processing-data-v20--20250626-3509,details
3307,RM6098-Framework-schedule-6-order-form-template-and-call-off-schedules-v31--20250626-3343,details
3308,RM6098-Framework-schedule-6-order-form-template-and-call-off-schedules-v31--20250626-3352,details
3309,RM6098-Framework-schedule-6-order-form-template-and-call-off-schedules-v31--20250626-3355,details
3310,RM6098-Framework-Schedule-7-Call-Off-Award-Procedure-v2--20250626-3363,details
3311,RM6098-Framework-Schedule-7-Call-Off-Award-Procedure-v2--20250626-3367,details
3312,RM6098-Framework-Schedule-7-Call-Off-Award-Procedure-v2--20250626-3383,details
3313,RM6098-Framework-Schedule-7-Call-Off-Award-Procedure-v2--20250626-3390,details
3314,RM6098-Invitation-to-tender-template-v3--20250626-3431,details
3315,RM6098-Invitation-to-tender-template-v3--20250626-3432,details
3316,RM6098-Joint-Schedule-11-processing-data-v20--20250626-3545,details
3317,RM6098-Joint-Schedule-11-processing-data-v20--20250626-3566,details
3318,RM6098-Joint-Schedule-11-processing-data-v20--20250626-3571,details
3319,RM6098-Joint-Schedule-11-processing-data-v20--20250626-3583,details
3320,RM6098-Joint-Schedule-5-Corporate-Social-Responsibility-v30-1--20250626-3610,details
3321,RM6098-Joint-Schedule-5-Corporate-Social-Responsibility-v30-1--20250626-3619,details
3322,RM6098-Joint-Schedule-5-Corporate-Social-Responsibility-v30-1--20250626-3620,details
3323,RM6098-Joint-Schedule-8-Guarantee-for-PSC-v10--20250626-3738,details
3324,RM6098-Joint-Schedule-8-Guarantee-for-PSC-v10--20250626-3744,details
3325,RM6098-Leasing-tech-hardware-best-practice-process-v28-1--20250626-3759,details
3326,RM6098-Leasing-tech-hardware-best-practice-process-v28-1--20250626-3777,details
3327,RM6098-Leasing-tech-hardware-best-practice-process-v28-1--20250626-3786,details
3328,RM6098-Leasing-tech-hardware-best-practice-process-v28-1--20250626-3787,details
3329,RM6098-Leasing-tech-hardware-best-practice-process-v28-1--20250626-3788,details
3330,RM6098-Leasing-tech-hardware-best-practice-process-v28-1--20250626-3790,details
3331,RM6098-Leasing-tech-hardware-best-practice-process-v28-1--20250626-3804,details
3332,RM6098-Market-engagement-best-practice-process-v27--20250626-3827,details
3333,RM6098-Market-engagement-best-practice-process-v27--20250626-3834,details
3334,RM6098-Model-Contract-Pack-v3--20250626-3863,details
3335,RM6098-Model-Contract-Pack-v3--20250626-3886,details
3336,RM6098-Model-Contract-Pack-v3--20250626-3889,details
3337,RM6098-Model-Contract-Pack-v3--20250626-3903,details
3338,RM6098-Model-Contract-Pack-v3--20250626-3922,details
3339,RM6098-Model-Contract-Pack-v3--20250626-3924,details
3340,RM6098-Model-Contract-Pack-v3--20250626-3930,details
3341,RM6098-Model-Contract-Pack-v3--20250626-3931,details
3342,RM6098-Model-Contract-Pack-v3--20250626-3939,details
3343,RM6098-Model-Contract-Pack-v3--20250626-3970,details
3344,RM6098-Model-Contract-Pack-v3--20250626-3977,details
3345,RM6098-Model-Contract-Pack-v3--20250626-3983,details
3346,RM6098-Model-Contract-Pack-v3--20250626-4003,details
3347,RM6098-Model-Contract-Pack-v3--20250626-4027,details
3348,RM6098-Model-Contract-Pack-v3--20250626-4030,details
3349,RM6098-Model-Contract-Pack-v3--20250626-4041,details
3350,RM6098-Model-Contract-Pack-v3--20250626-4048,details
3351,RM6098-Model-Contract-Pack-v3--20250626-4050,details
3352,RM6098-Model-Contract-Pack-v3--20250626-4067,details
3353,RM6098-Model-Contract-Pack-v3--20250626-4082,details
3354,RM6116-Call-Off-Schedule-14-Service-Levels-vFinal11--20250626-4445,details
3355,RM6116-Call-Off-Schedule-14-Service-Levels-vFinal11--20250626-4460,details
3356,RM6116-Call-Off-Schedule-14-Service-Levels-vFinal11--20250626-4476,details
3357,RM6116-Call-Off-Schedule-14-Service-Levels-vFinal11--20250626-4498,details
3358,RM6116-Call-Off-Schedule-14-Service-Levels-vFinal11--20250626-4505,details
3359,RM6116-Call-Off-Schedule-16-Benchmarking-vFinal--20250626-4519,details
3360,RM6116-Call-Off-Schedule-16-Benchmarking-vFinal--20250626-4522,details
3361,RM6116-Call-Off-Schedule-16-Benchmarking-vFinal--20250626-4527,details
3362,RM6116-Call-Off-Schedule-17-MOD-Terms-vFinal--20250626-4534,details
3363,RM6116-Buyer-guide-v12--20250626-4245,details
3364,RM6116-Buyer-guide-v12--20250626-4246,details
3365,RM6116-Buyer-guide-v12--20250626-4272,details
3366,RM6116-Buyer-guide-v12--20250626-4307,details
3367,RM6116-Call-Off-Schedule-1-Transparency-Reports-vFinal--20250626-4318,details
3368,RM6116-Call-Off-Schedule-10-Exit-Management-V12--20250626-4336,details
3369,RM6116-Call-Off-Schedule-10-Exit-Management-V12--20250626-4340,details
3370,RM6116-Call-Off-Schedule-10-Exit-Management-V12--20250626-4343,details
3371,RM6116-Call-Off-Schedule-11-Installation-Works-vFinal--20250626-4363,details
3372,RM6116-Call-Off-Schedule-12-Clustering-vFinal--20250626-4373,details
3373,RM6116-Call-Off-Schedule-13-Implementation-Plan-and-Testing-v11--20250626-4381,details
3374,RM6116-Call-Off-Schedule-13-Implementation-Plan-and-Testing-v11--20250626-4395,details
3375,RM6116-Call-Off-Schedule-13-Implementation-Plan-and-Testing-v11--20250626-4398,details
3376,RM6116-Call-Off-Schedule-13-Implementation-Plan-and-Testing-v11--20250626-4422,details
3377,RM6098-Model-Contract-Pack-v3--20250626-4165,details
3378,RM6098-Model-Contract-Pack-v3--20250626-4181,details
3379,RM6098-Model-Contract-Pack-v3--20250626-4185,details
3380,RM6098-Supplier-outcome-letter-successful-v1_2--20250626-4216,details
3381,RM6098-Supplier-outcome-letter-unsuccessful-v1--20250626-4229,details
3382,RM6116-Call-Off-Schedule-3-Continuous-Improvement-v11--20250626-4853,details
3383,RM6116-Call-Off-Schedule-3-Continuous-Improvement-v11--20250626-4858,details
3384,RM6116-Call-Off-Schedule-6-ICT-Services-v11--20250626-4867,details
3385,RM6116-Call-Off-Schedule-6-ICT-Services-v11--20250626-4870,details
3386,RM6116-Call-Off-Schedule-6-ICT-Services-v11--20250626-4873,details
3387,RM6116-Call-Off-Schedule-6-ICT-Services-v11--20250626-4881,details
3388,RM6116-Call-Off-Schedule-6-ICT-Services-v11--20250626-4905,details
3389,RM6116-Call-Off-Schedule-6-ICT-Services-v11--20250626-4907,details
3390,RM6116-Call-Off-Schedule-8-Business-Continuity-and-Disaster-Recovery-v11--20250626-4925,details
3391,RM6116-Call-Off-Schedule-8-Business-Continuity-and-Disaster-Recovery-v11--20250626-4927,details
3392,RM6116-Call-Off-Schedule-8-Business-Continuity-and-Disaster-Recovery-v11--20250626-4929,details
3393,RM6116-Call-Off-Schedule-8-Business-Continuity-and-Disaster-Recovery-v11--20250626-4934,details
3394,RM6116-Call-Off-Schedule-2-Staff-Transfer-vFinal--20250626-4654,details
3395,RM6116-Call-Off-Schedule-2-Staff-Transfer-vFinal--20250626-4661,details
3396,RM6116-Call-Off-Schedule-2-Staff-Transfer-vFinal--20250626-4691,details
3397,RM6116-Call-Off-Schedule-2-Staff-Transfer-vFinal--20250626-4709,details
3398,RM6116-Call-Off-Schedule-2-Staff-Transfer-vFinal--20250626-4715,details
3399,RM6116-Call-Off-Schedule-2-Staff-Transfer-vFinal--20250626-4717,details
3400,RM6116-Call-Off-Schedule-2-Staff-Transfer-vFinal--20250626-4720,details
3401,RM6116-Call-Off-Schedule-2-Staff-Transfer-vFinal--20250626-4730,details
3402,RM6116-Call-Off-Schedule-2-Staff-Transfer-vFinal--20250626-4739,details
3403,RM6116-Call-Off-Schedule-2-Staff-Transfer-vFinal--20250626-4559,details
3404,RM6116-Call-Off-Schedule-2-Staff-Transfer-vFinal--20250626-4562,details
3405,RM6116-Call-Off-Schedule-2-Staff-Transfer-vFinal--20250626-4579,details
3406,RM6116-Call-Off-Schedule-2-Staff-Transfer-vFinal--20250626-4588,details
3407,RM6116-Call-Off-Schedule-2-Staff-Transfer-vFinal--20250626-4595,details
3408,RM6116-Call-Off-Schedule-2-Staff-Transfer-vFinal--20250626-4603,details
3409,RM6116-Call-Off-Schedule-2-Staff-Transfer-vFinal--20250626-4611,details
3410,RM6116-Call-Off-Schedule-2-Staff-Transfer-vFinal--20250626-4615,details
3411,RM6116-Call-Off-Schedule-2-Staff-Transfer-vFinal--20250626-4619,details
3412,RM6116-Call-Off-Schedule-2-Staff-Transfer-vFinal--20250626-4752,details
3413,RM6116-Call-Off-Schedule-2-Staff-Transfer-vFinal--20250626-4762,details
3414,RM6116-Call-Off-Schedule-2-Staff-Transfer-vFinal--20250626-4804,details
3415,RM6116-Call-Off-Schedule-22-Lease-Terms-vFinal--20250626-4824,details
3416,RM6116-Call-Off-Schedule-22-Lease-Terms-vFinal--20250626-4826,details
3417,RM6116-Call-Off-Schedule-23-HMRC-Terms-v11--20250626-4832,details
3418,RM6116-Call-Off-Schedule-23-HMRC-Terms-v11--20250626-4834,details
3419,RM6116-Call-Off-Schedule-8-Business-Continuity-and-Disaster-Recovery-v11--20250626-4949,details
3420,RM6116-Call-Off-Schedule-8-Business-Continuity-and-Disaster-Recovery-v11--20250626-4953,details
3421,RM6116-Call-Off-Schedule-8-Business-Continuity-and-Disaster-Recovery-v11--20250626-4954,details
3422,RM6116-Call-Off-Schedule-8-Business-Continuity-and-Disaster-Recovery-v11--20250626-4955,details
3423,RM6116-Call-Off-Schedule-8-Business-Continuity-and-Disaster-Recovery-v11--20250626-4968,details
3424,RM6116-Call-Off-Schedule-8-Business-Continuity-and-Disaster-Recovery-v11--20250626-4969,details
3425,RM6116-Call-Off-Schedule-8-Business-Continuity-and-Disaster-Recovery-v11--20250626-4971,details
3426,RM6116-Call-Off-Schedule-8-Business-Continuity-and-Disaster-Recovery-v11--20250626-4973,details
3427,RM6116-Call-Off-Schedule-8-Business-Continuity-and-Disaster-Recovery-v11--20250626-4984,details
3428,RM6116-Call-Off-Schedule-9-Security-vFinal--20250626-4999,details
3429,RM6116-Call-Off-Schedule-9-Security-vFinal--20250626-5048,details
3430,RM6116-Call-Off-Schedule-9-Security-vFinal--20250626-5051,details
3431,RM6116-Framework-Schedule-1-Specification-vFinal--20250626-5080,details
3432,RM6116-Framework-Schedule-1-Specification-vFinal--20250626-5089,details
3433,RM6116-Framework-Schedule-1-Specification-vFinal--20250626-5090,details
3434,RM6116-Framework-Schedule-1-Specification-vFinal--20250626-5100,details
3435,RM6116-Framework-Schedule-1-Specification-vFinal--20250626-5108,details
3436,RM6116-Framework-Schedule-1-Specification-vFinal--20250626-5109,details
3437,RM6116-Framework-Schedule-1-Specification-vFinal--20250626-5133,details
3438,RM6116-Framework-Schedule-1-Specification-vFinal--20250626-5147,details
3439,RM6116-Framework-Schedule-7-Call-Off-Award-Procedure-v10-2--20250626-5263,details
3440,RM6116-Framework-Schedule-7-Call-Off-Award-Procedure-v10-2--20250626-5270,details
3441,RM6116-Framework-Schedule-7-Call-Off-Award-Procedure-v10-2--20250626-5272,details
3442,RM6116-Framework-Schedule-7-Call-Off-Award-Procedure-v10-2--20250626-5284,details
3443,RM6116-Joint-Schedule-1-Definitions-vFinal--20250626-5312,details
3444,RM6116-Joint-Schedule-1-Definitions-vFinal--20250626-5314,details
3445,RM6116-Joint-Schedule-1-Definitions-vFinal--20250626-5336,details
3446,RM6116-Framework-Schedule-3-Framework-Prices-vFinal-11--20250626-5161,details
3447,RM6116-Framework-Schedule-5-Management-Charges-and-Information-vFinal--20250626-5218,details
3448,RM6116-Framework-Schedule-5-Management-Charges-and-Information-vFinal--20250626-5221,details
3449,RM6116-Framework-Schedule-5-Management-Charges-and-Information-vFinal--20250626-5231,details
3450,RM6116-Framework-Schedule-6-Order-Form-Template-and-Call-Off-Schedules-vFinal11--20250626-5244,details
3451,RM6116-Joint-Schedule-11-Processing-Data-vFinal-1--20250626-5460,details
3452,RM6116-Joint-Schedule-11-Processing-Data-vFinal-1--20250626-5474,details
3453,RM6116-Joint-Schedule-11-Processing-Data-vFinal-1--20250626-5478,details
3454,RM6116-Joint-Schedule-11-Processing-Data-vFinal-1--20250626-5481,details
3455,RM6116-Joint-Schedule-11-Processing-Data-vFinal-1--20250626-5483,details
3456,RM6116-Joint-Schedule-11-Processing-Data-vFinal-1--20250626-5493,details
3457,RM6116-Joint-Schedule-11-Processing-Data-vFinal-1--20250626-5496,details
3458,RM6116-Joint-Schedule-11-Processing-Data-vFinal-1--20250626-5505,details
3459,RM6116-Joint-Schedule-12-Supply-Chain-Visibility-vFinal--20250626-5514,details
3460,RM6116-Joint-Schedule-3-Insurance-Requirements-vFinal--20250626-5530,details
3461,RM6116-Joint-Schedule-3-Insurance-Requirements-vFinal--20250626-5533,details
3462,RM6116-Joint-Schedule-7-Financial-Difficulties-v11docx--20250626-5664,details
3463,RM6116-Joint-Schedule-7-Financial-Difficulties-v11docx--20250626-5678,details
3464,RM6116-Joint-Schedule-8-Guarantee-for-PSC-vFinal--20250626-5689,details
3465,RM6116-Joint-Schedule-8-Guarantee-for-PSC-vFinal--20250626-5700,details
3466,RM6116-Joint-Schedule-9-Minimum-Standards-of-Reliability-v2--20250626-5705,details
3467,RM6116-Network-Services-3-Statement-of-Requirements-Template-accessible-v1-1--20250626-5707,details
3468,RM6116-Network-Services-3-Statement-of-Requirements-Template-accessible-v1-1--20250626-5711,details
3469,RM6116-NS3-Core-terms-v3011--20250626-5727,details
3470,RM6116-NS3-Core-terms-v3011--20250626-5733,details
3471,RM6116-Joint-Schedule-1-Definitions-vFinal--20250626-5359,details
3472,RM6116-Joint-Schedule-1-Definitions-vFinal--20250626-5386,details
3473,RM6116-Joint-Schedule-1-Definitions-vFinal--20250626-5399,details
3474,RM6116-Joint-Schedule-1-Definitions-vFinal--20250626-5407,details
3475,RM6116-Joint-Schedule-1-Definitions-vFinal--20250626-5408,details
3476,RM6116-Joint-Schedule-11-Processing-Data-vFinal-1--20250626-5452,details
3477,RM6116-Joint-Schedule-7-Financial-Difficulties-v11docx--20250626-5582,details
3478,RM6116-Joint-Schedule-7-Financial-Difficulties-v11docx--20250626-5590,details
3479,RM6116-Joint-Schedule-7-Financial-Difficulties-v11docx--20250626-5632,details
3480,RM6116-Joint-Schedule-7-Financial-Difficulties-v11docx--20250626-5639,details
3481,RM6116-Joint-Schedule-7-Financial-Difficulties-v11docx--20250626-5642,details
3482,RM6187-Call-Off-Schedule-13_-Implementation-Plan-and-Testing---20250626-5959,details
3483,RM6187-Call-Off-Schedule-13_-Implementation-Plan-and-Testing---20250626-5965,details
3484,RM6187-Call-Off-Schedule-13_-Implementation-Plan-and-Testing---20250626-5968,details
3485,RM6187-Call-Off-Schedule-13_-Implementation-Plan-and-Testing---20250626-5976,details
3486,RM6187-Call-Off-Schedule-13_-Implementation-Plan-and-Testing---20250626-5977,details
3487,RM6187-Call-Off-Schedule-13_-Implementation-Plan-and-Testing---20250626-5979,details
3488,RM6187-Call-Off-Schedule-13_-Implementation-Plan-and-Testing---20250626-5980,details
3489,RM6187-Call-Off-Schedule-13_-Implementation-Plan-and-Testing---20250626-6004,details
3490,RM6187-Call-Off-Schedule-13_-Implementation-Plan-and-Testing---20250626-6008,details
3491,RM6187-Call-Off-Schedule-13_-Implementation-Plan-and-Testing---20250626-6009,details
3492,RM6187-Call-Off-Schedule-13_-Implementation-Plan-and-Testing---20250626-6011,details
3493,RM6187-Call-Off-Schedule-14_-Service-Levels---20250626-6025,details
3494,RM6187-Call-Off-Schedule-14_-Service-Levels---20250626-6026,details
3495,RM6187-Call-Off-Schedule-16_-Benchmarking--20250626-6056,details
3496,RM6116_howtobuy--20250626-5862,details
3497,RM6116_howtobuy--20250626-5863,details
3498,RM6116_Key-changes-from-NS2-to-NS3_V10docx--20250626-5874,details
3499,RM6116_Key-changes-from-NS2-to-NS3_V10docx--20250626-5878,details
3500,RM6116_Key-changes-from-NS2-to-NS3_V10docx--20250626-5887,details
3501,RM6187-Call-Off-Schedule-1-_Transparency-Reports---20250626-5898,details
3502,RM6187-Call-Off-Schedule-1-_Transparency-Reports---20250626-5901,details
3503,RM6187-Call-Off-Schedule-10_-Exit-Management---20250626-5903,details
3504,RM6187-Call-Off-Schedule-10_-Exit-Management---20250626-5925,details
3505,RM6187-Call-Off-Schedule-10_-Exit-Management---20250626-5928,details
3506,RM6187-Call-Off-Schedule-17_-MOD-Terms---20250626-6075,details
3507,RM6187-Call-Off-Schedule-19_-Scottish-Law---20250626-6090,details
3508,RM6187-Call-Off-Schedule-19_-Scottish-Law---20250626-6091,details
3509,RM6187-Call-Off-Schedule-23_-HMRC-Schedule---20250626-6111,details
3510,RM6187-Call-Off-Schedule-23_-HMRC-Schedule---20250626-6124,details
3511,RM6187-Call-Off-Schedule-23_-HMRC-Schedule---20250626-6130,details
3512,RM6187-Call-Off-Schedule-23_-HMRC-Schedule---20250626-6135,details
3513,RM6187-Call-Off-Schedule-3_-Continuous-Improvement---20250626-6159,details
3514,RM6116-NS3-Core-terms-v3011--20250626-5774,details
3515,RM6116-NS3-Core-terms-v3011--20250626-5802,details
3516,RM6116-NS3-Core-terms-v3011--20250626-5809,details
3517,RM6116-NS3-Core-terms-v3011--20250626-5810,details
3518,RM6116-Request-For-Information-template-v1-2--20250626-5851,details
3519,RM6187-Call-Off-Schedule-9_-Security---20250626-6275,details
3520,RM6187-Call-Off-Schedule-9_-Security---20250626-6278,details
3521,RM6187-Call-Off-Schedule-9_-Security---20250626-6283,details
3522,RM6187-Call-Off-Schedule-9_-Security---20250626-6284,details
3523,RM6187-Call-Off-Schedule-9_-Security---20250626-6299,details
3524,RM6187-Call-Off-Schedule-9_-Security---20250626-6307,details
3525,RM6187-Call-Off-Schedule-9_-Security---20250626-6313,details
3526,RM6187-Call-Off-Schedule-9_-Security---20250626-6318,details
3527,RM6187-Call-Off-Schedule-9_-Security---20250626-6319,details
3528,RM6187-Call-Off-Schedule-9_-Security---20250626-6334,details
3529,RM6187-Call-Off-Schedule-9_-Security---20250626-6336,details
3530,RM6187-Call-Off-Schedule-9_-Security---20250626-6342,details
3531,RM6187-Core-Terms---20250626-6357,details
3532,RM6187-Core-Terms---20250626-6358,details
3533,RM6187-Core-Terms---20250626-6360,details
3534,RM6187-Call-Off-Schedule-5_-Pricing-Details---20250626-6168,details
3535,RM6187-Call-Off-Schedule-6_-ICT-Services---20250626-6173,details
3536,RM6187-Call-Off-Schedule-6_-ICT-Services---20250626-6190,details
3537,RM6187-Call-Off-Schedule-6_-ICT-Services---20250626-6216,details
3538,RM6187-Call-Off-Schedule-7_-Key-Supplier-Staff---20250626-6223,details
3539,RM6187-Call-Off-Schedule-8_-Business-Continuity-and-Disaster-Recovery---20250626-6237,details
3540,RM6187-Call-Off-Schedule-9_-Security---20250626-6253,details
3541,RM6187-Core-Terms---20250626-6363,details
3542,RM6187-Core-Terms---20250626-6369,details
3543,RM6187-Core-Terms---20250626-6383,details
3544,RM6187-Core-Terms---20250626-6437,details
3545,RM6187-Framework-Schedule-1_-Specification--20250626-6466,details
3546,RM6187-Framework-Schedule-1_-Specification--20250626-6483,details
3547,RM6187-Framework-Schedule-4_-Framework-Management---20250626-6502,details
3548,RM6187-Framework-Schedule-6_-Order-Form-and-Call-Off-Schedules-4--20250626-6565,details
3549,RM6187-Framework-Schedule-7_-Call-Off-Award-Procedure---20250626-6584,details
3550,RM6187-Framework-Schedule-7_-Call-Off-Award-Procedure---20250626-6598,details
3551,RM6187-Framework-Schedule-7_-Call-Off-Award-Procedure---20250626-6604,details
3552,RM6187-Framework-Schedule-7_-Call-Off-Award-Procedure---20250626-6607,details
3553,RM6187-Framework-Schedule-8_-Self-Audit-Certificate-1--20250626-6609,details
3554,RM6187-Framework-Schedule-8_-Self-Audit-Certificate-1--20250626-6610,details
3555,RM6187-Framework-Schedule-9_-Cyber-Essentials-Scheme---20250626-6615,details
3556,RM6187-How-to-use-Contractual-Documents--1--20250626-6623,details
3557,RM6187-How-to-use-Contractual-Documents--1--20250626-6627,details
3558,RM6187-How-to-use-Contractual-Documents--1--20250626-6630,details
3559,RM6187-Joint-Schedule-11_-Processing-Data---20250626-6665,details
3560,RM6187-Joint-Schedule-11_-Processing-Data---20250626-6674,details
3561,RM6187-Joint-Schedule-11_-Processing-Data---20250626-6684,details
3562,RM6187-Joint-Schedule-11_-Processing-Data---20250626-6719,details
3563,RM6187-Joint-Schedule-11_-Processing-Data---20250626-6730,details
3564,RM6187-Joint-Schedule-11_-Processing-Data---20250626-6733,details
3565,RM6187-Joint-Schedule-11_-Processing-Data---20250626-6738,details
3566,RM6187-Joint-Schedule-1_-Definitions---20250626-6752,details
3567,RM6187-Joint-Schedule-1_-Definitions---20250626-6754,details
3568,RM6187-Joint-Schedule-1_-Definitions---20250626-6764,details
3569,RM6187-Joint-Schedule-3_-Insurance-Requirements--20250626-6896,details
3570,RM6187-Joint-Schedule-3_-Insurance-Requirements--20250626-6902,details
3571,RM6187-Joint-Schedule-5_-Corporate-Social-Responsibility---20250626-6907,details
3572,RM6187-Joint-Schedule-6_-Key-Subcontractors--20250626-6918,details
3573,RM6187-Joint-Schedule-7_-Financial-Difficulties-1--20250626-6936,details
3574,RM6187-Joint-Schedule-7_-Financial-Difficulties-1--20250626-6938,details
3575,RM6187-Joint-Schedule-7_-Financial-Difficulties-1--20250626-6945,details
3576,RM6187-Joint-Schedule-8_-Guarantee---20250626-6957,details
3577,RM6187-Joint-Schedule-1_-Definitions---20250626-6781,details
3578,RM6187-Joint-Schedule-1_-Definitions---20250626-6790,details
3579,RM6187-Joint-Schedule-1_-Definitions---20250626-6795,details
3580,RM6187-Joint-Schedule-1_-Definitions---20250626-6817,details
3581,RM6187-Joint-Schedule-1_-Definitions---20250626-6832,details
3582,RM6187-Joint-Schedule-1_-Definitions---20250626-6852,details
3583,RM6187-Joint-Schedule-1_-Definitions---20250626-6859,details
3584,RM6187-T5-Attachment-1-About-the-Procurement--20250626-7172,details
3585,RM6187-T5-Attachment-1-About-the-Procurement--20250626-7178,details
3586,RM6187-T5-Attachment-1-About-the-Procurement--20250626-7182,details
3587,RM6187-T6-Attachment-2-How-to-Bid-including-Evaluation-Criteria---20250626-7200,details
3588,RM6187-T6-Attachment-2-How-to-Bid-including-Evaluation-Criteria---20250626-7205,details
3589,RM6187-T6-Attachment-2-How-to-Bid-including-Evaluation-Criteria---20250626-7217,details
3590,RM6187-T6-Attachment-2-How-to-Bid-including-Evaluation-Criteria---20250626-7225,details
3591,RM6187-T6-Attachment-2-How-to-Bid-including-Evaluation-Criteria---20250626-7226,details
3592,RM6187-T6-Attachment-2-How-to-Bid-including-Evaluation-Criteria---20250626-7227,details
3593,RM6187-T6-Attachment-2-How-to-Bid-including-Evaluation-Criteria---20250626-7236,details
3594,RM6187-Joint-Schedule-8_-Guarantee---20250626-6970,details
3595,RM6187-Joint-Schedule-8_-Guarantee---20250626-6972,details
3596,RM6187-Joint-Schedule-8_-Guarantee---20250626-6981,details
3597,RM6187-MCF3-Grade-Definitions---20250626-7025,details
3598,RM6187-T1-Expression-of-Interest--20250626-7029,details
3599,RM6187-T11a-Award-Letter-1--20250626-7041,details
3600,RM6187-T2-Attachment-3-Statement-of-Requirements-docx--20250626-7067,details
3601,DPS-Core-Terms-v103-1--20250626-7296,details
3602,DPS-Core-Terms-v103-1--20250626-7320,details
3603,DPS-Core-Terms-v103-1--20250626-7322,details
3604,DPS-Core-Terms-v103-1--20250626-7351,details
3605,DPS-Core-Terms-v103-1--20250626-7353,details
3606,RM6264-Attachment-1-About-the-Procurement-v2--20250626-7358,details
3607,RM6264-Attachment-1-About-the-Procurement-v2--20250626-7361,details
3608,RM6187-T3-Non-Disclosure-Agreement-NDA--20250626-7099,details
3609,RM6187-T3-Non-Disclosure-Agreement-NDA--20250626-7125,details
3610,RM6187-T3-Non-Disclosure-Agreement-NDA--20250626-7141,details
3611,RM6187-T4-Request-for-Information---20250626-7154,details
3612,RM6187-T4-Request-for-Information---20250626-7163,details
3613,RM6264-DPS-Joint-Schedule-7-Financial-Difficulties-v10--20250626-7688,details
3614,RM6264-DPS-Joint-Schedule-8-Guarantee-v10--20250626-7702,details
3615,RM6264-DPS-Joint-Schedule-8-Guarantee-v10--20250626-7704,details
3616,RM6264-DPS-Joint-Schedule-8-Guarantee-v10--20250626-7709,details
3617,RM6264-DPS-Order-Schedule-1-Transparency-Reports-v10--20250626-7718,details
3618,RM6264-DPS-Order-Schedule-10-Exit-Management-v10--20250626-7721,details
3619,RM6264-DPS-Order-Schedule-10-Exit-Management-v10--20250626-7722,details
3620,RM6264-DPS-Order-Schedule-10-Exit-Management-v10--20250626-7727,details
3621,RM6264-DPS-Order-Schedule-13-Implementation-Plan-and-Testing-v10--20250626-7770,details
3622,RM6264-DPS-Joint-Schedule-11-Processing-Data-v10--20250626-7575,details
3623,RM6264-DPS-Joint-Schedule-11-Processing-Data-v10--20250626-7578,details
3624,RM6264-DPS-Joint-Schedule-3-Insurance-Requirements-v10--20250626-7602,details
3625,RM6264-DPS-Joint-Schedule-5-Corporate-Social-Responsibility-v10--20250626-7614,details
3626,RM6264-DPS-Joint-Schedule-6-Key-Subcontractors-v10--20250626-7625,details
3627,RM6264-DPS-Joint-Schedule-6-Key-Subcontractors-v10--20250626-7629,details
3628,RM6264-DPS-Joint-Schedule-7-Financial-Difficulties-v10--20250626-7638,details
3629,RM6264-DPS-Joint-Schedule-7-Financial-Difficulties-v10--20250626-7644,details
3630,RM6264-DPS-Buyer-Guide-v30--20250626-7501,details
3631,RM6264-DPS-Joint-Schedule-1-Definitions-v10--20250626-7516,details
3632,RM6264-DPS-Joint-Schedule-10-Rectification-Plan-v10--20250626-7520,details
3633,RM6264-DPS-Joint-Schedule-11-Processing-Data-v10--20250626-7522,details
3634,RM6264-DPS-Joint-Schedule-11-Processing-Data-v10--20250626-7538,details
3635,RM6264-DPS-Joint-Schedule-11-Processing-Data-v10--20250626-7546,details
3636,RM6264-DPS-Joint-Schedule-11-Processing-Data-v10--20250626-7571,details
3637,RM6264-Attachment-2-How-to-Bid-v1--20250626-7391,details
3638,RM6264-Attachment-2-How-to-Bid-v1--20250626-7429,details
3639,RM6264-Attachment-3-Specification-v20--20250626-7437,details
3640,RM6264-Capability-Assessment-Template-v10--20250626-7441,details
3641,RM6264-Capability-Assessment-Template-v10--20250626-7442,details
3642,RM6264-Contract-Award-Notification-v10--20250626-7446,details
3643,RM6264-DPS-Order-Schedule-2-Staff-Transfer-v10--20250626-8084,details
3644,RM6264-DPS-Order-Schedule-2-Staff-Transfer-v10--20250626-8095,details
3645,RM6264-DPS-Order-Schedule-2-Staff-Transfer-v10--20250626-8097,details
3646,RM6264-DPS-Order-Schedule-23-HMRC-v10--20250626-8138,details
3647,RM6264-DPS-Order-Schedule-23-HMRC-v10--20250626-8139,details
3648,RM6264-DPS-Order-Schedule-25-Billable-Works-and-Projects-v10--20250626-8146,details
3649,RM6264-DPS-Order-Schedule-25-Billable-Works-and-Projects-v10--20250626-8159,details
3650,RM6264-DPS-Order-Schedule-25-Billable-Works-and-Projects-v10--20250626-8162,details
3651,RM6264-DPS-Order-Schedule-27-Construction-Contracts-v10--20250626-8180,details
3652,RM6264-DPS-Order-Schedule-2-Staff-Transfer-v10--20250626-7988,details
3653,RM6264-DPS-Order-Schedule-2-Staff-Transfer-v10--20250626-8012,details
3654,RM6264-DPS-Order-Schedule-2-Staff-Transfer-v10--20250626-8018,details
3655,RM6264-DPS-Order-Schedule-2-Staff-Transfer-v10--20250626-8041,details
3656,RM6264-DPS-Order-Schedule-2-Staff-Transfer-v10--20250626-8065,details
3657,RM6264-DPS-Order-Schedule-2-Staff-Transfer-v10--20250626-8076,details
3658,RM6264-DPS-Order-Schedule-2-Staff-Transfer-v10--20250626-8077,details
3659,RM6264-DPS-Order-Schedule-19-Scottish-Law-v10--20250626-7891,details
3660,RM6264-DPS-Order-Schedule-2-Staff-Transfer-v10--20250626-7919,details
3661,RM6264-DPS-Order-Schedule-2-Staff-Transfer-v10--20250626-7927,details
3662,RM6264-DPS-Order-Schedule-2-Staff-Transfer-v10--20250626-7955,details
3663,RM6264-DPS-Order-Schedule-13-Implementation-Plan-and-Testing-v10--20250626-7803,details
3664,RM6264-DPS-Order-Schedule-13-Implementation-Plan-and-Testing-v10--20250626-7806,details
3665,RM6264-DPS-Order-Schedule-16-Benchmarking-v10--20250626-7859,details
3666,RM6264-DPS-Schedule-1-Specification-v10--20250626-8485,details
3667,RM6264-DPS-Schedule-1-Specification-v10--20250626-8496,details
3668,RM6264-DPS-Schedule-1-Specification-v10--20250626-8503,details
3669,RM6264-DPS-Schedule-1-Specification-v10--20250626-8520,details
3670,RM6264-DPS-Schedule-1-Specification-v10--20250626-8542,details
3671,RM6264-DPS-Schedule-1-Specification-v10--20250626-8549,details
3672,RM6264-DPS-Schedule-1-Specification-v10--20250626-8551,details
3673,RM6264-DPS-Schedule-1-Specification-v10--20250626-8553,details
3674,RM6264-DPS-Schedule-1-Specification-v10--20250626-8554,details
3675,RM6264-DPS-Schedule-1-Specification-v10--20250626-8563,details
3676,RM6264-DPS-Schedule-1-Specification-v10--20250626-8567,details
3677,RM6264-DPS-Order-Schedule-27-Construction-Contracts-v10--20250626-8187,details
3678,RM6264-DPS-Order-Schedule-27-Construction-Contracts-v10--20250626-8188,details
3679,RM6264-DPS-Order-Schedule-27-Construction-Contracts-v10--20250626-8190,details
3680,RM6264-DPS-Order-Schedule-3-Continuous-Improvement-v10--20250626-8194,details
3681,RM6264-DPS-Order-Schedule-3-Continuous-Improvement-v10--20250626-8198,details
3682,RM6264-DPS-Order-Schedule-5-Pricing-Details-v10--20250626-8215,details
3683,RM6264-DPS-Order-Schedule-5-Pricing-Details-v10--20250626-8225,details
3684,RM6264-DPS-Order-Schedule-5-Pricing-Details-v10--20250626-8232,details
3685,RM6264-DPS-Order-Schedule-6-ICT-Services-v10--20250626-8244,details
3686,RM6264-DPS-Order-Schedule-7-Key-Supplier-Staff-v10--20250626-8271,details
3687,RM6264-DPS-Order-Schedule-8-Business-Continuity-and-Disaster-Recovery-v10--20250626-8282,details
3688,RM6264-DPS-Order-Schedule-8-Business-Continuity-and-Disaster-Recovery-v10--20250626-8287,details
3689,RM6264-DPS-Order-Schedule-8-Business-Continuity-and-Disaster-Recovery-v10--20250626-8290,details
3690,RM6264-DPS-Order-Schedule-8-Business-Continuity-and-Disaster-Recovery-v10--20250626-8303,details
3691,RM6264-DPS-Order-Schedule-8-Business-Continuity-and-Disaster-Recovery-v10--20250626-8325,details
3692,RM6264-DPS-Order-Schedule-8-Business-Continuity-and-Disaster-Recovery-v10--20250626-8335,details
3693,RM6264-DPS-Order-Schedule-9-Security-v10--20250626-8345,details
3694,RM6264-DPS-Order-Schedule-9-Security-v10--20250626-8349,details
3695,RM6264-DPS-Order-Schedule-9-Security-v10--20250626-8368,details
3696,RM6264-DPS-Order-Schedule-9-Security-v10--20250626-8411,details
3697,RM6264-DPS-Order-Schedule-9-Security-v10--20250626-8419,details
3698,RM6264-DPS-Order-Schedule-9-Security-v10--20250626-8420,details
3699,RM6264-DPS-Schedule-1-Specification-v10--20250626-8437,details
3700,RM6264-DPS-Schedule-1-Specification-v10--20250626-8440,details
3701,RM6264-DPS-Schedule-1-Specification-v10--20250626-8463,details
3702,RM6264-DPS-Schedule-7-Order-Procedure-v10--20250626-8789,details
3703,RM6264-DPS-Schedule-7-Order-Procedure-v10--20250626-8799,details
3704,RM6264-DPS-Schedule-7-Order-Procedure-v10--20250626-8802,details
3705,RM6264-DPS-Schedule-7-Order-Procedure-v10--20250626-8806,details
3706,RM6264-DPS-Schedule-8-Self-Audit-Certificate-v10--20250626-8807,details
3707,RM6264-DPS-Schedule-9-Cyber-Essentials-Scheme-v10--20250626-8814,details
3708,RM6264-DPS-Schedule-9-Cyber-Essentials-Scheme-v10--20250626-8815,details
3709,RM6264-Supplier-Outcome-Letter-Successful-v10--20250626-8829,details
3710,Become_a_supplier_on_a_Crown_Commercial_Service_framework_agreement--20250626-8837,startup
3711,Become_a_supplier_on_a_Crown_Commercial_Service_framework_agreement--20250626-8840,startup
3712,Become_a_supplier_on_a_Dynamic_Purchasing_System--20250626-8853,startup
3713,Find_tender_opportunities--20250626-8865,startup
3714,Help_end_modern_slavery_with_your_buying_decisions--20250626-8886,startup
3715,How_to_buy_through_Contract_Award_Service--20250626-8902,startup
3716,How_to_buy_through_Crown_Commercial_Service--20250626-8909,startup
3717,How_to_supply_through_Crown_Commercial_Service--20250626-8913,startup
3718,How_to_supply_through_Crown_Commercial_Service--20250626-8919,startup
3719,How_to_write_a_winning_bid_a_supplier_guide_to_successful_tender_responses--20250626-8927,startup
3720,How_to_write_a_winning_bid_a_supplier_guide_to_successful_tender_responses--20250626-8933,startup
3721,Construction_Works_and_Associated_Services--20250626-8961,recommendation
3722,Technology_Services_3--20250626-8966,recommendation
3723,Legal_Services_Panel--20250626-8986,recommendation
3724,RM6264-DPS-Schedule-1-Specification-v10--20250626-8603,details
3725,RM6264-DPS-Schedule-1-Specification-v10--20250626-8617,details
3726,RM6264-DPS-Schedule-1-Specification-v10--20250626-8619,details
3727,RM6264-DPS-Schedule-1-Specification-v10--20250626-8621,details
3728,RM6264-DPS-Schedule-1-Specification-v10--20250626-8628,details
3729,RM6264-DPS-Schedule-1-Specification-v10--20250626-8684,details
3730,RM6264-DPS-Schedule-1-Specification-v10--20250626-8698,details
3731,RM6264-DPS-Schedule-4-DPS-Management-v10-1--20250626-8725,details
3732,RM6264-DPS-Schedule-4-DPS-Management-v10-1--20250626-8726,details
3733,RM6264-DPS-Schedule-5-Management-Levy-and-Information-v10-1--20250626-8744,details
3734,RM6264-DPS-Schedule-5-Management-Levy-and-Information-v10-1--20250626-8755,details
3735,RM6264-DPS-Schedule-6-Order-form-template-and-order-schedules-v10--20250626-8766,details
3736,Storage_Distribution_Kitting_and_Associated_Services--20250626-9033,recommendation
3737,Workforce_Solutions--20250626-9036,recommendation
3738,G-Cloud_14--20250626-9067,recommendation
3739,Workforce_Improvement_Services--20250626-9087,recommendation
3740,Automation_Marketplace_DPS--20250626-9093,recommendation
3741,Learning_and_Training_Services_DPS--20250626-9109,recommendation
3742,Permanent_Recruitment_2--20250626-9113,recommendation
3743,Non_Clinical_Staffing--20250626-9137,recommendation
3744,Postal_Services__Solutions--20250626-9140,recommendation
3745,Demand_Management__Renewables_Framework--20250626-9158,recommendation
3746,Logistics_Warehousing_and_Supply_Chain_Solutions--20250626-9163,recommendation
3747,RM10438_Call-Off-Schedule-17-MOD-Terms-v10--20250626-307,details
3748,RM10438_Call-Off-Schedule-17-MOD-Terms-v10--20250626-308,details
3749,RM10438_Call-Off-Schedule-18-Background-Checks-v10--20250626-313,details
3750,RM10438_Call-Off-Schedule-2-Staff-Transfer-v10--20250626-326,details
3751,RM10438_Call-Off-Schedule-2-Staff-Transfer-v10--20250626-327,details
3752,RM10438_Call-Off-Schedule-2-Staff-Transfer-v10--20250626-338,details
3753,RM10438_Call-Off-Schedule-2-Staff-Transfer-v10--20250626-354,details
3754,RM10438_Call-Off-Schedule-2-Staff-Transfer-v10--20250626-377,details
3755,RM10438_Call-Off-Schedule-2-Staff-Transfer-v10--20250626-382,details
3756,RM10438_Call-Off-Schedule-2-Staff-Transfer-v10--20250626-389,details
3757,RM10438_Call-Off-Schedule-2-Staff-Transfer-v10--20250626-390,details
3758,RM10438_Call-Off-Schedule-2-Staff-Transfer-v10--20250626-392,details
3759,RM10438_Call-Off-Schedule-2-Staff-Transfer-v10--20250626-393,details
3760,RM10438_Call-Off-Schedule-2-Staff-Transfer-v10--20250626-401,details
3761,RM10438_Call-Off-Schedule-10-Exit-Management-v10--20250626-111,details
3762,RM10438_Call-Off-Schedule-10-Exit-Management-v10--20250626-126,details
3763,RM10438_Call-Off-Schedule-10-Exit-Management-v10--20250626-127,details
3764,RM10438_Call-Off-Schedule-10-Exit-Management-v10--20250626-143,details
3765,RM10438_Call-Off-Schedule-12-Clustering-v10--20250626-144,details
3766,RM10438_Call-Off-Schedule-12-Clustering-v10--20250626-153,details
3767,RM10438_Call-Off-Schedule-13-Implementation-Plan-and-Testing-v10--20250626-176,details
3768,RM10438_Call-Off-Schedule-13-Implementation-Plan-and-Testing-v10--20250626-178,details
3769,RM10438_Call-Off-Schedule-13-Implementation-Plan-and-Testing-v10--20250626-180,details
3770,RM10438_Call-Off-Schedule-13-Implementation-Plan-and-Testing-v10--20250626-186,details
3771,RM10438_Call-Off-Schedule-2-Staff-Transfer-v10--20250626-418,details
3772,RM10438_Call-Off-Schedule-2-Staff-Transfer-v10--20250626-419,details
3773,RM10438_Call-Off-Schedule-2-Staff-Transfer-v10--20250626-426,details
3774,RM10438_Call-Off-Schedule-2-Staff-Transfer-v10--20250626-438,details
3775,RM10438_Call-Off-Schedule-2-Staff-Transfer-v10--20250626-442,details
3776,RM10438_Call-Off-Schedule-2-Staff-Transfer-v10--20250626-448,details
3777,RM10438_Call-Off-Schedule-2-Staff-Transfer-v10--20250626-449,details
3778,RM10438_Call-Off-Schedule-2-Staff-Transfer-v10--20250626-453,details
3779,RM10438_Call-Off-Schedule-2-Staff-Transfer-v10--20250626-491,details
3780,7319-23-Supplier-marketing-toolkit-1--20250626-14,details
3781,RM10438-DOS-6-Buyer-Guide-v11--20250626-35,details
3782,RM10438-DOS-6-Buyer-Guide-v11--20250626-37,details
3783,RM10438-DOS-6-Buyer-Guide-v11--20250626-51,details
3784,RM10438-DOS-6-Buyer-Guide-v11--20250626-55,details
3785,RM10438-DOS-6-Buyer-Guide-v11--20250626-58,details
3786,RM10438-key-changes-DOS5-to-DOS6--20250626-76,details
3787,RM10438_Call-Off-Schedule-13-Implementation-Plan-and-Testing-v10--20250626-209,details
3788,RM10438_Call-Off-Schedule-14-Service-Levels-and-Balanced-Scorecard-v10--20250626-242,details
3789,RM10438_Call-Off-Schedule-14-Service-Levels-and-Balanced-Scorecard-v10--20250626-256,details
3790,RM10438_Call-Off-Schedule-15-Call-Off-Contract-Management-v10--20250626-270,details
3791,RM10438_Call-Off-Schedule-16-Benchmarking-v10--20250626-274,details
3792,RM10438_Call-Off-Schedule-16-Benchmarking-v10--20250626-281,details
3793,RM10438_Call-Off-Schedule-2-Staff-Transfer-v10--20250626-508,details
3794,RM10438_Call-Off-Schedule-2-Staff-Transfer-v10--20250626-525,details
3795,RM10438_Call-Off-Schedule-2-Staff-Transfer-v10--20250626-555,details
3796,RM10438_Call-Off-Schedule-2-Staff-Transfer-v10--20250626-559,details
3797,RM10438_Call-Off-Schedule-2-Staff-Transfer-v10--20250626-563,details
3798,RM10438_Call-Off-Schedule-2-Staff-Transfer-v10--20250626-564,details
3799,RM10438_Call-Off-Schedule-2-Staff-Transfer-v10--20250626-569,details
3800,RM10438_Call-Off-Schedule-2-Staff-Transfer-v10--20250626-576,details
3801,RM10438_Call-Off-Schedule-2-Staff-Transfer-v10--20250626-582,details
3802,RM10438_Call-Off-Schedule-2-Staff-Transfer-v10--20250626-590,details
3803,RM10438_Call-Off-Schedule-2-Staff-Transfer-v10--20250626-596,details
3804,RM10438_Call-Off-Schedule-21-Northern-Ireland-Law-v10--20250626-602,details
3805,RM10438_Call-Off-Schedule-5-Pricing-Details-and-Expenses-Policy-v10--20250626-722,details
3806,RM10438_Call-Off-Schedule-6-Intellectual-Property-Rights-and-Additional-Terms-on-Digital-Deliverables-v10--20250626-734,details
3807,RM10438_Call-Off-Schedule-6-Intellectual-Property-Rights-and-Additional-Terms-on-Digital-Deliverables-v10--20250626-755,details
3808,RM10438_Call-Off-Schedule-6-Intellectual-Property-Rights-and-Additional-Terms-on-Digital-Deliverables-v10--20250626-759,details
3809,RM10438_Call-Off-Schedule-6-Intellectual-Property-Rights-and-Additional-Terms-on-Digital-Deliverables-v10--20250626-760,details
3810,RM10438_Call-Off-Schedule-6-Intellectual-Property-Rights-and-Additional-Terms-on-Digital-Deliverables-v10--20250626-761,details
3811,RM10438_Call-Off-Schedule-6-Intellectual-Property-Rights-and-Additional-Terms-on-Digital-Deliverables-v10--20250626-768,details
3812,RM10438_Call-Off-Schedule-8-Business-Continuity-and-Disaster-Recovery-v10--20250626-791,details
3813,RM10438_Call-Off-Schedule-8-Business-Continuity-and-Disaster-Recovery-v10--20250626-793,details
3814,RM10438_Call-Off-Schedule-23-HMRC-Terms-v10--20250626-613,details
3815,RM10438_Call-Off-Schedule-23-HMRC-Terms-v10--20250626-614,details
3816,RM10438_Call-Off-Schedule-23-HMRC-Terms-v10--20250626-647,details
3817,RM10438_Call-Off-Schedule-25-Ethical-Walls-Agreement-v20--20250626-656,details
3818,RM10438_Call-Off-Schedule-25-Ethical-Walls-Agreement-v20--20250626-662,details
3819,RM10438_Call-Off-Schedule-26-Cyber-Essentials-Scheme-v10--20250626-702,details
3820,RM10438_Call-Off-Schedule-9-Security-v20--20250626-811,details
3821,RM10438_Call-Off-Schedule-9-Security-v20--20250626-831,details
3822,RM10438_Call-Off-Schedule-9-Security-v20--20250626-842,details
3823,RM10438_Call-Off-Schedule-9-Security-v20--20250626-871,details
3824,RM10438_Call-Off-Schedule-9-Security-v20--20250626-877,details
3825,RM10438_Call-Off-Schedule-9-Security-v20--20250626-890,details
3826,RM10438_Framework-Schedule-4-Framework-Management-v10--20250626-1118,details
3827,RM10438_Framework-Schedule-5-Management-Charges-and-Information-v20--20250626-1138,details
3828,RM10438_Framework-Schedule-5-Management-Charges-and-Information-v20--20250626-1142,details
3829,RM10438_Framework-Schedule-5-Management-Charges-and-Information-v20--20250626-1144,details
3830,RM10438_Framework-Schedule-6-Order-Form-Template-Statement-of-Work-Template-and-Call-Off-Schedules-v20_1--20250626-1169,details
3831,RM10438_Framework-Schedule-6-Order-Form-Template-Statement-of-Work-Template-and-Call-Off-Schedules-v20_1--20250626-1173,details
3832,RM10438_Framework-Schedule-6-Order-Form-Template-Statement-of-Work-Template-and-Call-Off-Schedules-v20_1--20250626-1175,details
3833,RM10438_Framework-Schedule-6-Order-Form-Template-Statement-of-Work-Template-and-Call-Off-Schedules-v20_1--20250626-1179,details
3834,RM10438_Framework-Schedule-6-Order-Form-Template-Statement-of-Work-Template-and-Call-Off-Schedules-v20_1--20250626-1184,details
3835,RM10438_Framework-Schedule-6-Order-Form-Template-Statement-of-Work-Template-and-Call-Off-Schedules-v20_1--20250626-1187,details
3836,RM10438_Framework-Schedule-6-Order-Form-Template-Statement-of-Work-Template-and-Call-Off-Schedules-v20--20250626-1208,details
3837,RM10438_Framework-Award-Form-v20-1--20250626-1025,details
3838,RM10438_Framework-Schedule-1-Specification-v10-1--20250626-1050,details
3839,RM10438_Framework-Schedule-1-Specification-v10-1--20250626-1056,details
3840,RM10438_Framework-Schedule-1-Specification-v10-1--20250626-1066,details
3841,RM10438_Framework-Schedule-1-Specification-v10-1--20250626-1073,details
3842,RM10438_Framework-Schedule-3-Framework-Prices-v10-1--20250626-1082,details
3843,RM10438_Framework-Schedule-3-Framework-Prices-v10-1--20250626-1085,details
3844,RM10438_Framework-Schedule-3-Framework-Prices-v10-1--20250626-1087,details
3845,RM10438_Framework-Schedule-3-Framework-Prices-v10-1--20250626-1095,details
3846,RM10438_Framework-Schedule-4-Framework-Management-v10--20250626-1099,details
3847,RM10438_Framework-Schedule-4-Framework-Management-v10--20250626-1101,details
3848,RM10438_Core-Terms-v3011--20250626-929,details
3849,RM10438_Core-Terms-v3011--20250626-959,details
3850,RM10438_Core-Terms-v3011--20250626-966,details
3851,RM10438_Core-Terms-v3011--20250626-987,details
3852,RM10438_Core-Terms-v3011--20250626-992,details
3853,RM10438_Core-Terms-v3011--20250626-997,details
3854,RM10438_Framework-Schedule-6-Order-Form-Template-Statement-of-Work-Template-and-Call-Off-Schedules-v20--20250626-1231,details
3855,RM10438_Framework-Schedule-7-Call-Off-Award-Procedure-v10--20250626-1245,details
3856,RM10438_Framework-Schedule-7-Call-Off-Award-Procedure-v10--20250626-1257,details
3857,RM10438_Joint-Schedule-1-Definitions-v10--20250626-1291,details
3858,RM10438_Joint-Schedule-1-Definitions-v10--20250626-1304,details
3859,RM10438_Joint-Schedule-1-Definitions-v10--20250626-1414,details
3860,RM10438_Joint-Schedule-10-Rectification-Plan-v10--20250626-1421,details
3861,RM10438_Joint-Schedule-11-Processing-Data-v10--20250626-1432,details
3862,RM10438_Joint-Schedule-11-Processing-Data-v10--20250626-1434,details
3863,RM10438_Joint-Schedule-11-Processing-Data-v10--20250626-1439,details
3864,RM10438_Joint-Schedule-11-Processing-Data-v10--20250626-1441,details
3865,RM10438_Joint-Schedule-11-Processing-Data-v10--20250626-1448,details
3866,RM10438_Joint-Schedule-11-Processing-Data-v10--20250626-1452,details
3867,RM10438_Joint-Schedule-11-Processing-Data-v10--20250626-1454,details
3868,RM10438_Joint-Schedule-11-Processing-Data-v10--20250626-1457,details
3869,RM10438_Joint-Schedule-11-Processing-Data-v10--20250626-1464,details
3870,RM10438_Joint-Schedule-2-Variation-Form-v10--20250626-1509,details
3871,RM10438_Joint-Schedule-2-Variation-Form-v10--20250626-1513,details
3872,Why_you_cant_use_the_RM1043_8--20250626-1639,details
3873,RM6098-Aggregation-case-studies-v4-1--20250626-1650,details
3874,RM6098-Buyer-guidance-to-the-public-sector-contract-v41_1--20250626-1667,details
3875,RM6098-Buyer-guidance-to-the-public-sector-contract-v41_1--20250626-1671,details
3876,RM6098-Buyer-guidance-to-the-public-sector-contract-v41_1--20250626-1685,details
3877,RM6098-Buyer-guidance-to-the-public-sector-contract-v41_1--20250626-1686,details
3878,RM6098-Buyer-guidance-to-the-public-sector-contract-v41_1--20250626-1691,details
3879,RM6098-Buyer-guidance-to-the-public-sector-contract-v41_1--20250626-1699,details
3880,RM6098-Buyer-guidance-to-the-public-sector-contract-v41_1--20250626-1707,details
3881,RM6098-Buyer-guidance-to-the-public-sector-contract-v41_1--20250626-1710,details
3882,RM6098-Buyer-guidance-to-the-public-sector-contract-v41_1--20250626-1715,details
3883,RM10438_Joint-Schedule-1-Definitions-v10--20250626-1326,details
3884,RM10438_Joint-Schedule-1-Definitions-v10--20250626-1331,details
3885,RM10438_Joint-Schedule-1-Definitions-v10--20250626-1339,details
3886,RM10438_Joint-Schedule-1-Definitions-v10--20250626-1340,details
3887,RM10438_Joint-Schedule-1-Definitions-v10--20250626-1355,details
3888,RM10438_Joint-Schedule-1-Definitions-v10--20250626-1370,details
3889,RM10438_Joint-Schedule-1-Definitions-v10--20250626-1374,details
3890,RM10438_Joint-Schedule-1-Definitions-v10--20250626-1405,details
3891,RM10438_Joint-Schedule-1-Definitions-v10--20250626-1409,details
3892,RM10438_Joint-Schedule-5-Corporate-Social-Responsibility-v10--20250626-1535,details
3893,RM10438_Joint-Schedule-5-Corporate-Social-Responsibility-v10--20250626-1537,details
3894,RM10438_Joint-Schedule-5-Corporate-Social-Responsibility-v10--20250626-1542,details
3895,RM10438_Joint-Schedule-6-Key-Subcontractors-v10--20250626-1549,details
3896,RM10438_Joint-Schedule-8-Guarantee-v10--20250626-1576,details
3897,RM10438_Joint-Schedule-8-Guarantee-v10--20250626-1587,details
3898,RM10438_Joint-Schedule-8-Guarantee-v10--20250626-1593,details
3899,RM10438_Joint-Schedule-8-Guarantee-v10--20250626-1603,details
3900,RM6098-Call-Off-Schedule-2-Staff-Transfer-v10-1--20250626-2023,details
3901,RM6098-Call-Off-Schedule-2-Staff-Transfer-v10-1--20250626-2031,details
3902,RM6098-Call-Off-Schedule-2-Staff-Transfer-v10-1--20250626-2036,details
3903,RM6098-Call-Off-Schedule-2-Staff-Transfer-v10-1--20250626-2041,details
3904,RM6098-Call-Off-Schedule-2-Staff-Transfer-v10-1--20250626-2045,details
3905,RM6098-Call-Off-Schedule-2-Staff-Transfer-v10-1--20250626-2052,details
3906,RM6098-Call-Off-Schedule-2-Staff-Transfer-v10-1--20250626-2057,details
3907,RM6098-Call-Off-Schedule-2-Staff-Transfer-v10-1--20250626-2061,details
3908,RM6098-Call-Off-Schedule-2-Staff-Transfer-v10-1--20250626-2072,details
3909,RM6098-Call-Off-Schedule-2-Staff-Transfer-v10-1--20250626-2090,details
3910,RM6098-Buyer-guidance-to-the-public-sector-contract-v41_1--20250626-1724,details
3911,RM6098-Buyer-guidance-to-the-public-sector-contract-v41_1--20250626-1733,details
3912,RM6098-Buyer-guidance-to-the-public-sector-contract-v41_1--20250626-1736,details
3913,RM6098-Buyer-guide-v81_1--20250626-1741,details
3914,RM6098-Buyer-guide-v81_1--20250626-1752,details
3915,RM6098-Buyer-guide-v81_1--20250626-1771,details
3916,RM6098-Buyer-guide-v81_1--20250626-1783,details
3917,RM6098-Buyer-guide-v81_1--20250626-1802,details
3918,RM6098-Call-Off-Schedule-13-Implementation-Plan-and-Testing-v10--20250626-1924,details
3919,RM6098-Call-Off-Schedule-14-Service-Levels-v10--20250626-1948,details
3920,RM6098-Call-Off-Schedule-14-Service-Levels-v10--20250626-1955,details
3921,RM6098-Call-Off-Schedule-16-Benchmarking-v10--20250626-1975,details
3922,RM6098-Call-Off-schedule-17-MOD-terms-v11--20250626-1982,details
3923,RM6098-Call-Off-schedule-17-MOD-terms-v11--20250626-1983,details
3924,RM6098-Call-Off-schedule-17-MOD-terms-v11--20250626-1989,details
3925,RM6098-Call-Off-Schedule-10-Exit-Management-v20--20250626-1860,details
3926,RM6098-Call-Off-Schedule-10-Exit-Management-v20--20250626-1868,details
3927,RM6098-Call-Off-Schedule-13-Implementation-Plan-and-Testing-v10--20250626-1889,details
3928,RM6098-Call-Off-Schedule-13-Implementation-Plan-and-Testing-v10--20250626-1892,details
3929,RM6098-Call-Off-Schedule-13-Implementation-Plan-and-Testing-v10--20250626-1917,details
3930,RM6098-Call-Off-Schedule-22-Lease-Terms-FINANCIAL-LEASE-v11--20250626-2331,details
3931,RM6098-Call-Off-Schedule-22-Lease-Terms-FINANCIAL-LEASE-v11--20250626-2336,details
3932,RM6098-Call-Off-Schedule-22-Lease-Terms-OPERATIONAL-LEASE-v11--20250626-2362,details
3933,RM6098-Call-Off-Schedule-22-Lease-Terms-OPERATIONAL-LEASE-v11--20250626-2372,details
3934,RM6098-Call-Off-Schedule-22-Lease-Terms-OPERATIONAL-LEASE-v11--20250626-2377,details
3935,RM6098-Call-Off-Schedule-22-Lease-Terms-OPERATIONAL-LEASE-v11--20250626-2380,details
3936,RM6098-Call-Off-Schedule-22-Lease-Terms-OPERATIONAL-LEASE-v11--20250626-2390,details
3937,RM6098-Call-Off-Schedule-22-Lease-Terms-OPERATIONAL-LEASE-v11--20250626-2408,details
3938,RM6098-Call-Off-Schedule-22-Lease-Terms-OPERATIONAL-LEASE-v11--20250626-2414,details
3939,RM6098-Call-Off-Schedule-22-Lease-Terms-OPERATIONAL-LEASE-v11--20250626-2418,details
3940,RM6098-Call-Off-Schedule-22-Lease-Terms-OPERATIONAL-LEASE-v11--20250626-2423,details
3941,RM6098-Call-Off-Schedule-22-Lease-Terms-OPERATIONAL-LEASE-v11--20250626-2426,details
3942,RM6098-Call-Off-Schedule-22-Lease-Terms-OPERATIONAL-LEASE-v11--20250626-2427,details
3943,RM6098-Call-Off-Schedule-22-Lease-Terms-OPERATIONAL-LEASE-v11--20250626-2434,details
3944,RM6098-Call-Off-Schedule-22-Lease-Terms-OPERATIONAL-LEASE-v11--20250626-2442,details
3945,RM6098-Call-Off-Schedule-22-Lease-Terms-OPERATIONAL-LEASE-v11--20250626-2447,details
3946,RM6098-Call-Off-Schedule-22-Lease-Terms-v21--20250626-2466,details
3947,RM6098-Call-Off-Schedule-22-Lease-Terms-v21--20250626-2476,details
3948,RM6098-Call-Off-Schedule-22-Lease-Terms-v21--20250626-2487,details
3949,RM6098-Call-Off-Schedule-22-Lease-Terms-v21--20250626-2492,details
3950,RM6098-Call-Off-Schedule-22-Lease-Terms-v21--20250626-2494,details
3951,RM6098-Call-Off-Schedule-2-Staff-Transfer-v10-1--20250626-2121,details
3952,RM6098-Call-Off-Schedule-2-Staff-Transfer-v10-1--20250626-2122,details
3953,RM6098-Call-Off-Schedule-2-Staff-Transfer-v10-1--20250626-2148,details
3954,RM6098-Call-Off-Schedule-2-Staff-Transfer-v10-1--20250626-2159,details
3955,RM6098-Call-Off-Schedule-2-Staff-Transfer-v10-1--20250626-2175,details
3956,RM6098-Call-Off-Schedule-2-Staff-Transfer-v10-1--20250626-2195,details
3957,RM6098-Call-Off-Schedule-2-Staff-Transfer-v10-1--20250626-2201,details
3958,RM6098-Call-Off-Schedule-2-Staff-Transfer-v10-1--20250626-2203,details
3959,RM6098-Call-Off-Schedule-2-Staff-Transfer-v10-1--20250626-2210,details
3960,RM6098-Call-Off-Schedule-2-Staff-Transfer-v10-1--20250626-2211,details
3961,RM6098-Call-Off-Schedule-21-Northern-Ireland-Law-v10--20250626-2223,details
3962,RM6098-Call-Off-Schedule-22-Lease-Terms-FINANCIAL-LEASE-v11--20250626-2236,details
3963,RM6098-Call-Off-Schedule-22-Lease-Terms-FINANCIAL-LEASE-v11--20250626-2238,details
3964,RM6098-Call-Off-Schedule-22-Lease-Terms-FINANCIAL-LEASE-v11--20250626-2241,details
3965,RM6098-Call-Off-Schedule-22-Lease-Terms-FINANCIAL-LEASE-v11--20250626-2242,details
3966,RM6098-Call-Off-Schedule-22-Lease-Terms-FINANCIAL-LEASE-v11--20250626-2261,details
3967,RM6098-Call-Off-Schedule-22-Lease-Terms-FINANCIAL-LEASE-v11--20250626-2277,details
3968,RM6098-Call-Off-Schedule-6-Annex-E-As-a-Service-additional-terms-v20--20250626-2738,details
3969,RM6098-Call-Off-Schedule-6-ICT-Services-v20-1--20250626-2754,details
3970,RM6098-Call-Off-Schedule-6-ICT-Services-v20-1--20250626-2764,details
3971,RM6098-Call-Off-Schedule-6-ICT-Services-v20-1--20250626-2767,details
3972,RM6098-Call-Off-Schedule-6-ICT-Services-v20-1--20250626-2769,details
3973,RM6098-Call-Off-Schedule-6-ICT-Services-v20-1--20250626-2777,details
3974,RM6098-Call-Off-Schedule-6-ICT-Services-v20-1--20250626-2781,details
3975,RM6098-Call-Off-Schedule-6-ICT-Services-v20-1--20250626-2787,details
3976,RM6098-Call-Off-Schedule-6-ICT-Services-v20-1--20250626-2792,details
3977,RM6098-Call-Off-Schedule-7-Key-Supplier-Staff-v10--20250626-2804,details
3978,RM6098-Call-Off-Schedule-8-Business-Continuity-and-Disaster-Recovery-v10--20250626-2817,details
3979,RM6098-Call-Off-Schedule-8-Business-Continuity-and-Disaster-Recovery-v10--20250626-2829,details
3980,RM6098-Call-Off-Schedule-8-Business-Continuity-and-Disaster-Recovery-v10--20250626-2830,details
3981,RM6098-Call-Off-Schedule-8-Business-Continuity-and-Disaster-Recovery-v10--20250626-2841,details
3982,RM6098-Call-Off-Schedule-8-Business-Continuity-and-Disaster-Recovery-v10--20250626-2843,details
3983,RM6098-Call-Off-Schedule-8-Business-Continuity-and-Disaster-Recovery-v10--20250626-2846,details
3984,RM6098-Call-Off-Schedule-9-Security-v10--20250626-2872,details
3985,RM6098-Call-Off-Schedule-9-Security-v10--20250626-2882,details
3986,RM6098-Call-Off-Schedule-9-Security-v10--20250626-2883,details
3987,RM6098-Call-Off-Schedule-9-Security-v10--20250626-2909,details
3988,RM6098-Call-Off-Schedule-9-Security-v10--20250626-2917,details
3989,RM6098-Call-Off-Schedule-9-Security-v10--20250626-2918,details
3990,RM6098-Call-Off-Schedule-22-Lease-Terms-v21--20250626-2544,details
3991,RM6098-Call-Off-Schedule-22-Lease-Terms-v21--20250626-2545,details
3992,RM6098-Call-Off-Schedule-22-Lease-Terms-v21--20250626-2548,details
3993,RM6098-Call-Off-Schedule-22-Lease-Terms-v21--20250626-2552,details
3994,RM6098-Call-Off-Schedule-22-Lease-Terms-v21--20250626-2553,details
3995,RM6098-Call-Off-Schedule-22-Lease-Terms-v21--20250626-2573,details
3996,RM6098-Call-Off-Schedule-22-Lease-Terms-v21--20250626-2586,details
3997,RM6098-Call-Off-Schedule-22-Lease-Terms-v21--20250626-2594,details
3998,RM6098-Call-Off-Schedule-3-Continuous-Improvement-v10--20250626-2621,details
3999,RM6098-Call-Off-Schedule-3-Continuous-Improvement-v10--20250626-2622,details
4000,RM6098-Call-Off-Schedule-6-Annex-E-As-a-Service-additional-terms-v20--20250626-2634,details
4001,RM6098-Call-Off-Schedule-6-Annex-E-As-a-Service-additional-terms-v20--20250626-2672,details
4002,RM6098-Call-Off-Schedule-6-Annex-E-As-a-Service-additional-terms-v20--20250626-2681,details
4003,RM6098-Call-Off-Schedule-6-Annex-E-As-a-Service-additional-terms-v20--20250626-2699,details
4004,RM6098-Call-Off-Schedule-6-Annex-E-As-a-Service-additional-terms-v20--20250626-2720,details
4005,RM6098-Call-Off-Schedule-9-Security-v10--20250626-2931,details
4006,RM6098-Call-Off-Schedule-9-Security-v10--20250626-2933,details
4007,RM6098-Call-Off-Schedule-9-Security-v10--20250626-2935,details
4008,RM6098-Call-Off-Schedule-9-Security-v10--20250626-2940,details
4009,RM6098-Call-Off-Schedule-9-Security-v10--20250626-2945,details
4010,RM6098-Call-Off-Schedule-9-Security-v10--20250626-2950,details
4011,RM6098-Case-studies-v5_2--20250626-2976,details
4012,RM6098-Case-studies-v5_2--20250626-2977,details
4013,RM6098-Case-studies-v5_2--20250626-2978,details
4014,RM6098-Case-studies-v5_2--20250626-2992,details
4015,RM6098-Case-studies-v5_2--20250626-3008,details
4016,RM6098-Core-terms-v3011-1--20250626-3026,details
4017,RM6098-Expression-of-interest-template-v2--20250626-3138,details
4018,RM6098-Framework-Award-Form-v20--20250626-3143,details
4019,RM6098-Framework-Award-Form-v20--20250626-3147,details
4020,RM6098-Framework-Award-Form-v20--20250626-3151,details
4021,RM6098-Framework-Award-Form-v20--20250626-3168,details
4022,RM6098-Framework-schedule-1-specification-v41--20250626-3176,details
4023,RM6098-Framework-schedule-1-specification-v41--20250626-3189,details
4024,RM6098-Framework-schedule-1-specification-v41--20250626-3192,details
4025,RM6098-Core-terms-v3011-1--20250626-3036,details
4026,RM6098-Core-terms-v3011-1--20250626-3045,details
4027,RM6098-Core-terms-v3011-1--20250626-3049,details
4028,RM6098-Core-terms-v3011-1--20250626-3090,details
4029,RM6098-Core-terms-v3011-1--20250626-3092,details
4030,RM6098-Core-terms-v3011-1--20250626-3101,details
4031,RM6098-Direct-Award-procedure-overview-v61_2--20250626-3109,details
4032,RM6098-Framework-Schedule-4-Framework-Management-v20--20250626-3295,details
4033,RM6098-Framework-Schedule-4-Framework-Management-v20--20250626-3298,details
4034,RM6098-Framework-Schedule-4-Framework-Management-v20--20250626-3307,details
4035,RM6098-Framework-Schedule-4-Framework-Management-v20--20250626-3316,details
4036,RM6098-Framework-Schedule-5-Management-Charges-and-Information-v10--20250626-3327,details
4037,RM6098-Framework-Schedule-5-Management-Charges-and-Information-v10--20250626-3329,details
4038,RM6098-Invitation-to-tender-template-v3--20250626-3434,details
4039,RM6098-Invitation-to-tender-template-v3--20250626-3446,details
4040,RM6098-Joint-Schedule-10-Rectification-Plan-v10--20250626-3473,details
4041,RM6098-Joint-Schedule-11-processing-data-v20--20250626-3503,details
4042,RM6098-Joint-Schedule-11-processing-data-v20--20250626-3519,details
4043,RM6098-Joint-Schedule-11-processing-data-v20--20250626-3520,details
4044,RM6098-Joint-Schedule-11-processing-data-v20--20250626-3522,details
4045,RM6098-Joint-Schedule-11-processing-data-v20--20250626-3528,details
4046,RM6098-Joint-Schedule-11-processing-data-v20--20250626-3534,details
4047,RM6098-Framework-schedule-6-order-form-template-and-call-off-schedules-v31--20250626-3356,details
4048,RM6098-Framework-Schedule-7-Call-Off-Award-Procedure-v2--20250626-3359,details
4049,RM6098-Framework-Schedule-7-Call-Off-Award-Procedure-v2--20250626-3371,details
4050,RM6098-Framework-Schedule-7-Call-Off-Award-Procedure-v2--20250626-3389,details
4051,RM6098-Framework-Schedule-7-Call-Off-Award-Procedure-v2--20250626-3394,details
4052,RM6098-Framework-Schedule-7-Call-Off-Award-Procedure-v2--20250626-3395,details
4053,RM6098-Invitation-to-tender-template-v3--20250626-3421,details
4054,RM6098-Invitation-to-tender-template-v3--20250626-3433,details
4055,RM6098-Joint-Schedule-11-processing-data-v20--20250626-3535,details
4056,RM6098-Joint-Schedule-11-processing-data-v20--20250626-3548,details
4057,RM6098-Joint-Schedule-11-processing-data-v20--20250626-3558,details
4058,RM6098-Joint-Schedule-11-processing-data-v20--20250626-3578,details
4059,RM6098-Joint-schedule-12-supply-chain-visibility-v21--20250626-3586,details
4060,RM6098-Joint-schedule-12-supply-chain-visibility-v21--20250626-3590,details
4061,RM6098-Joint-Schedule-3-Insurance-Requirements-v10--20250626-3603,details
4062,RM6098-Joint-Schedule-7-Financial-Difficulties-v34--20250626-3654,details
4063,RM6098-Joint-Schedule-7-Financial-Difficulties-v34--20250626-3661,details
4064,RM6098-Joint-Schedule-7-Financial-Difficulties-v34--20250626-3675,details
4065,RM6098-Joint-Schedule-7-Financial-Difficulties-v34--20250626-3687,details
4066,RM6098-Joint-Schedule-7-Financial-Difficulties-v34--20250626-3711,details
4067,RM6098-Market-engagement-best-practice-process-v27--20250626-3843,details
4068,RM6098-Model-Contract-Pack-v3--20250626-3845,details
4069,RM6098-Model-Contract-Pack-v3--20250626-3847,details
4070,RM6098-Model-Contract-Pack-v3--20250626-3849,details
4071,RM6098-Model-Contract-Pack-v3--20250626-3850,details
4072,RM6098-Model-Contract-Pack-v3--20250626-3851,details
4073,RM6098-Model-Contract-Pack-v3--20250626-3871,details
4074,RM6098-Model-Contract-Pack-v3--20250626-3890,details
4075,RM6098-Model-Contract-Pack-v3--20250626-3914,details
4076,RM6098-Model-Contract-Pack-v3--20250626-3918,details
4077,RM6098-Model-Contract-Pack-v3--20250626-3919,details
4078,RM6098-Model-Contract-Pack-v3--20250626-3927,details
4079,RM6098-Model-Contract-Pack-v3--20250626-3933,details
4080,RM6098-Model-Contract-Pack-v3--20250626-3947,details
4081,RM6098-Model-Contract-Pack-v3--20250626-3963,details
4082,RM6098-Model-Contract-Pack-v3--20250626-3968,details
4083,RM6098-Model-Contract-Pack-v3--20250626-3985,details
4084,RM6098-Model-Contract-Pack-v3--20250626-3988,details
4085,RM6098-Model-Contract-Pack-v3--20250626-3989,details
4086,RM6098-Model-Contract-Pack-v3--20250626-3990,details
4087,RM6098-Model-Contract-Pack-v3--20250626-3992,details
4088,RM6098-Model-Contract-Pack-v3--20250626-4024,details
4089,RM6098-Model-Contract-Pack-v3--20250626-4035,details
4090,RM6098-Model-Contract-Pack-v3--20250626-4037,details
4091,RM6098-Joint-Schedule-8-Guarantee-for-PSC-v10--20250626-3752,details
4092,RM6098-Leasing-tech-hardware-best-practice-process-v28-1--20250626-3763,details
4093,RM6098-Leasing-tech-hardware-best-practice-process-v28-1--20250626-3764,details
4094,RM6098-Leasing-tech-hardware-best-practice-process-v28-1--20250626-3770,details
4095,RM6098-Leasing-tech-hardware-best-practice-process-v28-1--20250626-3789,details
4096,RM6098-Leasing-tech-hardware-best-practice-process-v28-1--20250626-3794,details
4097,RM6098-Leasing-tech-hardware-best-practice-process-v28-1--20250626-3799,details
4098,RM6098-Leasing-tech-hardware-best-practice-process-v28-1--20250626-3800,details
4099,RM6098-Leasing-tech-hardware-best-practice-process-v28-1--20250626-3805,details
4100,RM6098-Leasing-tech-hardware-best-practice-process-v28-1--20250626-3812,details
4101,RM6098-Model-Contract-Pack-v3--20250626-4040,details
4102,RM6098-Model-Contract-Pack-v3--20250626-4056,details
4103,RM6098-Model-Contract-Pack-v3--20250626-4063,details
4104,RM6098-Model-Contract-Pack-v3--20250626-4087,details
4105,RM6098-Model-Contract-Pack-v3--20250626-4089,details
4106,RM6098-Model-Contract-Pack-v3--20250626-4102,details
4107,RM6098-Model-Contract-Pack-v3--20250626-4103,details
4108,RM6098-Model-Contract-Pack-v3--20250626-4113,details
4109,RM6098-Model-Contract-Pack-v3--20250626-4132,details
4110,RM6098-Model-Contract-Pack-v3--20250626-4133,details
4111,RM6116-Buyer-guide-v12--20250626-4254,details
4112,RM6116-Buyer-guide-v12--20250626-4259,details
4113,RM6116-Buyer-guide-v12--20250626-4261,details
4114,RM6116-Buyer-guide-v12--20250626-4266,details
4115,RM6116-Buyer-guide-v12--20250626-4267,details
4116,RM6116-Buyer-guide-v12--20250626-4275,details
4117,RM6116-Buyer-guide-v12--20250626-4287,details
4118,RM6116-Buyer-guide-v12--20250626-4293,details
4119,RM6116-Buyer-guide-v12--20250626-4302,details
4120,RM6116-Buyer-guide-v12--20250626-4309,details
4121,RM6116-Buyer-guide-v12--20250626-4312,details
4122,RM6116-Call-Off-Schedule-1-Transparency-Reports-vFinal--20250626-4315,details
4123,RM6116-Call-Off-Schedule-10-Exit-Management-V12--20250626-4333,details
4124,RM6098-Model-Contract-Pack-v3--20250626-4159,details
4125,RM6098-Model-Contract-Pack-v3--20250626-4162,details
4126,RM6098-Model-Contract-Pack-v3--20250626-4167,details
4127,RM6098-Model-Contract-Pack-v3--20250626-4169,details
4128,RM6098-Model-Contract-Pack-v3--20250626-4172,details
4129,RM6098-Model-Contract-Pack-v3--20250626-4179,details
4130,RM6098-Model-Contract-Pack-v3--20250626-4182,details
4131,RM6098-Supplier-outcome-letter-successful-v1_2--20250626-4220,details
4132,RM6098-Supplier-outcome-letter-unsuccessful-v1--20250626-4223,details
4133,RM6098_Description--20250626-4234,details
4134,RM6098_howtobuy--20250626-4238,details
4135,RM6116-Call-Off-Schedule-14-Service-Levels-vFinal11--20250626-4446,details
4136,RM6116-Call-Off-Schedule-14-Service-Levels-vFinal11--20250626-4453,details
4137,RM6116-Call-Off-Schedule-14-Service-Levels-vFinal11--20250626-4458,details
4138,RM6116-Call-Off-Schedule-14-Service-Levels-vFinal11--20250626-4461,details
4139,RM6116-Call-Off-Schedule-16-Benchmarking-vFinal--20250626-4515,details
4140,RM6116-Call-Off-Schedule-16-Benchmarking-vFinal--20250626-4528,details
4141,RM6116-Call-Off-Schedule-17-MOD-Terms-vFinal--20250626-4535,details
4142,RM6116-Call-Off-Schedule-17-MOD-Terms-vFinal--20250626-4538,details
4143,RM6116-Call-Off-Schedule-10-Exit-Management-V12--20250626-4351,details
4144,RM6116-Call-Off-Schedule-12-Clustering-vFinal--20250626-4366,details
4145,RM6116-Call-Off-Schedule-12-Clustering-vFinal--20250626-4371,details
4146,RM6116-Call-Off-Schedule-13-Implementation-Plan-and-Testing-v11--20250626-4375,details
4147,RM6116-Call-Off-Schedule-13-Implementation-Plan-and-Testing-v11--20250626-4386,details
4148,RM6116-Call-Off-Schedule-14-Service-Levels-vFinal11--20250626-4439,details
4149,RM6116-Call-Off-Schedule-19-Scottish-Law-vFinal--20250626-4546,details
4150,RM6116-Call-Off-Schedule-2-Staff-Transfer-vFinal--20250626-4569,details
4151,RM6116-Call-Off-Schedule-2-Staff-Transfer-vFinal--20250626-4571,details
4152,RM6116-Call-Off-Schedule-2-Staff-Transfer-vFinal--20250626-4582,details
4153,RM6116-Call-Off-Schedule-2-Staff-Transfer-vFinal--20250626-4587,details
4154,RM6116-Call-Off-Schedule-2-Staff-Transfer-vFinal--20250626-4593,details
4155,RM6116-Call-Off-Schedule-2-Staff-Transfer-vFinal--20250626-4618,details
4156,RM6116-Call-Off-Schedule-2-Staff-Transfer-vFinal--20250626-4620,details
4157,RM6116-Call-Off-Schedule-2-Staff-Transfer-vFinal--20250626-4633,details
4158,RM6116-Call-Off-Schedule-2-Staff-Transfer-vFinal--20250626-4637,details
4159,RM6116-Call-Off-Schedule-2-Staff-Transfer-vFinal--20250626-4644,details
4160,RM6116-Call-Off-Schedule-23-HMRC-Terms-v11--20250626-4849,details
4161,RM6116-Call-Off-Schedule-3-Continuous-Improvement-v11--20250626-4860,details
4162,RM6116-Call-Off-Schedule-3-Continuous-Improvement-v11--20250626-4861,details
4163,RM6116-Call-Off-Schedule-6-ICT-Services-v11--20250626-4885,details
4164,RM6116-Call-Off-Schedule-6-ICT-Services-v11--20250626-4890,details
4165,RM6116-Call-Off-Schedule-6-ICT-Services-v11--20250626-4892,details
4166,RM6116-Call-Off-Schedule-6-ICT-Services-v11--20250626-4894,details
4167,RM6116-Call-Off-Schedule-7-Key-Supplier-Staff-vFinal--20250626-4916,details
4168,RM6116-Call-Off-Schedule-8-Business-Continuity-and-Disaster-Recovery-v11--20250626-4936,details
4169,RM6116-Call-Off-Schedule-2-Staff-Transfer-vFinal--20250626-4755,details
4170,RM6116-Call-Off-Schedule-2-Staff-Transfer-vFinal--20250626-4793,details
4171,RM6116-Call-Off-Schedule-2-Staff-Transfer-vFinal--20250626-4794,details
4172,RM6116-Call-Off-Schedule-22-Lease-Terms-vFinal--20250626-4816,details
4173,RM6116-Call-Off-Schedule-22-Lease-Terms-vFinal--20250626-4825,details
4174,RM6116-Call-Off-Schedule-23-HMRC-Terms-v11--20250626-4843,details
4175,RM6116-Call-Off-Schedule-2-Staff-Transfer-vFinal--20250626-4664,details
4176,RM6116-Call-Off-Schedule-2-Staff-Transfer-vFinal--20250626-4722,details
4177,RM6116-Call-Off-Schedule-2-Staff-Transfer-vFinal--20250626-4736,details
4178,RM6116-Call-Off-Schedule-8-Business-Continuity-and-Disaster-Recovery-v11--20250626-4960,details
4179,RM6116-Call-Off-Schedule-8-Business-Continuity-and-Disaster-Recovery-v11--20250626-4965,details
4180,RM6116-Call-Off-Schedule-8-Business-Continuity-and-Disaster-Recovery-v11--20250626-4975,details
4181,RM6116-Call-Off-Schedule-9-Security-vFinal--20250626-4998,details
4182,RM6116-Call-Off-Schedule-9-Security-vFinal--20250626-5008,details
4183,RM6116-Call-Off-Schedule-9-Security-vFinal--20250626-5009,details
4184,RM6116-Call-Off-Schedule-9-Security-vFinal--20250626-5014,details
4185,RM6116-Call-Off-Schedule-9-Security-vFinal--20250626-5017,details
4186,RM6116-Call-Off-Schedule-9-Security-vFinal--20250626-5019,details
4187,RM6116-Call-Off-Schedule-9-Security-vFinal--20250626-5025,details
4188,RM6116-Call-Off-Schedule-9-Security-vFinal--20250626-5040,details
4189,RM6116-Call-Off-Schedule-9-Security-vFinal--20250626-5049,details
4190,RM6116-Call-Off-Schedule-9-Security-vFinal--20250626-5058,details
4191,RM6116-Call-Off-Schedule-9-Security-vFinal--20250626-5067,details
4192,RM6116-Framework-Schedule-1-Specification-vFinal--20250626-5107,details
4193,RM6116-Framework-Schedule-1-Specification-vFinal--20250626-5123,details
4194,RM6116-Framework-Schedule-1-Specification-vFinal--20250626-5130,details
4195,RM6116-Framework-Schedule-1-Specification-vFinal--20250626-5134,details
4196,RM6116-Framework-Schedule-1-Specification-vFinal--20250626-5137,details
4197,RM6116-Framework-Schedule-1-Specification-vFinal--20250626-5139,details
4198,RM6116-Framework-Schedule-1-Specification-vFinal--20250626-5143,details
4199,RM6116-Framework-Schedule-3-Framework-Prices-vFinal-11--20250626-5170,details
4200,RM6116-Framework-Schedule-4-Framework-Management-vFinal--20250626-5192,details
4201,RM6116-Framework-Schedule-4-Framework-Management-vFinal--20250626-5197,details
4202,RM6116-Framework-Schedule-4-Framework-Management-vFinal--20250626-5210,details
4203,RM6116-Framework-Schedule-4-Framework-Management-vFinal--20250626-5213,details
4204,RM6116-Framework-Schedule-5-Management-Charges-and-Information-vFinal--20250626-5227,details
4205,RM6116-Framework-Schedule-6-Order-Form-Template-and-Call-Off-Schedules-vFinal11--20250626-5234,details
4206,RM6116-Framework-Schedule-6-Order-Form-Template-and-Call-Off-Schedules-vFinal11--20250626-5235,details
4207,RM6116-Framework-Schedule-6-Order-Form-Template-and-Call-Off-Schedules-vFinal11--20250626-5237,details
4208,RM6116-Framework-Schedule-7-Call-Off-Award-Procedure-v10-2--20250626-5269,details
4209,RM6116-Framework-Schedule-8-Self-Audit-Certificate-vFinal--20250626-5294,details
4210,RM6116-Joint-Schedule-1-Definitions-vFinal--20250626-5311,details
4211,RM6116-Joint-Schedule-1-Definitions-vFinal--20250626-5338,details
4212,RM6116-Joint-Schedule-1-Definitions-vFinal--20250626-5350,details
4213,RM6116-Joint-Schedule-1-Definitions-vFinal--20250626-5354,details
4214,RM6116-Joint-Schedule-1-Definitions-vFinal--20250626-5355,details
4215,RM6116-Joint-Schedule-1-Definitions-vFinal--20250626-5357,details
4216,RM6116-Joint-Schedule-1-Definitions-vFinal--20250626-5372,details
4217,RM6116-Joint-Schedule-1-Definitions-vFinal--20250626-5376,details
4218,RM6116-Joint-Schedule-1-Definitions-vFinal--20250626-5396,details
4219,RM6116-Joint-Schedule-1-Definitions-vFinal--20250626-5403,details
4220,RM6116-Joint-Schedule-1-Definitions-vFinal--20250626-5420,details
4221,RM6116-Joint-Schedule-1-Definitions-vFinal--20250626-5422,details
4222,RM6116-Joint-Schedule-1-Definitions-vFinal--20250626-5427,details
4223,RM6116-Joint-Schedule-11-Processing-Data-vFinal-1--20250626-5450,details
4224,RM6116-Joint-Schedule-11-Processing-Data-vFinal-1--20250626-5451,details
4225,RM6116-Joint-Schedule-11-Processing-Data-vFinal-1--20250626-5459,details
4226,RM6116-Joint-Schedule-11-Processing-Data-vFinal-1--20250626-5464,details
4227,RM6116-Joint-Schedule-11-Processing-Data-vFinal-1--20250626-5466,details
4228,RM6116-Joint-Schedule-11-Processing-Data-vFinal-1--20250626-5475,details
4229,RM6116-Joint-Schedule-11-Processing-Data-vFinal-1--20250626-5490,details
4230,RM6116-Joint-Schedule-11-Processing-Data-vFinal-1--20250626-5494,details
4231,RM6116-Joint-Schedule-11-Processing-Data-vFinal-1--20250626-5500,details
4232,RM6116-Joint-Schedule-11-Processing-Data-vFinal-1--20250626-5512,details
4233,RM6116-Joint-Schedule-12-Supply-Chain-Visibility-vFinal--20250626-5518,details
4234,RM6116-Joint-Schedule-12-Supply-Chain-Visibility-vFinal--20250626-5520,details
4235,RM6116-Joint-Schedule-3-Insurance-Requirements-vFinal--20250626-5538,details
4236,RM6116-Joint-Schedule-4-Commercially-Sensitive-Information-vFinal--20250626-5542,details
4237,RM6116-Joint-Schedule-7-Financial-Difficulties-v11docx--20250626-5662,details
4238,RM6116-Joint-Schedule-7-Financial-Difficulties-v11docx--20250626-5663,details
4239,RM6116-Joint-Schedule-8-Guarantee-for-PSC-vFinal--20250626-5686,details
4240,RM6116-Joint-Schedule-8-Guarantee-for-PSC-vFinal--20250626-5691,details
4241,RM6116-Joint-Schedule-8-Guarantee-for-PSC-vFinal--20250626-5692,details
4242,RM6116-Joint-Schedule-8-Guarantee-for-PSC-vFinal--20250626-5701,details
4243,RM6116-Network-Services-3-Statement-of-Requirements-Template-accessible-v1-1--20250626-5715,details
4244,RM6116-Network-Services-3-Statement-of-Requirements-Template-accessible-v1-1--20250626-5718,details
4245,RM6116-NS3-Core-terms-v3011--20250626-5730,details
4246,RM6116-NS3-Core-terms-v3011--20250626-5735,details
4247,RM6116-NS3-Core-terms-v3011--20250626-5737,details
4248,RM6116-NS3-Core-terms-v3011--20250626-5751,details
4249,RM6116-Joint-Schedule-5-Corporate-Social-Responsibility-vFinal--20250626-5568,details
4250,RM6116-Joint-Schedule-7-Financial-Difficulties-v11docx--20250626-5584,details
4251,RM6116-Joint-Schedule-7-Financial-Difficulties-v11docx--20250626-5591,details
4252,RM6116-Joint-Schedule-7-Financial-Difficulties-v11docx--20250626-5597,details
4253,RM6116-Joint-Schedule-7-Financial-Difficulties-v11docx--20250626-5599,details
4254,RM6116-Joint-Schedule-7-Financial-Difficulties-v11docx--20250626-5615,details
4255,RM6116-Joint-Schedule-7-Financial-Difficulties-v11docx--20250626-5622,details
4256,RM6116-Joint-Schedule-7-Financial-Difficulties-v11docx--20250626-5640,details
4257,RM6116-NS3-Core-terms-v3011--20250626-5760,details
4258,RM6116-NS3-Core-terms-v3011--20250626-5762,details
4259,RM6116-NS3-Core-terms-v3011--20250626-5764,details
4260,RM6116-NS3-Core-terms-v3011--20250626-5771,details
4261,RM6116-NS3-Core-terms-v3011--20250626-5777,details
4262,RM6116-NS3-Core-terms-v3011--20250626-5780,details
4263,RM6116-NS3-Core-terms-v3011--20250626-5789,details
4264,RM6116-NS3-Core-terms-v3011--20250626-5794,details
4265,RM6116-NS3-Core-terms-v3011--20250626-5797,details
4266,RM6116-NS3-Core-terms-v3011--20250626-5798,details
4267,RM6116-NS3-Framework-Award-Form-vFinal-11-1--20250626-5817,details
4268,RM6116-NS3-Service-Offer-Guide-V3--20250626-5819,details
4269,RM6116-NS3-Service-Offer-Guide-V3--20250626-5833,details
4270,RM6116-Request-For-Information-template-v1-2--20250626-5838,details
4271,RM6116-Request-For-Information-template-v1-2--20250626-5847,details
4272,RM6116_description--20250626-5860,details
4273,RM6116_Key-changes-from-NS2-to-NS3_V10docx--20250626-5873,details
4274,RM6187-Call-Off-Schedule-10_-Exit-Management---20250626-5904,details
4275,RM6187-Call-Off-Schedule-10_-Exit-Management---20250626-5910,details
4276,RM6187-Call-Off-Schedule-10_-Exit-Management---20250626-5911,details
4277,RM6187-Call-Off-Schedule-10_-Exit-Management---20250626-5926,details
4278,RM6187-Call-Off-Schedule-10_-Exit-Management---20250626-5930,details
4279,RM6187-Call-Off-Schedule-10_-Exit-Management---20250626-5934,details
4280,RM6187-Call-Off-Schedule-10_-Exit-Management---20250626-5937,details
4281,RM6187-Call-Off-Schedule-10_-Exit-Management---20250626-5943,details
4282,RM6187-Call-Off-Schedule-13_-Implementation-Plan-and-Testing---20250626-5990,details
4283,RM6187-Call-Off-Schedule-13_-Implementation-Plan-and-Testing---20250626-6005,details
4284,RM6187-Call-Off-Schedule-13_-Implementation-Plan-and-Testing---20250626-6015,details
4285,RM6187-Call-Off-Schedule-14_-Service-Levels---20250626-6017,details
4286,RM6187-Call-Off-Schedule-14_-Service-Levels---20250626-6028,details
4287,RM6187-Call-Off-Schedule-15_-Call-Off-Contract-Management---20250626-6041,details
4288,RM6187-Call-Off-Schedule-15_-Call-Off-Contract-Management---20250626-6044,details
4289,RM6187-Call-Off-Schedule-16_-Benchmarking--20250626-6052,details
4290,RM6187-Call-Off-Schedule-18_-Background-Checks---20250626-6088,details
4291,RM6187-Call-Off-Schedule-21_-Northern-Ireland-Law---20250626-6103,details
4292,RM6187-Call-Off-Schedule-23_-HMRC-Schedule---20250626-6120,details
4293,RM6187-Call-Off-Schedule-23_-HMRC-Schedule---20250626-6133,details
4294,RM6187-Call-Off-Schedule-6_-ICT-Services---20250626-6192,details
4295,RM6187-Call-Off-Schedule-6_-ICT-Services---20250626-6194,details
4296,RM6187-Call-Off-Schedule-6_-ICT-Services---20250626-6205,details
4297,RM6187-Call-Off-Schedule-6_-ICT-Services---20250626-6206,details
4298,RM6187-Call-Off-Schedule-6_-ICT-Services---20250626-6215,details
4299,RM6187-Call-Off-Schedule-8_-Business-Continuity-and-Disaster-Recovery---20250626-6231,details
4300,RM6187-Call-Off-Schedule-8_-Business-Continuity-and-Disaster-Recovery---20250626-6239,details
4301,RM6187-Call-Off-Schedule-8_-Business-Continuity-and-Disaster-Recovery---20250626-6242,details
4302,RM6187-Call-Off-Schedule-8_-Business-Continuity-and-Disaster-Recovery---20250626-6248,details
4303,RM6187-Call-Off-Schedule-9_-Security---20250626-6257,details
4304,RM6187-Call-Off-Schedule-9_-Security---20250626-6258,details
4305,RM6187-Core-Terms---20250626-6365,details
4306,RM6187-Core-Terms---20250626-6373,details
4307,RM6187-Core-Terms---20250626-6382,details
4308,RM6187-Core-Terms---20250626-6395,details
4309,RM6187-Core-Terms---20250626-6405,details
4310,RM6187-Core-Terms---20250626-6413,details
4311,RM6187-Core-Terms---20250626-6417,details
4312,RM6187-Core-Terms---20250626-6426,details
4313,RM6187-Core-Terms---20250626-6453,details
4314,RM6187-Core-Terms---20250626-6457,details
4315,RM6187-Framework-Schedule-1_-Specification--20250626-6461,details
4316,RM6187-Framework-Schedule-1_-Specification--20250626-6465,details
4317,RM6187-Framework-Schedule-1_-Specification--20250626-6479,details
4318,RM6187-Framework-Schedule-1_-Specification--20250626-6480,details
4319,RM6187-Framework-Schedule-3_-Framework-Prices---20250626-6494,details
4320,RM6187-Framework-Schedule-4_-Framework-Management---20250626-6500,details
4321,RM6187-Framework-Schedule-4_-Framework-Management---20250626-6503,details
4322,RM6187-Framework-Schedule-4_-Framework-Management---20250626-6508,details
4323,RM6187-Framework-Schedule-5_-Management-Charges-and-Information---20250626-6532,details
4324,RM6187-Framework-Schedule-5_-Management-Charges-and-Information---20250626-6533,details
4325,RM6187-Call-Off-Schedule-9_-Security---20250626-6268,details
4326,RM6187-Call-Off-Schedule-9_-Security---20250626-6273,details
4327,RM6187-Call-Off-Schedule-9_-Security---20250626-6292,details
4328,RM6187-Call-Off-Schedule-9_-Security---20250626-6297,details
4329,RM6187-Call-Off-Schedule-9_-Security---20250626-6305,details
4330,RM6187-Call-Off-Schedule-9_-Security---20250626-6324,details
4331,RM6187-Call-Off-Schedule-9_-Security---20250626-6325,details
4332,RM6187-Call-Off-Schedule-9_-Security---20250626-6328,details
4333,RM6187-Call-Off-Schedule-9_-Security---20250626-6346,details
4334,RM6187-Joint-Schedule-1_-Definitions---20250626-6870,details
4335,RM6187-Joint-Schedule-1_-Definitions---20250626-6872,details
4336,RM6187-Joint-Schedule-1_-Definitions---20250626-6875,details
4337,RM6187-Joint-Schedule-3_-Insurance-Requirements--20250626-6891,details
4338,RM6187-Joint-Schedule-3_-Insurance-Requirements--20250626-6898,details
4339,RM6187-Joint-Schedule-6_-Key-Subcontractors--20250626-6925,details
4340,RM6187-Joint-Schedule-7_-Financial-Difficulties-1--20250626-6930,details
4341,RM6187-Joint-Schedule-7_-Financial-Difficulties-1--20250626-6939,details
4342,RM6187-Joint-Schedule-7_-Financial-Difficulties-1--20250626-6941,details
4343,RM6187-Joint-Schedule-7_-Financial-Difficulties-1--20250626-6944,details
4344,RM6187-Joint-Schedule-7_-Financial-Difficulties-1--20250626-6948,details
4345,RM6187-Joint-Schedule-7_-Financial-Difficulties-1--20250626-6954,details
4346,RM6187-Joint-Schedule-11_-Processing-Data---20250626-6678,details
4347,RM6187-Joint-Schedule-11_-Processing-Data---20250626-6687,details
4348,RM6187-Joint-Schedule-11_-Processing-Data---20250626-6688,details
4349,RM6187-Joint-Schedule-11_-Processing-Data---20250626-6708,details
4350,RM6187-Joint-Schedule-11_-Processing-Data---20250626-6711,details
4351,RM6187-Joint-Schedule-11_-Processing-Data---20250626-6726,details
4352,RM6187-Joint-Schedule-11_-Processing-Data---20250626-6739,details
4353,RM6187-Joint-Schedule-1_-Definitions---20250626-6744,details
4354,RM6187-Joint-Schedule-1_-Definitions---20250626-6757,details
4355,RM6187-Framework-Schedule-7_-Call-Off-Award-Procedure---20250626-6574,details
4356,RM6187-Framework-Schedule-7_-Call-Off-Award-Procedure---20250626-6593,details
4357,RM6187-Framework-Schedule-7_-Call-Off-Award-Procedure---20250626-6605,details
4358,RM6187-Framework-Schedule-9_-Cyber-Essentials-Scheme---20250626-6613,details
4359,RM6187-How-to-use-Contractual-Documents--1--20250626-6632,details
4360,RM6187-Joint-Schedule-11_-Processing-Data---20250626-6663,details
4361,RM6187-Joint-Schedule-1_-Definitions---20250626-6805,details
4362,RM6187-Joint-Schedule-1_-Definitions---20250626-6828,details
4363,RM6187-Joint-Schedule-1_-Definitions---20250626-6854,details
4364,RM6187-Joint-Schedule-1_-Definitions---20250626-6860,details
4365,RM6187-Joint-Schedule-8_-Guarantee---20250626-6976,details
4366,RM6187-Joint-Schedule-8_-Guarantee---20250626-6978,details
4367,RM6187-Joint-Schedule-8_-Guarantee---20250626-6985,details
4368,RM6187-Joint-Schedule-8_-Guarantee---20250626-6988,details
4369,RM6187-Joint-Schedule-8_-Guarantee---20250626-7001,details
4370,RM6187-Joint-Schedule-8_-Guarantee---20250626-7006,details
4371,RM6187-MCF3-Grade-Definitions---20250626-7027,details
4372,RM6187-T1-Expression-of-Interest--20250626-7031,details
4373,RM6187-T10-Evaluator-Conflict-of-Interest-MCF3---20250626-7035,details
4374,RM6187-T11a-Award-Letter-1--20250626-7045,details
4375,RM6187-T2-Attachment-3-Statement-of-Requirements-docx--20250626-7057,details
4376,RM6187-T2-Attachment-3-Statement-of-Requirements-docx--20250626-7066,details
4377,DPS-Core-Terms-v103-1--20250626-7273,details
4378,DPS-Core-Terms-v103-1--20250626-7275,details
4379,DPS-Core-Terms-v103-1--20250626-7284,details
4380,DPS-Core-Terms-v103-1--20250626-7285,details
4381,DPS-Core-Terms-v103-1--20250626-7304,details
4382,DPS-Core-Terms-v103-1--20250626-7310,details
4383,DPS-Core-Terms-v103-1--20250626-7311,details
4384,DPS-Core-Terms-v103-1--20250626-7341,details
4385,RM6264-Attachment-1-About-the-Procurement-v2--20250626-7354,details
4386,RM6264-Attachment-1-About-the-Procurement-v2--20250626-7365,details
4387,RM6187-T3-Non-Disclosure-Agreement-NDA--20250626-7089,details
4388,RM6187-T3-Non-Disclosure-Agreement-NDA--20250626-7090,details
4389,RM6187-T3-Non-Disclosure-Agreement-NDA--20250626-7100,details
4390,RM6187-T3-Non-Disclosure-Agreement-NDA--20250626-7144,details
4391,RM6187-T6-Attachment-2-How-to-Bid-including-Evaluation-Criteria---20250626-7193,details
4392,RM6187-T6-Attachment-2-How-to-Bid-including-Evaluation-Criteria---20250626-7206,details
4393,RM6187-T6-Attachment-2-How-to-Bid-including-Evaluation-Criteria---20250626-7219,details
4394,DPS-Core-Terms-v103-1--20250626-7260,details
4395,RM6264-Attachment-2-How-to-Bid-v1--20250626-7387,details
4396,RM6264-Attachment-2-How-to-Bid-v1--20250626-7390,details
4397,RM6264-Attachment-2-How-to-Bid-v1--20250626-7406,details
4398,RM6264-Attachment-2-How-to-Bid-v1--20250626-7410,details
4399,RM6264-Attachment-2-How-to-Bid-v1--20250626-7416,details
4400,RM6264-Attachment-2-How-to-Bid-v1--20250626-7430,details
4401,RM6264-Attachment-3-Specification-v20--20250626-7435,details
4402,RM6264-Attachment-3-Specification-v20--20250626-7436,details
4403,RM6264-Attachment-3-Specification-v20--20250626-7438,details
4404,RM6264-benefits--20250626-7440,details
4405,RM6264-Capability-Assessment-Template-v10--20250626-7444,details
4406,RM6264-description--20250626-7461,details
4407,RM6264-DPS-Appointment-Form-v10--20250626-7462,details
4408,RM6264-DPS-Buyer-Guide-v30--20250626-7469,details
4409,RM6264-DPS-Buyer-Guide-v30--20250626-7472,details
4410,RM6264-DPS-Buyer-Guide-v30--20250626-7474,details
4411,RM6264-DPS-Buyer-Guide-v30--20250626-7478,details
4412,RM6264-DPS-Buyer-Guide-v30--20250626-7481,details
4413,RM6264-DPS-Buyer-Guide-v30--20250626-7492,details
4414,RM6264-DPS-Joint-Schedule-1-Definitions-v10--20250626-7510,details
4415,RM6264-DPS-Joint-Schedule-11-Processing-Data-v10--20250626-7541,details
4416,RM6264-DPS-Joint-Schedule-11-Processing-Data-v10--20250626-7548,details
4417,RM6264-DPS-Joint-Schedule-11-Processing-Data-v10--20250626-7553,details
4418,RM6264-DPS-Joint-Schedule-11-Processing-Data-v10--20250626-7561,details
4419,RM6264-DPS-Joint-Schedule-11-Processing-Data-v10--20250626-7564,details
4420,RM6264-DPS-Joint-Schedule-11-Processing-Data-v10--20250626-7585,details
4421,RM6264-DPS-Joint-Schedule-3-Insurance-Requirements-v10--20250626-7605,details
4422,RM6264-DPS-Joint-Schedule-3-Insurance-Requirements-v10--20250626-7606,details
4423,RM6264-DPS-Joint-Schedule-4-Commercially-Sensitive-Information-v10--20250626-7611,details
4424,RM6264-DPS-Joint-Schedule-6-Key-Subcontractors-v10--20250626-7626,details
4425,RM6264-DPS-Joint-Schedule-7-Financial-Difficulties-v10--20250626-7637,details
4426,RM6264-DPS-Joint-Schedule-7-Financial-Difficulties-v10--20250626-7668,details
4427,RM6264-DPS-Joint-Schedule-7-Financial-Difficulties-v10--20250626-7693,details
4428,RM6264-DPS-Joint-Schedule-8-Guarantee-v10--20250626-7712,details
4429,RM6264-DPS-Order-Schedule-10-Exit-Management-v10--20250626-7732,details
4430,RM6264-DPS-Order-Schedule-10-Exit-Management-v10--20250626-7743,details
4431,RM6264-DPS-Order-Schedule-13-Implementation-Plan-and-Testing-v10--20250626-7774,details
4432,RM6264-DPS-Order-Schedule-19-Scottish-Law-v10--20250626-7887,details
4433,RM6264-DPS-Order-Schedule-2-Staff-Transfer-v10--20250626-7896,details
4434,RM6264-DPS-Order-Schedule-2-Staff-Transfer-v10--20250626-7898,details
4435,RM6264-DPS-Order-Schedule-2-Staff-Transfer-v10--20250626-7912,details
4436,RM6264-DPS-Order-Schedule-2-Staff-Transfer-v10--20250626-7916,details
4437,RM6264-DPS-Order-Schedule-2-Staff-Transfer-v10--20250626-7918,details
4438,RM6264-DPS-Order-Schedule-2-Staff-Transfer-v10--20250626-7923,details
4439,RM6264-DPS-Order-Schedule-2-Staff-Transfer-v10--20250626-7932,details
4440,RM6264-DPS-Order-Schedule-2-Staff-Transfer-v10--20250626-7935,details
4441,RM6264-DPS-Order-Schedule-2-Staff-Transfer-v10--20250626-7939,details
4442,RM6264-DPS-Order-Schedule-2-Staff-Transfer-v10--20250626-7947,details
4443,RM6264-DPS-Order-Schedule-2-Staff-Transfer-v10--20250626-7952,details
4444,RM6264-DPS-Order-Schedule-2-Staff-Transfer-v10--20250626-7956,details
4445,RM6264-DPS-Order-Schedule-2-Staff-Transfer-v10--20250626-7965,details
4446,RM6264-DPS-Order-Schedule-2-Staff-Transfer-v10--20250626-7975,details
4447,RM6264-DPS-Order-Schedule-2-Staff-Transfer-v10--20250626-7976,details
4448,RM6264-DPS-Order-Schedule-2-Staff-Transfer-v10--20250626-7981,details
4449,RM6264-DPS-Order-Schedule-2-Staff-Transfer-v10--20250626-7982,details
4450,RM6264-DPS-Order-Schedule-2-Staff-Transfer-v10--20250626-7993,details
4451,RM6264-DPS-Order-Schedule-2-Staff-Transfer-v10--20250626-8015,details
4452,RM6264-DPS-Order-Schedule-2-Staff-Transfer-v10--20250626-8026,details
4453,RM6264-DPS-Order-Schedule-2-Staff-Transfer-v10--20250626-8027,details
4454,RM6264-DPS-Order-Schedule-2-Staff-Transfer-v10--20250626-8048,details
4455,RM6264-DPS-Order-Schedule-2-Staff-Transfer-v10--20250626-8057,details
4456,RM6264-DPS-Order-Schedule-2-Staff-Transfer-v10--20250626-8059,details
4457,RM6264-DPS-Order-Schedule-2-Staff-Transfer-v10--20250626-8070,details
4458,RM6264-DPS-Order-Schedule-13-Implementation-Plan-and-Testing-v10--20250626-7778,details
4459,RM6264-DPS-Order-Schedule-13-Implementation-Plan-and-Testing-v10--20250626-7799,details
4460,RM6264-DPS-Order-Schedule-13-Implementation-Plan-and-Testing-v10--20250626-7801,details
4461,RM6264-DPS-Order-Schedule-13-Implementation-Plan-and-Testing-v10--20250626-7807,details
4462,RM6264-DPS-Order-Schedule-15-Order-Contract-Management-v10--20250626-7843,details
4463,RM6264-DPS-Order-Schedule-15-Order-Contract-Management-v10--20250626-7848,details
4464,RM6264-DPS-Order-Schedule-15-Order-Contract-Management-v10--20250626-7849,details
4465,RM6264-DPS-Order-Schedule-16-Benchmarking-v10--20250626-7861,details
4466,RM6264-DPS-Order-Schedule-17-MOD-Terms-V10--20250626-7873,details
4467,RM6264-DPS-Order-Schedule-2-Staff-Transfer-v10--20250626-8083,details
4468,RM6264-DPS-Order-Schedule-2-Staff-Transfer-v10--20250626-8098,details
4469,RM6264-DPS-Order-Schedule-23-HMRC-v10--20250626-8141,details
4470,RM6264-DPS-Order-Schedule-25-Billable-Works-and-Projects-v10--20250626-8170,details
4471,RM6264-DPS-Order-Schedule-9-Security-v10--20250626-8385,details
4472,RM6264-DPS-Order-Schedule-9-Security-v10--20250626-8394,details
4473,RM6264-DPS-Order-Schedule-9-Security-v10--20250626-8401,details
4474,RM6264-DPS-Order-Schedule-9-Security-v10--20250626-8413,details
4475,RM6264-DPS-Order-Schedule-9-Security-v10--20250626-8415,details
4476,RM6264-DPS-Order-Schedule-9-Security-v10--20250626-8417,details
4477,RM6264-DPS-Schedule-1-Specification-v10--20250626-8445,details
4478,RM6264-DPS-Schedule-1-Specification-v10--20250626-8447,details
4479,RM6264-DPS-Schedule-1-Specification-v10--20250626-8474,details
4480,RM6264-DPS-Schedule-1-Specification-v10--20250626-8483,details
4481,RM6264-DPS-Order-Schedule-8-Business-Continuity-and-Disaster-Recovery-v10--20250626-8319,details
4482,RM6264-DPS-Order-Schedule-8-Business-Continuity-and-Disaster-Recovery-v10--20250626-8330,details
4483,RM6264-DPS-Order-Schedule-8-Business-Continuity-and-Disaster-Recovery-v10--20250626-8333,details
4484,RM6264-DPS-Order-Schedule-9-Security-v10--20250626-8351,details
4485,RM6264-DPS-Order-Schedule-9-Security-v10--20250626-8354,details
4486,RM6264-DPS-Order-Schedule-9-Security-v10--20250626-8358,details
4487,RM6264-DPS-Order-Schedule-9-Security-v10--20250626-8364,details
4488,RM6264-DPS-Order-Schedule-9-Security-v10--20250626-8371,details
4489,RM6264-DPS-Order-Schedule-9-Security-v10--20250626-8372,details
4490,RM6264-DPS-Order-Schedule-9-Security-v10--20250626-8373,details
4491,RM6264-DPS-Order-Schedule-3-Continuous-Improvement-v10--20250626-8195,details
4492,RM6264-DPS-Order-Schedule-3-Continuous-Improvement-v10--20250626-8200,details
4493,RM6264-DPS-Order-Schedule-5-Pricing-Details-v10--20250626-8214,details
4494,RM6264-DPS-Order-Schedule-6-ICT-Services-v10--20250626-8241,details
4495,RM6264-DPS-Order-Schedule-6-ICT-Services-v10--20250626-8246,details
4496,RM6264-DPS-Order-Schedule-6-ICT-Services-v10--20250626-8250,details
4497,RM6264-DPS-Order-Schedule-6-ICT-Services-v10--20250626-8268,details
4498,RM6264-DPS-Order-Schedule-7-Key-Supplier-Staff-v10--20250626-8270,details
4499,RM6264-DPS-Schedule-1-Specification-v10--20250626-8487,details
4500,RM6264-DPS-Schedule-1-Specification-v10--20250626-8504,details
4501,RM6264-DPS-Schedule-1-Specification-v10--20250626-8509,details
4502,RM6264-DPS-Schedule-1-Specification-v10--20250626-8539,details
4503,RM6264-DPS-Schedule-1-Specification-v10--20250626-8552,details
4504,RM6264-DPS-Schedule-1-Specification-v10--20250626-8560,details
4505,RM6264-DPS-Schedule-7-Order-Procedure-v10--20250626-8791,details
4506,RM6264-DPS-Schedule-7-Order-Procedure-v10--20250626-8792,details
4507,RM6264-DPS-Schedule-9-Cyber-Essentials-Scheme-v10--20250626-8813,details
4508,RM6264-Expression-of-Interest-template-v1--20250626-8820,details
4509,RM6264-Expression-of-Interest-template-v1--20250626-8821,details
4510,Become_a_supplier_on_a_Dynamic_Purchasing_System--20250626-8852,startup
4511,Find_tender_opportunities--20250626-8864,startup
4512,Find_tender_opportunities--20250626-8866,startup
4513,Helping_your_carbon_net_zero_CNZ_journey--20250626-8875,startup
4514,Helping_your_carbon_net_zero_CNZ_journey--20250626-8878,startup
4515,Helping_your_carbon_net_zero_CNZ_journey--20250626-8879,startup
4516,Help_end_modern_slavery_with_your_buying_decisions--20250626-8887,startup
4517,RM6264-DPS-Schedule-1-Specification-v10--20250626-8703,details
4518,RM6264-DPS-Schedule-1-Specification-v10--20250626-8708,details
4519,RM6264-DPS-Schedule-4-DPS-Management-v10-1--20250626-8719,details
4520,RM6264-DPS-Schedule-4-DPS-Management-v10-1--20250626-8723,details
4521,RM6264-DPS-Schedule-5-Management-Levy-and-Information-v10-1--20250626-8748,details
4522,RM6264-DPS-Schedule-5-Management-Levy-and-Information-v10-1--20250626-8759,details
4523,RM6264-DPS-Schedule-6-Order-form-template-and-order-schedules-v10--20250626-8761,details
4524,RM6264-DPS-Schedule-6-Order-form-template-and-order-schedules-v10--20250626-8762,details
4525,RM6264-DPS-Schedule-7-Order-Procedure-v10--20250626-8781,details
4526,Help_end_modern_slavery_with_your_buying_decisions--20250626-8890,startup
4527,How_to_write_a_winning_bid_a_supplier_guide_to_successful_tender_responses--20250626-8923,startup
4528,How_to_write_a_winning_bid_a_supplier_guide_to_successful_tender_responses--20250626-8928,startup
4529,Your_buying_decisions_have_the_power_to_create_a_fairer_and_more_sustainable_society--20250626-8951,startup
4530,Transport_Technology__Associated_Services--20250626-8965,recommendation
4531,Communications_Marketplace--20250626-8971,recommendation
4532,Insurance_Services_3_DPS--20250626-8974,recommendation
4533,Records_Information_Management_Digital_Solutions_and_Associated_Services--20250626-8985,recommendation
4534,RM6264-DPS-Schedule-1-Specification-v10--20250626-8586,details
4535,RM6264-DPS-Schedule-1-Specification-v10--20250626-8589,details
4536,RM6264-DPS-Schedule-1-Specification-v10--20250626-8660,details
4537,RM6264-DPS-Schedule-1-Specification-v10--20250626-8666,details
4538,RM6264-DPS-Schedule-1-Specification-v10--20250626-8678,details
4539,RM6264-DPS-Schedule-1-Specification-v10--20250626-8681,details
4540,Software_Design_and_Implementation_Services--20250626-8994,recommendation
4541,Vehicle_Charging_Infrastructure_Solutions_VCIS--20250626-8999,recommendation
4542,Facilities_Management_and_Workplace_Services--20250626-9005,recommendation
4543,Payment_Solutions_2--20250626-9013,recommendation
4544,Executive__Non-Executive_Recruitment_Services--20250626-9038,recommendation
4545,Digital_Capability_for_Health_2--20250626-9060,recommendation
4546,Transport_Technology__Associated_Services--20250626-9074,recommendation
4547,Mobile_Voice_and_Data_Services--20250626-9127,recommendation
4548,doc_ProCure_23_P23--20250626-9132,recommendation
4549,Language_Services--20250626-9153,recommendation
4550,RM10438_Call-Off-Schedule-17-MOD-Terms-v10--20250626-304,details
4551,RM10438_Call-Off-Schedule-19-Scottish-Law-v10--20250626-318,details
4552,RM10438_Call-Off-Schedule-2-Staff-Transfer-v10--20250626-325,details
4553,RM10438_Call-Off-Schedule-2-Staff-Transfer-v10--20250626-336,details
4554,RM10438_Call-Off-Schedule-2-Staff-Transfer-v10--20250626-348,details
4555,RM10438_Call-Off-Schedule-2-Staff-Transfer-v10--20250626-361,details
4556,RM10438_Call-Off-Schedule-2-Staff-Transfer-v10--20250626-363,details
4557,RM10438_Call-Off-Schedule-2-Staff-Transfer-v10--20250626-364,details
4558,RM10438_Call-Off-Schedule-2-Staff-Transfer-v10--20250626-373,details
4559,RM10438_Call-Off-Schedule-2-Staff-Transfer-v10--20250626-375,details
4560,RM10438_Call-Off-Schedule-2-Staff-Transfer-v10--20250626-379,details
4561,7319-23-Supplier-marketing-toolkit-1--20250626-5,details
4562,7319-23-Supplier-marketing-toolkit-1--20250626-8,details
4563,Benefits_RM1043_8--20250626-15,details
4564,How_to_buy_steps_RM1043_8--20250626-20,details
4565,RM10438-DOS-6-Buyer-Guide-v11--20250626-39,details
4566,RM10438-DOS-6-Buyer-Guide-v11--20250626-70,details
4567,RM10438-key-changes-DOS5-to-DOS6--20250626-73,details
4568,RM10438-key-changes-DOS5-to-DOS6--20250626-79,details
4569,RM10438-key-changes-DOS5-to-DOS6--20250626-86,details
4570,RM10438_Call-Off-Schedule-1-Transparency-Reports-v10--20250626-97,details
4571,RM10438_Call-Off-Schedule-10-Exit-Management-v10--20250626-125,details
4572,RM10438_Call-Off-Schedule-12-Clustering-v10--20250626-148,details
4573,RM10438_Call-Off-Schedule-13-Implementation-Plan-and-Testing-v10--20250626-169,details
4574,RM10438_Call-Off-Schedule-13-Implementation-Plan-and-Testing-v10--20250626-173,details
4575,RM10438_Call-Off-Schedule-13-Implementation-Plan-and-Testing-v10--20250626-188,details
4576,RM10438_Call-Off-Schedule-13-Implementation-Plan-and-Testing-v10--20250626-192,details
4577,RM10438_Call-Off-Schedule-13-Implementation-Plan-and-Testing-v10--20250626-203,details
4578,RM10438_Call-Off-Schedule-13-Implementation-Plan-and-Testing-v10--20250626-215,details
4579,RM10438_Call-Off-Schedule-14-Service-Levels-and-Balanced-Scorecard-v10--20250626-225,details
4580,RM10438_Call-Off-Schedule-14-Service-Levels-and-Balanced-Scorecard-v10--20250626-238,details
4581,RM10438_Call-Off-Schedule-14-Service-Levels-and-Balanced-Scorecard-v10--20250626-252,details
4582,RM10438_Call-Off-Schedule-14-Service-Levels-and-Balanced-Scorecard-v10--20250626-255,details
4583,RM10438_Call-Off-Schedule-2-Staff-Transfer-v10--20250626-412,details
4584,RM10438_Call-Off-Schedule-2-Staff-Transfer-v10--20250626-417,details
4585,RM10438_Call-Off-Schedule-2-Staff-Transfer-v10--20250626-435,details
4586,RM10438_Call-Off-Schedule-2-Staff-Transfer-v10--20250626-461,details
4587,RM10438_Call-Off-Schedule-2-Staff-Transfer-v10--20250626-474,details
4588,RM10438_Call-Off-Schedule-8-Business-Continuity-and-Disaster-Recovery-v10--20250626-808,details
4589,RM10438_Call-Off-Schedule-9-Security-v20--20250626-814,details
4590,RM10438_Call-Off-Schedule-9-Security-v20--20250626-821,details
4591,RM10438_Call-Off-Schedule-9-Security-v20--20250626-832,details
4592,RM10438_Call-Off-Schedule-9-Security-v20--20250626-841,details
4593,RM10438_Call-Off-Schedule-9-Security-v20--20250626-847,details
4594,RM10438_Call-Off-Schedule-9-Security-v20--20250626-848,details
4595,RM10438_Call-Off-Schedule-9-Security-v20--20250626-849,details
4596,RM10438_Call-Off-Schedule-9-Security-v20--20250626-852,details
4597,RM10438_Call-Off-Schedule-9-Security-v20--20250626-885,details
4598,RM10438_Call-Off-Schedule-9-Security-v20--20250626-892,details
4599,RM10438_Call-Off-Schedule-9-Security-v20--20250626-896,details
4600,RM10438_Call-Off-Schedule-9-Security-v20--20250626-899,details
4601,RM10438_Call-Off-Schedule-9-Security-v20--20250626-902,details
4602,RM10438_Call-Off-Schedule-23-HMRC-Terms-v10--20250626-612,details
4603,RM10438_Call-Off-Schedule-23-HMRC-Terms-v10--20250626-618,details
4604,RM10438_Call-Off-Schedule-23-HMRC-Terms-v10--20250626-623,details
4605,RM10438_Call-Off-Schedule-23-HMRC-Terms-v10--20250626-625,details
4606,RM10438_Call-Off-Schedule-23-HMRC-Terms-v10--20250626-641,details
4607,RM10438_Call-Off-Schedule-23-HMRC-Terms-v10--20250626-642,details
4608,RM10438_Call-Off-Schedule-25-Ethical-Walls-Agreement-v20--20250626-674,details
4609,RM10438_Call-Off-Schedule-25-Ethical-Walls-Agreement-v20--20250626-677,details
4610,RM10438_Call-Off-Schedule-25-Ethical-Walls-Agreement-v20--20250626-684,details
4611,RM10438_Call-Off-Schedule-25-Ethical-Walls-Agreement-v20--20250626-686,details
4612,RM10438_Call-Off-Schedule-25-Ethical-Walls-Agreement-v20--20250626-690,details
4613,RM10438_Call-Off-Schedule-2-Staff-Transfer-v10--20250626-509,details
4614,RM10438_Call-Off-Schedule-2-Staff-Transfer-v10--20250626-510,details
4615,RM10438_Call-Off-Schedule-2-Staff-Transfer-v10--20250626-511,details
4616,RM10438_Call-Off-Schedule-2-Staff-Transfer-v10--20250626-528,details
4617,RM10438_Call-Off-Schedule-2-Staff-Transfer-v10--20250626-550,details
4618,RM10438_Call-Off-Schedule-2-Staff-Transfer-v10--20250626-568,details
4619,RM10438_Call-Off-Schedule-2-Staff-Transfer-v10--20250626-587,details
4620,RM10438_Call-Off-Schedule-2-Staff-Transfer-v10--20250626-591,details
4621,RM10438_Call-Off-Schedule-2-Staff-Transfer-v10--20250626-593,details
4622,RM10438_Call-Off-Schedule-3-Continuous-Improvement-v10--20250626-707,details
4623,RM10438_Call-Off-Schedule-5-Pricing-Details-and-Expenses-Policy-v10--20250626-717,details
4624,RM10438_Call-Off-Schedule-6-Intellectual-Property-Rights-and-Additional-Terms-on-Digital-Deliverables-v10--20250626-747,details
4625,RM10438_Call-Off-Schedule-6-Intellectual-Property-Rights-and-Additional-Terms-on-Digital-Deliverables-v10--20250626-758,details
4626,RM10438_Call-Off-Schedule-6-Intellectual-Property-Rights-and-Additional-Terms-on-Digital-Deliverables-v10--20250626-770,details
4627,RM10438_Call-Off-Schedule-6-Intellectual-Property-Rights-and-Additional-Terms-on-Digital-Deliverables-v10--20250626-772,details
4628,RM10438_Framework-Schedule-4-Framework-Management-v10--20250626-1117,details
4629,RM10438_Framework-Schedule-4-Framework-Management-v10--20250626-1122,details
4630,RM10438_Framework-Schedule-4-Framework-Management-v10--20250626-1125,details
4631,RM10438_Framework-Schedule-4-Framework-Management-v10--20250626-1129,details
4632,RM10438_Framework-Schedule-5-Management-Charges-and-Information-v20--20250626-1135,details
4633,RM10438_Framework-Schedule-5-Management-Charges-and-Information-v20--20250626-1136,details
4634,RM10438_Framework-Schedule-5-Management-Charges-and-Information-v20--20250626-1137,details
4635,RM10438_Framework-Schedule-6-Order-Form-Template-Statement-of-Work-Template-and-Call-Off-Schedules-v20_1--20250626-1178,details
4636,RM10438_Framework-Schedule-6-Order-Form-Template-Statement-of-Work-Template-and-Call-Off-Schedules-v20_1--20250626-1182,details
4637,RM10438_Framework-Schedule-6-Order-Form-Template-Statement-of-Work-Template-and-Call-Off-Schedules-v20_1--20250626-1185,details
4638,RM10438_Framework-Schedule-6-Order-Form-Template-Statement-of-Work-Template-and-Call-Off-Schedules-v20_1--20250626-1191,details
4639,RM10438_Framework-Schedule-6-Order-Form-Template-Statement-of-Work-Template-and-Call-Off-Schedules-v20--20250626-1202,details
4640,RM10438_Framework-Schedule-6-Order-Form-Template-Statement-of-Work-Template-and-Call-Off-Schedules-v20--20250626-1209,details
4641,RM10438_Framework-Schedule-6-Order-Form-Template-Statement-of-Work-Template-and-Call-Off-Schedules-v20--20250626-1225,details
4642,RM10438_Framework-Schedule-6-Order-Form-Template-Statement-of-Work-Template-and-Call-Off-Schedules-v20--20250626-1228,details
4643,RM10438_Framework-Schedule-6-Order-Form-Template-Statement-of-Work-Template-and-Call-Off-Schedules-v20--20250626-1242,details
4644,RM10438_Framework-Schedule-7-Call-Off-Award-Procedure-v10--20250626-1259,details
4645,RM10438_Framework-Schedule-7-Call-Off-Award-Procedure-v10--20250626-1268,details
4646,RM10438_Framework-Schedule-7-Call-Off-Award-Procedure-v10--20250626-1278,details
4647,RM10438_Joint-Schedule-1-Definitions-v10--20250626-1297,details
4648,RM10438_Joint-Schedule-1-Definitions-v10--20250626-1298,details
4649,RM10438_Joint-Schedule-1-Definitions-v10--20250626-1300,details
4650,RM10438_Core-Terms-v3011--20250626-915,details
4651,RM10438_Core-Terms-v3011--20250626-919,details
4652,RM10438_Core-Terms-v3011--20250626-936,details
4653,RM10438_Core-Terms-v3011--20250626-972,details
4654,RM10438_Core-Terms-v3011--20250626-975,details
4655,RM10438_Core-Terms-v3011--20250626-995,details
4656,RM10438_Framework-Award-Form-v20-1--20250626-1004,details
4657,RM10438_Framework-Schedule-1-Specification-v10-1--20250626-1043,details
4658,RM10438_Framework-Schedule-1-Specification-v10-1--20250626-1055,details
4659,RM10438_Framework-Schedule-1-Specification-v10-1--20250626-1062,details
4660,RM10438_Framework-Schedule-3-Framework-Prices-v10-1--20250626-1092,details
4661,RM10438_Joint-Schedule-1-Definitions-v10--20250626-1320,details
4662,RM10438_Joint-Schedule-1-Definitions-v10--20250626-1335,details
4663,RM10438_Joint-Schedule-1-Definitions-v10--20250626-1358,details
4664,RM10438_Joint-Schedule-1-Definitions-v10--20250626-1364,details
4665,RM10438_Joint-Schedule-1-Definitions-v10--20250626-1371,details
4666,RM10438_Joint-Schedule-1-Definitions-v10--20250626-1389,details
4667,RM10438_Joint-Schedule-1-Definitions-v10--20250626-1396,details
4668,RM10438_Joint-Schedule-1-Definitions-v10--20250626-1410,details
4669,RM10438_Joint-Schedule-1-Definitions-v10--20250626-1412,details
4670,RM10438_Joint-Schedule-2-Variation-Form-v10--20250626-1515,details
4671,RM10438_Joint-Schedule-3-Insurance-Requirements-v10--20250626-1529,details
4672,RM10438_Joint-Schedule-4-Commercially-Sensitive-Information-v10--20250626-1533,details
4673,RM10438_Joint-Schedule-5-Corporate-Social-Responsibility-v10--20250626-1538,details
4674,RM10438_Joint-Schedule-7-Financial-Difficulties-v10--20250626-1558,details
4675,RM10438_Joint-Schedule-8-Guarantee-v10--20250626-1590,details
4676,RM10438_Joint-Schedule-8-Guarantee-v10--20250626-1607,details
4677,RM10438_Joint-Schedule-8-Guarantee-v10--20250626-1611,details
4678,RM10438_Joint-Schedule-1-Definitions-v10--20250626-1418,details
4679,RM10438_Joint-Schedule-10-Rectification-Plan-v10--20250626-1423,details
4680,RM10438_Joint-Schedule-11-Processing-Data-v10--20250626-1451,details
4681,RM10438_Joint-Schedule-11-Processing-Data-v10--20250626-1461,details
4682,RM10438_Joint-Schedule-11-Processing-Data-v10--20250626-1483,details
4683,RM10438_Joint-Schedule-11-Processing-Data-v10--20250626-1488,details
4684,RM10438_Joint-Schedule-12-Supply-Chain-Visibility-v10--20250626-1506,details
4685,RM10438_Joint-Schedule-2-Variation-Form-v10--20250626-1510,details
4686,RM10438_Joint-Schedule-8-Guarantee-v10--20250626-1616,details
4687,RM10438_Joint-Schedule-8-Guarantee-v10--20250626-1635,details
4688,RM6098-Aggregation-case-studies-v4-1--20250626-1645,details
4689,RM6098-Buyer-guidance-to-the-public-sector-contract-v41_1--20250626-1676,details
4690,RM6098-Buyer-guidance-to-the-public-sector-contract-v41_1--20250626-1695,details
4691,RM6098-Buyer-guidance-to-the-public-sector-contract-v41_1--20250626-1701,details
4692,RM6098-Buyer-guidance-to-the-public-sector-contract-v41_1--20250626-1702,details
4693,RM6098-Buyer-guide-v81_1--20250626-1823,details
4694,RM6098-Buyer-guide-v81_1--20250626-1824,details
4695,RM6098-Buyer-guide-v81_1--20250626-1825,details
4696,RM6098-Call-Off-Schedule-1-Transparency-Reports-v10-1--20250626-1828,details
4697,RM6098-Call-Off-Schedule-1-Transparency-Reports-v10-1--20250626-1829,details
4698,RM6098-Call-Off-Schedule-10-Exit-Management-v20--20250626-1833,details
4699,RM6098-Call-Off-Schedule-10-Exit-Management-v20--20250626-1836,details
4700,RM6098-Call-Off-Schedule-10-Exit-Management-v20--20250626-1854,details
4701,RM6098-Call-Off-Schedule-10-Exit-Management-v20--20250626-1861,details
4702,RM6098-Call-Off-Schedule-10-Exit-Management-v20--20250626-1862,details
4703,RM6098-Call-Off-Schedule-10-Exit-Management-v20--20250626-1870,details
4704,RM6098-Call-Off-Schedule-13-Implementation-Plan-and-Testing-v10--20250626-1895,details
4705,RM6098-Call-Off-Schedule-13-Implementation-Plan-and-Testing-v10--20250626-1920,details
4706,RM6098-Call-Off-Schedule-13-Implementation-Plan-and-Testing-v10--20250626-1921,details
4707,RM6098-Call-Off-Schedule-13-Implementation-Plan-and-Testing-v10--20250626-1926,details
4708,RM6098-Call-Off-Schedule-13-Implementation-Plan-and-Testing-v10--20250626-1935,details
4709,RM6098-Call-Off-Schedule-16-Benchmarking-v10--20250626-1968,details
4710,RM6098-Call-Off-Schedule-16-Benchmarking-v10--20250626-1971,details
4711,RM6098-Call-Off-Schedule-19-Scottish-Law-v10--20250626-1998,details
4712,RM6098-Call-Off-Schedule-2-Staff-Transfer-v10-1--20250626-2016,details
4713,RM6098-Call-Off-Schedule-2-Staff-Transfer-v10-1--20250626-2021,details
4714,RM6098-Call-Off-Schedule-2-Staff-Transfer-v10-1--20250626-2026,details
4715,RM6098-Call-Off-Schedule-2-Staff-Transfer-v10-1--20250626-2047,details
4716,RM6098-Call-Off-Schedule-2-Staff-Transfer-v10-1--20250626-2080,details
4717,RM6098-Call-Off-Schedule-2-Staff-Transfer-v10-1--20250626-2089,details
4718,RM6098-Call-Off-Schedule-2-Staff-Transfer-v10-1--20250626-2096,details
4719,RM6098-Call-Off-Schedule-2-Staff-Transfer-v10-1--20250626-2106,details
4720,RM6098-Call-Off-Schedule-2-Staff-Transfer-v10-1--20250626-2117,details
4721,RM6098-Buyer-guidance-to-the-public-sector-contract-v41_1--20250626-1720,details
4722,RM6098-Buyer-guide-v81_1--20250626-1765,details
4723,RM6098-Buyer-guide-v81_1--20250626-1774,details
4724,RM6098-Buyer-guide-v81_1--20250626-1782,details
4725,RM6098-Buyer-guide-v81_1--20250626-1793,details
4726,RM6098-Buyer-guide-v81_1--20250626-1797,details
4727,RM6098-Buyer-guide-v81_1--20250626-1815,details
4728,RM6098-Call-Off-Schedule-22-Lease-Terms-OPERATIONAL-LEASE-v11--20250626-2430,details
4729,RM6098-Call-Off-Schedule-22-Lease-Terms-OPERATIONAL-LEASE-v11--20250626-2438,details
4730,RM6098-Call-Off-Schedule-22-Lease-Terms-OPERATIONAL-LEASE-v11--20250626-2460,details
4731,RM6098-Call-Off-Schedule-22-Lease-Terms-v21--20250626-2481,details
4732,RM6098-Call-Off-Schedule-22-Lease-Terms-v21--20250626-2482,details
4733,RM6098-Call-Off-Schedule-22-Lease-Terms-v21--20250626-2499,details
4734,RM6098-Call-Off-Schedule-22-Lease-Terms-v21--20250626-2502,details
4735,RM6098-Call-Off-Schedule-22-Lease-Terms-v21--20250626-2505,details
4736,RM6098-Call-Off-Schedule-22-Lease-Terms-v21--20250626-2519,details
4737,RM6098-Call-Off-Schedule-21-Northern-Ireland-Law-v10--20250626-2226,details
4738,RM6098-Call-Off-Schedule-22-Lease-Terms-FINANCIAL-LEASE-v11--20250626-2250,details
4739,RM6098-Call-Off-Schedule-22-Lease-Terms-FINANCIAL-LEASE-v11--20250626-2266,details
4740,RM6098-Call-Off-Schedule-22-Lease-Terms-FINANCIAL-LEASE-v11--20250626-2267,details
4741,RM6098-Call-Off-Schedule-22-Lease-Terms-FINANCIAL-LEASE-v11--20250626-2268,details
4742,RM6098-Call-Off-Schedule-22-Lease-Terms-FINANCIAL-LEASE-v11--20250626-2269,details
4743,RM6098-Call-Off-Schedule-22-Lease-Terms-FINANCIAL-LEASE-v11--20250626-2306,details
4744,RM6098-Call-Off-Schedule-22-Lease-Terms-FINANCIAL-LEASE-v11--20250626-2318,details
4745,RM6098-Call-Off-Schedule-22-Lease-Terms-FINANCIAL-LEASE-v11--20250626-2321,details
4746,RM6098-Call-Off-Schedule-22-Lease-Terms-FINANCIAL-LEASE-v11--20250626-2342,details
4747,RM6098-Call-Off-Schedule-22-Lease-Terms-FINANCIAL-LEASE-v11--20250626-2344,details
4748,RM6098-Call-Off-Schedule-22-Lease-Terms-OPERATIONAL-LEASE-v11--20250626-2354,details
4749,RM6098-Call-Off-Schedule-22-Lease-Terms-OPERATIONAL-LEASE-v11--20250626-2379,details
4750,RM6098-Call-Off-Schedule-22-Lease-Terms-OPERATIONAL-LEASE-v11--20250626-2381,details
4751,RM6098-Call-Off-Schedule-22-Lease-Terms-OPERATIONAL-LEASE-v11--20250626-2382,details
4752,RM6098-Call-Off-Schedule-22-Lease-Terms-OPERATIONAL-LEASE-v11--20250626-2399,details
4753,RM6098-Call-Off-Schedule-2-Staff-Transfer-v10-1--20250626-2129,details
4754,RM6098-Call-Off-Schedule-2-Staff-Transfer-v10-1--20250626-2134,details
4755,RM6098-Call-Off-Schedule-2-Staff-Transfer-v10-1--20250626-2142,details
4756,RM6098-Call-Off-Schedule-2-Staff-Transfer-v10-1--20250626-2176,details
4757,RM6098-Call-Off-Schedule-2-Staff-Transfer-v10-1--20250626-2181,details
4758,RM6098-Call-Off-Schedule-2-Staff-Transfer-v10-1--20250626-2206,details
4759,RM6098-Call-Off-Schedule-6-Annex-E-As-a-Service-additional-terms-v20--20250626-2732,details
4760,RM6098-Call-Off-Schedule-6-Annex-E-As-a-Service-additional-terms-v20--20250626-2740,details
4761,RM6098-Call-Off-Schedule-6-ICT-Services-v20-1--20250626-2775,details
4762,RM6098-Call-Off-Schedule-6-ICT-Services-v20-1--20250626-2782,details
4763,RM6098-Call-Off-Schedule-6-ICT-Services-v20-1--20250626-2795,details
4764,RM6098-Call-Off-Schedule-6-ICT-Services-v20-1--20250626-2801,details
4765,RM6098-Call-Off-Schedule-8-Business-Continuity-and-Disaster-Recovery-v10--20250626-2813,details
4766,RM6098-Call-Off-Schedule-22-Lease-Terms-v21--20250626-2527,details
4767,RM6098-Call-Off-Schedule-22-Lease-Terms-v21--20250626-2530,details
4768,RM6098-Call-Off-Schedule-22-Lease-Terms-v21--20250626-2546,details
4769,RM6098-Call-Off-Schedule-22-Lease-Terms-v21--20250626-2550,details
4770,RM6098-Call-Off-Schedule-22-Lease-Terms-v21--20250626-2560,details
4771,RM6098-Call-Off-Schedule-22-Lease-Terms-v21--20250626-2576,details
4772,RM6098-Call-Off-Schedule-3-Continuous-Improvement-v10--20250626-2625,details
4773,RM6098-Call-Off-Schedule-3-Continuous-Improvement-v10--20250626-2626,details
4774,RM6098-Call-Off-Schedule-6-Annex-E-As-a-Service-additional-terms-v20--20250626-2678,details
4775,RM6098-Call-Off-Schedule-6-Annex-E-As-a-Service-additional-terms-v20--20250626-2680,details
4776,RM6098-Call-Off-Schedule-6-Annex-E-As-a-Service-additional-terms-v20--20250626-2684,details
4777,RM6098-Call-Off-Schedule-6-Annex-E-As-a-Service-additional-terms-v20--20250626-2695,details
4778,RM6098-Call-Off-Schedule-6-Annex-E-As-a-Service-additional-terms-v20--20250626-2711,details
4779,RM6098-Call-Off-Schedule-6-Annex-E-As-a-Service-additional-terms-v20--20250626-2717,details
4780,RM6098-Call-Off-Schedule-9-Security-v10--20250626-2888,details
4781,RM6098-Call-Off-Schedule-9-Security-v10--20250626-2923,details
4782,RM6098-Expression-of-interest-template-v2--20250626-3132,details
4783,RM6098-Expression-of-interest-template-v2--20250626-3135,details
4784,RM6098-Framework-Award-Form-v20--20250626-3144,details
4785,RM6098-Framework-Award-Form-v20--20250626-3145,details
4786,RM6098-Framework-Award-Form-v20--20250626-3150,details
4787,RM6098-Framework-Award-Form-v20--20250626-3169,details
4788,RM6098-Framework-schedule-1-specification-v41--20250626-3178,details
4789,RM6098-Framework-schedule-1-specification-v41--20250626-3193,details
4790,RM6098-Framework-schedule-1-specification-v41--20250626-3197,details
4791,RM6098-Framework-schedule-1-specification-v41--20250626-3203,details
4792,RM6098-Framework-schedule-1-specification-v41--20250626-3209,details
4793,RM6098-Framework-schedule-1-specification-v41--20250626-3218,details
4794,RM6098-Call-Off-Schedule-9-Security-v10--20250626-2949,details
4795,RM6098-Call-Off-Schedule-9-Security-v10--20250626-2953,details
4796,RM6098-Case-studies-v5_2--20250626-2964,details
4797,RM6098-Case-studies-v5_2--20250626-2991,details
4798,RM6098-Core-terms-v3011-1--20250626-3014,details
4799,RM6098-Core-terms-v3011-1--20250626-3016,details
4800,RM6098-Core-terms-v3011-1--20250626-3022,details
4801,RM6098-Core-terms-v3011-1--20250626-3046,details
4802,RM6098-Core-terms-v3011-1--20250626-3056,details
4803,RM6098-Core-terms-v3011-1--20250626-3060,details
4804,RM6098-Core-terms-v3011-1--20250626-3069,details
4805,RM6098-Core-terms-v3011-1--20250626-3076,details
4806,RM6098-Direct-Award-procedure-overview-v61_2--20250626-3114,details
4807,RM6098-Direct-Award-procedure-overview-v61_2--20250626-3115,details
4808,RM6098-Framework-schedule-1-specification-v41--20250626-3243,details
4809,RM6098-Framework-schedule-1-specification-v41--20250626-3247,details
4810,RM6098-Framework-schedule-1-specification-v41--20250626-3250,details
4811,RM6098-Framework-schedule-1-specification-v41--20250626-3252,details
4812,RM6098-Framework-schedule-1-specification-v41--20250626-3267,details
4813,RM6098-Framework-schedule-1-specification-v41--20250626-3271,details
4814,RM6098-Invitation-to-tender-template-v3--20250626-3440,details
4815,RM6098-Invitation-to-tender-template-v3--20250626-3441,details
4816,RM6098-Invitation-to-tender-template-v3--20250626-3444,details
4817,RM6098-Invitation-to-tender-template-v3--20250626-3450,details
4818,RM6098-Joint-Schedule-1-Definitions-v10--20250626-3462,details
4819,RM6098-Joint-Schedule-1-Definitions-v10--20250626-3464,details
4820,RM6098-Joint-Schedule-1-Definitions-v10--20250626-3465,details
4821,RM6098-Joint-Schedule-1-Definitions-v10--20250626-3466,details
4822,RM6098-Joint-Schedule-1-Definitions-v10--20250626-3467,details
4823,RM6098-Joint-Schedule-11-processing-data-v20--20250626-3488,details
4824,RM6098-Joint-Schedule-11-processing-data-v20--20250626-3507,details
4825,RM6098-Joint-Schedule-11-processing-data-v20--20250626-3533,details
4826,RM6098-Framework-schedule-6-order-form-template-and-call-off-schedules-v31--20250626-3338,details
4827,RM6098-Framework-schedule-6-order-form-template-and-call-off-schedules-v31--20250626-3340,details
4828,RM6098-Framework-Schedule-7-Call-Off-Award-Procedure-v2--20250626-3365,details
4829,RM6098-Framework-Schedule-7-Call-Off-Award-Procedure-v2--20250626-3368,details
4830,RM6098-Framework-Schedule-7-Call-Off-Award-Procedure-v2--20250626-3378,details
4831,RM6098-Framework-Schedule-7-Call-Off-Award-Procedure-v2--20250626-3386,details
4832,RM6098-Framework-Schedule-7-Call-Off-Award-Procedure-v2--20250626-3398,details
4833,RM6098-Framework-Schedule-7-Call-Off-Award-Procedure-v2--20250626-3400,details
4834,RM6098-Invitation-to-tender-template-v3--20250626-3429,details
4835,RM6098-Invitation-to-tender-template-v3--20250626-3430,details
4836,RM6098-Joint-Schedule-7-Financial-Difficulties-v34--20250626-3639,details
4837,RM6098-Joint-Schedule-7-Financial-Difficulties-v34--20250626-3652,details
4838,RM6098-Joint-Schedule-7-Financial-Difficulties-v34--20250626-3658,details
4839,RM6098-Joint-Schedule-7-Financial-Difficulties-v34--20250626-3665,details
4840,RM6098-Joint-Schedule-7-Financial-Difficulties-v34--20250626-3672,details
4841,RM6098-Joint-Schedule-7-Financial-Difficulties-v34--20250626-3690,details
4842,RM6098-Joint-Schedule-7-Financial-Difficulties-v34--20250626-3696,details
4843,RM6098-Joint-Schedule-7-Financial-Difficulties-v34--20250626-3704,details
4844,RM6098-Joint-Schedule-7-Financial-Difficulties-v34--20250626-3712,details
4845,RM6098-Joint-Schedule-7-Financial-Difficulties-v34--20250626-3721,details
4846,RM6098-Joint-Schedule-11-processing-data-v20--20250626-3537,details
4847,RM6098-Joint-Schedule-11-processing-data-v20--20250626-3551,details
4848,RM6098-Joint-Schedule-11-processing-data-v20--20250626-3574,details
4849,RM6098-Joint-schedule-12-supply-chain-visibility-v21--20250626-3585,details
4850,RM6098-Joint-Schedule-5-Corporate-Social-Responsibility-v30-1--20250626-3612,details
4851,RM6098-Joint-Schedule-8-Guarantee-for-PSC-v10--20250626-3753,details
4852,RM6098-Leasing-tech-hardware-best-practice-process-v28-1--20250626-3760,details
4853,RM6098-Leasing-tech-hardware-best-practice-process-v28-1--20250626-3780,details
4854,RM6098-Leasing-tech-hardware-best-practice-process-v28-1--20250626-3802,details
4855,RM6098-Leasing-tech-hardware-best-practice-process-v28-1--20250626-3803,details
4856,RM6098-Leasing-tech-hardware-best-practice-process-v28-1--20250626-3807,details
4857,RM6098-Leasing-tech-hardware-best-practice-process-v28-1--20250626-3810,details
4858,RM6098-Leasing-tech-hardware-best-practice-process-v28-1--20250626-3814,details
4859,RM6098-Market-engagement-best-practice-process-v27--20250626-3822,details
4860,RM6098-Market-engagement-best-practice-process-v27--20250626-3832,details
4861,RM6098-Market-engagement-best-practice-process-v27--20250626-3836,details
4862,RM6098-Market-engagement-best-practice-process-v27--20250626-3837,details
4863,RM6098-Model-Contract-Pack-v3--20250626-4058,details
4864,RM6098-Model-Contract-Pack-v3--20250626-4060,details
4865,RM6098-Model-Contract-Pack-v3--20250626-4074,details
4866,RM6098-Model-Contract-Pack-v3--20250626-4078,details
4867,RM6098-Model-Contract-Pack-v3--20250626-4094,details
4868,RM6098-Model-Contract-Pack-v3--20250626-4108,details
4869,RM6098-Model-Contract-Pack-v3--20250626-4117,details
4870,RM6098-Model-Contract-Pack-v3--20250626-4121,details
4871,RM6098-Model-Contract-Pack-v3--20250626-4129,details
4872,RM6098-Model-Contract-Pack-v3--20250626-4136,details
4873,RM6098-Model-Contract-Pack-v3--20250626-4140,details
4874,RM6098-Model-Contract-Pack-v3--20250626-3961,details
4875,RM6098-Model-Contract-Pack-v3--20250626-3967,details
4876,RM6098-Model-Contract-Pack-v3--20250626-3975,details
4877,RM6098-Model-Contract-Pack-v3--20250626-3976,details
4878,RM6098-Model-Contract-Pack-v3--20250626-3978,details
4879,RM6098-Model-Contract-Pack-v3--20250626-3981,details
4880,RM6098-Model-Contract-Pack-v3--20250626-3987,details
4881,RM6098-Model-Contract-Pack-v3--20250626-3993,details
4882,RM6098-Model-Contract-Pack-v3--20250626-4001,details
4883,RM6098-Model-Contract-Pack-v3--20250626-4016,details
4884,RM6098-Market-engagement-best-practice-process-v27--20250626-3838,details
4885,RM6098-Market-engagement-best-practice-process-v27--20250626-3844,details
4886,RM6098-Model-Contract-Pack-v3--20250626-3861,details
4887,RM6098-Model-Contract-Pack-v3--20250626-3872,details
4888,RM6098-Model-Contract-Pack-v3--20250626-3896,details
4889,RM6098-Model-Contract-Pack-v3--20250626-3916,details
4890,RM6116-Call-Off-Schedule-10-Exit-Management-V12--20250626-4347,details
4891,RM6116-Call-Off-Schedule-10-Exit-Management-V12--20250626-4355,details
4892,RM6116-Call-Off-Schedule-10-Exit-Management-V12--20250626-4357,details
4893,RM6116-Call-Off-Schedule-11-Installation-Works-vFinal--20250626-4364,details
4894,RM6116-Call-Off-Schedule-12-Clustering-vFinal--20250626-4368,details
4895,RM6116-Call-Off-Schedule-13-Implementation-Plan-and-Testing-v11--20250626-4380,details
4896,RM6116-Call-Off-Schedule-13-Implementation-Plan-and-Testing-v11--20250626-4382,details
4897,RM6116-Call-Off-Schedule-13-Implementation-Plan-and-Testing-v11--20250626-4399,details
4898,RM6116-Call-Off-Schedule-13-Implementation-Plan-and-Testing-v11--20250626-4406,details
4899,RM6116-Call-Off-Schedule-13-Implementation-Plan-and-Testing-v11--20250626-4407,details
4900,RM6116-Call-Off-Schedule-13-Implementation-Plan-and-Testing-v11--20250626-4428,details
4901,RM6116-Call-Off-Schedule-14-Service-Levels-vFinal11--20250626-4436,details
4902,RM6098-Model-Contract-Pack-v3--20250626-4143,details
4903,RM6098-Model-Contract-Pack-v3--20250626-4150,details
4904,RM6098-Model-Contract-Pack-v3--20250626-4177,details
4905,RM6098-Model-Contract-Pack-v3--20250626-4188,details
4906,RM6098-Model-Contract-Pack-v3--20250626-4194,details
4907,RM6098-Request-for-information-template-v21--20250626-4205,details
4908,RM6098-Request-for-information-template-v21--20250626-4213,details
4909,RM6098-Supplier-outcome-letter-unsuccessful-v1--20250626-4224,details
4910,RM6098_howtobuy--20250626-4237,details
4911,RM6116-Buyer-guide-v12--20250626-4247,details
4912,RM6116-Buyer-guide-v12--20250626-4250,details
4913,RM6116-Buyer-guide-v12--20250626-4269,details
4914,RM6116-Buyer-guide-v12--20250626-4273,details
4915,RM6116-Buyer-guide-v12--20250626-4297,details
4916,RM6116-Buyer-guide-v12--20250626-4311,details
4917,RM6116-Call-Off-Schedule-10-Exit-Management-V12--20250626-4326,details
4918,RM6116-Call-Off-Schedule-10-Exit-Management-V12--20250626-4334,details
4919,RM6116-Call-Off-Schedule-14-Service-Levels-vFinal11--20250626-4468,details
4920,RM6116-Call-Off-Schedule-14-Service-Levels-vFinal11--20250626-4470,details
4921,RM6116-Call-Off-Schedule-14-Service-Levels-vFinal11--20250626-4495,details
4922,RM6116-Call-Off-Schedule-15-Call-Off-Contract-Management-vFinal--20250626-4510,details
4923,RM6116-Call-Off-Schedule-2-Staff-Transfer-vFinal--20250626-4757,details
4924,RM6116-Call-Off-Schedule-2-Staff-Transfer-vFinal--20250626-4766,details
4925,RM6116-Call-Off-Schedule-2-Staff-Transfer-vFinal--20250626-4776,details
4926,RM6116-Call-Off-Schedule-2-Staff-Transfer-vFinal--20250626-4780,details
4927,RM6116-Call-Off-Schedule-2-Staff-Transfer-vFinal--20250626-4783,details
4928,RM6116-Call-Off-Schedule-2-Staff-Transfer-vFinal--20250626-4785,details
4929,RM6116-Call-Off-Schedule-2-Staff-Transfer-vFinal--20250626-4791,details
4930,RM6116-Call-Off-Schedule-21-Northern-Ireland-Law-vFinal--20250626-4809,details
4931,RM6116-Call-Off-Schedule-22-Lease-Terms-vFinal--20250626-4815,details
4932,RM6116-Call-Off-Schedule-23-HMRC-Terms-v11--20250626-4837,details
4933,RM6116-Call-Off-Schedule-23-HMRC-Terms-v11--20250626-4846,details
4934,RM6116-Call-Off-Schedule-2-Staff-Transfer-vFinal--20250626-4576,details
4935,RM6116-Call-Off-Schedule-2-Staff-Transfer-vFinal--20250626-4589,details
4936,RM6116-Call-Off-Schedule-2-Staff-Transfer-vFinal--20250626-4609,details
4937,RM6116-Call-Off-Schedule-2-Staff-Transfer-vFinal--20250626-4612,details
4938,RM6116-Call-Off-Schedule-2-Staff-Transfer-vFinal--20250626-4623,details
4939,RM6116-Call-Off-Schedule-2-Staff-Transfer-vFinal--20250626-4638,details
4940,RM6116-Call-Off-Schedule-2-Staff-Transfer-vFinal--20250626-4640,details
4941,RM6116-Call-Off-Schedule-2-Staff-Transfer-vFinal--20250626-4658,details
4942,RM6116-Call-Off-Schedule-2-Staff-Transfer-vFinal--20250626-4668,details
4943,RM6116-Call-Off-Schedule-2-Staff-Transfer-vFinal--20250626-4719,details
4944,RM6116-Call-Off-Schedule-2-Staff-Transfer-vFinal--20250626-4721,details
4945,RM6116-Call-Off-Schedule-2-Staff-Transfer-vFinal--20250626-4728,details
4946,RM6116-Call-Off-Schedule-2-Staff-Transfer-vFinal--20250626-4737,details
4947,RM6116-Call-Off-Schedule-2-Staff-Transfer-vFinal--20250626-4745,details
4948,RM6116-Call-Off-Schedule-3-Continuous-Improvement-v11--20250626-4859,details
4949,RM6116-Call-Off-Schedule-6-ICT-Services-v11--20250626-4866,details
4950,RM6116-Call-Off-Schedule-6-ICT-Services-v11--20250626-4903,details
4951,RM6116-Call-Off-Schedule-6-ICT-Services-v11--20250626-4910,details
4952,RM6116-Call-Off-Schedule-8-Business-Continuity-and-Disaster-Recovery-v11--20250626-4946,details
4953,RM6116-Framework-Schedule-7-Call-Off-Award-Procedure-v10-2--20250626-5260,details
4954,RM6116-Framework-Schedule-7-Call-Off-Award-Procedure-v10-2--20250626-5271,details
4955,RM6116-Framework-Schedule-7-Call-Off-Award-Procedure-v10-2--20250626-5287,details
4956,RM6116-Framework-Schedule-7-Call-Off-Award-Procedure-v10-2--20250626-5289,details
4957,RM6116-Framework-Schedule-7-Call-Off-Award-Procedure-v10-2--20250626-5292,details
4958,RM6116-Framework-Schedule-9-Cyber-Essentials-Scheme-vFinal--20250626-5300,details
4959,RM6116-Joint-Schedule-1-Definitions-vFinal--20250626-5322,details
4960,RM6116-Joint-Schedule-1-Definitions-vFinal--20250626-5329,details
4961,RM6116-Joint-Schedule-1-Definitions-vFinal--20250626-5339,details
4962,RM6116-Joint-Schedule-1-Definitions-vFinal--20250626-5341,details
4963,RM6116-Joint-Schedule-1-Definitions-vFinal--20250626-5347,details
4964,RM6116-Framework-Schedule-3-Framework-Prices-vFinal-11--20250626-5168,details
4965,RM6116-Framework-Schedule-3-Framework-Prices-vFinal-11--20250626-5172,details
4966,RM6116-Framework-Schedule-3-Framework-Prices-vFinal-11--20250626-5179,details
4967,RM6116-Framework-Schedule-3-Framework-Prices-vFinal-11--20250626-5190,details
4968,RM6116-Framework-Schedule-4-Framework-Management-vFinal--20250626-5193,details
4969,RM6116-Framework-Schedule-5-Management-Charges-and-Information-vFinal--20250626-5217,details
4970,RM6116-Framework-Schedule-5-Management-Charges-and-Information-vFinal--20250626-5223,details
4971,RM6116-Framework-Schedule-6-Order-Form-Template-and-Call-Off-Schedules-vFinal11--20250626-5240,details
4972,RM6116-Framework-Schedule-6-Order-Form-Template-and-Call-Off-Schedules-vFinal11--20250626-5242,details
4973,RM6116-Framework-Schedule-6-Order-Form-Template-and-Call-Off-Schedules-vFinal11--20250626-5243,details
4974,RM6116-Call-Off-Schedule-8-Business-Continuity-and-Disaster-Recovery-v11--20250626-4962,details
4975,RM6116-Call-Off-Schedule-9-Security-vFinal--20250626-4989,details
4976,RM6116-Call-Off-Schedule-9-Security-vFinal--20250626-4991,details
4977,RM6116-Call-Off-Schedule-9-Security-vFinal--20250626-4996,details
4978,RM6116-Call-Off-Schedule-9-Security-vFinal--20250626-5000,details
4979,RM6116-Call-Off-Schedule-9-Security-vFinal--20250626-5006,details
4980,RM6116-Call-Off-Schedule-9-Security-vFinal--20250626-5007,details
4981,RM6116-Call-Off-Schedule-9-Security-vFinal--20250626-5018,details
4982,RM6116-Call-Off-Schedule-9-Security-vFinal--20250626-5063,details
4983,RM6116-Call-Off-Schedule-9-Security-vFinal--20250626-5074,details
4984,RM6116-Framework-Schedule-1-Specification-vFinal--20250626-5085,details
4985,RM6116-Framework-Schedule-1-Specification-vFinal--20250626-5110,details
4986,RM6116-Framework-Schedule-1-Specification-vFinal--20250626-5145,details
4987,RM6116-Framework-Schedule-1-Specification-vFinal--20250626-5150,details
4988,RM6116-Joint-Schedule-5-Corporate-Social-Responsibility-vFinal--20250626-5563,details
4989,RM6116-Joint-Schedule-6-Key-Subcontractors-vFinal--20250626-5571,details
4990,RM6116-Joint-Schedule-6-Key-Subcontractors-vFinal--20250626-5572,details
4991,RM6116-Joint-Schedule-6-Key-Subcontractors-vFinal--20250626-5573,details
4992,RM6116-Joint-Schedule-6-Key-Subcontractors-vFinal--20250626-5575,details
4993,RM6116-Joint-Schedule-7-Financial-Difficulties-v11docx--20250626-5595,details
4994,RM6116-Joint-Schedule-7-Financial-Difficulties-v11docx--20250626-5603,details
4995,RM6116-Joint-Schedule-7-Financial-Difficulties-v11docx--20250626-5604,details
4996,RM6116-Joint-Schedule-7-Financial-Difficulties-v11docx--20250626-5610,details
4997,RM6116-Joint-Schedule-7-Financial-Difficulties-v11docx--20250626-5611,details
4998,RM6116-Joint-Schedule-7-Financial-Difficulties-v11docx--20250626-5616,details
4999,RM6116-Joint-Schedule-7-Financial-Difficulties-v11docx--20250626-5618,details
5000,RM6116-Joint-Schedule-7-Financial-Difficulties-v11docx--20250626-5637,details
5001,RM6116-Joint-Schedule-7-Financial-Difficulties-v11docx--20250626-5651,details
5002,RM6116-Joint-Schedule-7-Financial-Difficulties-v11docx--20250626-5668,details
5003,RM6116-Joint-Schedule-7-Financial-Difficulties-v11docx--20250626-5671,details
5004,RM6116-Joint-Schedule-8-Guarantee-for-PSC-vFinal--20250626-5693,details
5005,RM6116-NS3-Core-terms-v3011--20250626-5722,details
5006,RM6116-NS3-Core-terms-v3011--20250626-5729,details
5007,RM6116-NS3-Core-terms-v3011--20250626-5732,details
5008,RM6116-NS3-Core-terms-v3011--20250626-5747,details
5009,RM6116-NS3-Core-terms-v3011--20250626-5752,details
5010,RM6116-Joint-Schedule-11-Processing-Data-vFinal-1--20250626-5467,details
5011,RM6116-Joint-Schedule-11-Processing-Data-vFinal-1--20250626-5471,details
5012,RM6116-Joint-Schedule-11-Processing-Data-vFinal-1--20250626-5495,details
5013,RM6116-Joint-Schedule-11-Processing-Data-vFinal-1--20250626-5510,details
5014,RM6116-Joint-Schedule-12-Supply-Chain-Visibility-vFinal--20250626-5515,details
5015,RM6116-Joint-Schedule-12-Supply-Chain-Visibility-vFinal--20250626-5516,details
5016,RM6116-Joint-Schedule-3-Insurance-Requirements-vFinal--20250626-5535,details
5017,RM6116-Joint-Schedule-1-Definitions-vFinal--20250626-5361,details
5018,RM6116-Joint-Schedule-1-Definitions-vFinal--20250626-5366,details
5019,RM6116-Joint-Schedule-1-Definitions-vFinal--20250626-5367,details
5020,RM6116-Joint-Schedule-1-Definitions-vFinal--20250626-5380,details
5021,RM6116-Joint-Schedule-1-Definitions-vFinal--20250626-5411,details
5022,RM6116-Joint-Schedule-1-Definitions-vFinal--20250626-5424,details
5023,RM6116-Joint-Schedule-11-Processing-Data-vFinal-1--20250626-5446,details
5024,RM6187-Call-Off-Schedule-13_-Implementation-Plan-and-Testing---20250626-5964,details
5025,RM6187-Call-Off-Schedule-13_-Implementation-Plan-and-Testing---20250626-5978,details
5026,RM6187-Call-Off-Schedule-13_-Implementation-Plan-and-Testing---20250626-5985,details
5027,RM6187-Call-Off-Schedule-13_-Implementation-Plan-and-Testing---20250626-6003,details
5028,RM6187-Call-Off-Schedule-14_-Service-Levels---20250626-6020,details
5029,RM6187-Call-Off-Schedule-14_-Service-Levels---20250626-6021,details
5030,RM6187-Call-Off-Schedule-15_-Call-Off-Contract-Management---20250626-6043,details
5031,RM6187-Call-Off-Schedule-15_-Call-Off-Contract-Management---20250626-6046,details
5032,RM6187-Call-Off-Schedule-16_-Benchmarking--20250626-6054,details
5033,RM6187-Call-Off-Schedule-16_-Benchmarking--20250626-6057,details
5034,RM6187-Call-Off-Schedule-16_-Benchmarking--20250626-6059,details
5035,RM6187-Call-Off-Schedule-16_-Benchmarking--20250626-6068,details
5036,RM6187-Call-Off-Schedule-17_-MOD-Terms---20250626-6069,details
5037,RM6187-Call-Off-Schedule-17_-MOD-Terms---20250626-6070,details
5038,RM6187-Call-Off-Schedule-17_-MOD-Terms---20250626-6084,details
5039,RM6187-Call-Off-Schedule-18_-Background-Checks---20250626-6086,details
5040,RM6187-Call-Off-Schedule-21_-Northern-Ireland-Law---20250626-6099,details
5041,RM6187-Call-Off-Schedule-21_-Northern-Ireland-Law---20250626-6105,details
5042,RM6187-Call-Off-Schedule-23_-HMRC-Schedule---20250626-6106,details
5043,RM6187-Call-Off-Schedule-23_-HMRC-Schedule---20250626-6153,details
5044,RM6116_howtobuy--20250626-5865,details
5045,RM6187-Call-Off-Schedule-1-_Transparency-Reports---20250626-5899,details
5046,RM6187-Call-Off-Schedule-10_-Exit-Management---20250626-5902,details
5047,RM6116-NS3-Core-terms-v3011--20250626-5778,details
5048,RM6116-NS3-Core-terms-v3011--20250626-5781,details
5049,RM6116-NS3-Core-terms-v3011--20250626-5782,details
5050,RM6187-Call-Off-Schedule-4_-Call-Off-Tender---20250626-6167,details
5051,RM6187-Call-Off-Schedule-6_-ICT-Services---20250626-6183,details
5052,RM6187-Call-Off-Schedule-6_-ICT-Services---20250626-6204,details
5053,RM6187-Call-Off-Schedule-6_-ICT-Services---20250626-6209,details
5054,RM6187-Call-Off-Schedule-7_-Key-Supplier-Staff---20250626-6221,details
5055,RM6187-Call-Off-Schedule-7_-Key-Supplier-Staff---20250626-6222,details
5056,RM6187-Call-Off-Schedule-8_-Business-Continuity-and-Disaster-Recovery---20250626-6236,details
5057,RM6187-Call-Off-Schedule-8_-Business-Continuity-and-Disaster-Recovery---20250626-6238,details
5058,RM6187-Call-Off-Schedule-9_-Security---20250626-6281,details
5059,RM6187-Call-Off-Schedule-9_-Security---20250626-6285,details
5060,RM6187-Call-Off-Schedule-9_-Security---20250626-6304,details
5061,RM6187-Call-Off-Schedule-9_-Security---20250626-6312,details
5062,RM6187-Call-Off-Schedule-9_-Security---20250626-6314,details
5063,RM6187-Call-Off-Schedule-9_-Security---20250626-6329,details
5064,RM6187-Call-Off-Schedule-9_-Security---20250626-6330,details
5065,RM6187-Call-Off-Schedule-9_-Security---20250626-6331,details
5066,RM6187-Core-Terms---20250626-6367,details
5067,RM6187-Core-Terms---20250626-6372,details
5068,RM6187-Core-Terms---20250626-6387,details
5069,RM6187-Core-Terms---20250626-6422,details
5070,RM6187-Core-Terms---20250626-6431,details
5071,RM6187-Core-Terms---20250626-6440,details
5072,RM6187-Core-Terms---20250626-6441,details
5073,RM6187-Core-Terms---20250626-6451,details
5074,RM6187-Framework-Schedule-1_-Specification--20250626-6464,details
5075,RM6187-Framework-Schedule-3_-Framework-Prices---20250626-6499,details
5076,RM6187-Framework-Schedule-4_-Framework-Management---20250626-6506,details
5077,RM6187-Framework-Schedule-4_-Framework-Management---20250626-6526,details
5078,RM6187-Framework-Schedule-5_-Management-Charges-and-Information---20250626-6535,details
5079,RM6187-Framework-Schedule-6_-Order-Form-and-Call-Off-Schedules-4--20250626-6554,details
5080,RM6187-Framework-Schedule-7_-Call-Off-Award-Procedure---20250626-6577,details
5081,RM6187-Framework-Schedule-7_-Call-Off-Award-Procedure---20250626-6578,details
5082,RM6187-Framework-Schedule-7_-Call-Off-Award-Procedure---20250626-6583,details
5083,RM6187-Framework-Schedule-7_-Call-Off-Award-Procedure---20250626-6585,details
5084,RM6187-Framework-Schedule-7_-Call-Off-Award-Procedure---20250626-6586,details
5085,RM6187-Framework-Schedule-7_-Call-Off-Award-Procedure---20250626-6596,details
5086,RM6187-Framework-Schedule-7_-Call-Off-Award-Procedure---20250626-6597,details
5087,RM6187-Framework-Schedule-7_-Call-Off-Award-Procedure---20250626-6600,details
5088,RM6187-Framework-Schedule-7_-Call-Off-Award-Procedure---20250626-6601,details
5089,RM6187-Framework-Schedule-9_-Cyber-Essentials-Scheme---20250626-6618,details
5090,RM6187-How-to-use-Contractual-Documents--1--20250626-6621,details
5091,RM6187-How-to-use-Contractual-Documents--1--20250626-6634,details
5092,RM6187-How-to-use-Contractual-Documents--1--20250626-6647,details
5093,RM6187-Joint-Schedule-1_-Definitions---20250626-6768,details
5094,RM6187-Joint-Schedule-1_-Definitions---20250626-6770,details
5095,RM6187-Joint-Schedule-1_-Definitions---20250626-6771,details
5096,RM6187-Joint-Schedule-1_-Definitions---20250626-6776,details
5097,RM6187-Joint-Schedule-1_-Definitions---20250626-6778,details
5098,RM6187-Joint-Schedule-1_-Definitions---20250626-6783,details
5099,RM6187-Joint-Schedule-1_-Definitions---20250626-6786,details
5100,RM6187-Joint-Schedule-1_-Definitions---20250626-6814,details
5101,RM6187-Joint-Schedule-1_-Definitions---20250626-6846,details
5102,RM6187-Joint-Schedule-1_-Definitions---20250626-6848,details
5103,RM6187-Joint-Schedule-1_-Definitions---20250626-6866,details
5104,RM6187-Joint-Schedule-11_-Processing-Data---20250626-6685,details
5105,RM6187-Joint-Schedule-11_-Processing-Data---20250626-6696,details
5106,RM6187-Joint-Schedule-11_-Processing-Data---20250626-6710,details
5107,RM6187-Joint-Schedule-11_-Processing-Data---20250626-6716,details
5108,RM6187-Joint-Schedule-11_-Processing-Data---20250626-6729,details
5109,RM6187-Joint-Schedule-11_-Processing-Data---20250626-6736,details
5110,RM6187-Joint-Schedule-1_-Definitions---20250626-6747,details
5111,RM6187-Joint-Schedule-1_-Definitions---20250626-6749,details
5112,RM6187-Joint-Schedule-1_-Definitions---20250626-6750,details
5113,RM6187-Joint-Schedule-1_-Definitions---20250626-6758,details
5114,RM6187-Joint-Schedule-2_-Variation-Form--20250626-6882,details
5115,RM6187-Joint-Schedule-2_-Variation-Form--20250626-6885,details
5116,RM6187-Joint-Schedule-3_-Insurance-Requirements--20250626-6889,details
5117,RM6187-Joint-Schedule-5_-Corporate-Social-Responsibility---20250626-6908,details
5118,RM6187-Joint-Schedule-6_-Key-Subcontractors--20250626-6924,details
5119,RM6187-Joint-Schedule-7_-Financial-Difficulties-1--20250626-6942,details
5120,RM6187-Joint-Schedule-7_-Financial-Difficulties-1--20250626-6949,details
5121,RM6187-Joint-Schedule-8_-Guarantee---20250626-6961,details
5122,RM6187-Joint-Schedule-8_-Guarantee---20250626-6965,details
5123,DPS-Core-Terms-v103-1--20250626-7282,details
5124,DPS-Core-Terms-v103-1--20250626-7293,details
5125,DPS-Core-Terms-v103-1--20250626-7297,details
5126,DPS-Core-Terms-v103-1--20250626-7317,details
5127,DPS-Core-Terms-v103-1--20250626-7318,details
5128,DPS-Core-Terms-v103-1--20250626-7319,details
5129,DPS-Core-Terms-v103-1--20250626-7325,details
5130,DPS-Core-Terms-v103-1--20250626-7337,details
5131,DPS-Core-Terms-v103-1--20250626-7338,details
5132,DPS-Core-Terms-v103-1--20250626-7343,details
5133,RM6187-Joint-Schedule-8_-Guarantee---20250626-6984,details
5134,RM6187-Joint-Schedule-8_-Guarantee---20250626-7012,details
5135,RM6187-MCF3-Grade-Definitions---20250626-7022,details
5136,RM6187-T1-Expression-of-Interest--20250626-7032,details
5137,RM6187-T11a-Award-Letter-1--20250626-7044,details
5138,RM6187-T11b-Unsuccessful-Letter-1--20250626-7047,details
5139,RM6187-T11b-Unsuccessful-Letter-1--20250626-7049,details
5140,RM6187-T11b-Unsuccessful-Letter-1--20250626-7050,details
5141,RM6187-T11b-Unsuccessful-Letter-1--20250626-7051,details
5142,RM6187-T3-Non-Disclosure-Agreement-NDA--20250626-7082,details
5143,RM6187-T3-Non-Disclosure-Agreement-NDA--20250626-7083,details
5144,RM6187-T3-Non-Disclosure-Agreement-NDA--20250626-7092,details
5145,RM6187-T3-Non-Disclosure-Agreement-NDA--20250626-7101,details
5146,RM6187-T3-Non-Disclosure-Agreement-NDA--20250626-7115,details
5147,RM6187-T3-Non-Disclosure-Agreement-NDA--20250626-7133,details
5148,RM6187-T3-Non-Disclosure-Agreement-NDA--20250626-7136,details
5149,RM6187-T3-Non-Disclosure-Agreement-NDA--20250626-7140,details
5150,RM6187-T5-Attachment-1-About-the-Procurement--20250626-7170,details
5151,RM6187-T6-Attachment-2-How-to-Bid-including-Evaluation-Criteria---20250626-7207,details
5152,RM6187-T6-Attachment-2-How-to-Bid-including-Evaluation-Criteria---20250626-7218,details
5153,RM6187-T6-Attachment-2-How-to-Bid-including-Evaluation-Criteria---20250626-7224,details
5154,RM6187-T6-Attachment-2-How-to-Bid-including-Evaluation-Criteria---20250626-7242,details
5155,RM6187_howtobuy--20250626-7254,details
5156,DPS-Core-Terms-v103-1--20250626-7264,details
5157,RM6264-DPS-Joint-Schedule-11-Processing-Data-v10--20250626-7580,details
5158,RM6264-DPS-Joint-Schedule-3-Insurance-Requirements-v10--20250626-7597,details
5159,RM6264-DPS-Joint-Schedule-3-Insurance-Requirements-v10--20250626-7610,details
5160,RM6264-DPS-Joint-Schedule-5-Corporate-Social-Responsibility-v10--20250626-7616,details
5161,RM6264-DPS-Joint-Schedule-5-Corporate-Social-Responsibility-v10--20250626-7622,details
5162,RM6264-DPS-Joint-Schedule-6-Key-Subcontractors-v10--20250626-7628,details
5163,RM6264-DPS-Joint-Schedule-6-Key-Subcontractors-v10--20250626-7631,details
5164,RM6264-DPS-Joint-Schedule-6-Key-Subcontractors-v10--20250626-7632,details
5165,RM6264-DPS-Joint-Schedule-7-Financial-Difficulties-v10--20250626-7635,details
5166,RM6264-DPS-Joint-Schedule-7-Financial-Difficulties-v10--20250626-7636,details
5167,RM6264-DPS-Joint-Schedule-7-Financial-Difficulties-v10--20250626-7639,details
5168,RM6264-DPS-Joint-Schedule-7-Financial-Difficulties-v10--20250626-7651,details
5169,RM6264-DPS-Joint-Schedule-7-Financial-Difficulties-v10--20250626-7652,details
5170,RM6264-DPS-Joint-Schedule-7-Financial-Difficulties-v10--20250626-7657,details
5171,RM6264-DPS-Joint-Schedule-7-Financial-Difficulties-v10--20250626-7660,details
5172,RM6264-DPS-Joint-Schedule-7-Financial-Difficulties-v10--20250626-7665,details
5173,RM6264-DPS-Joint-Schedule-7-Financial-Difficulties-v10--20250626-7673,details
5174,RM6264-DPS-Buyer-Guide-v30--20250626-7476,details
5175,RM6264-DPS-Buyer-Guide-v30--20250626-7490,details
5176,RM6264-DPS-Buyer-Guide-v30--20250626-7493,details
5177,RM6264-DPS-Buyer-Guide-v30--20250626-7503,details
5178,RM6264-DPS-Buyer-Guide-v30--20250626-7506,details
5179,RM6264-DPS-Buyer-Guide-v30--20250626-7509,details
5180,RM6264-DPS-Joint-Schedule-10-Rectification-Plan-v10--20250626-7519,details
5181,RM6264-DPS-Joint-Schedule-11-Processing-Data-v10--20250626-7526,details
5182,RM6264-DPS-Joint-Schedule-11-Processing-Data-v10--20250626-7528,details
5183,RM6264-DPS-Joint-Schedule-11-Processing-Data-v10--20250626-7543,details
5184,RM6264-DPS-Joint-Schedule-11-Processing-Data-v10--20250626-7560,details
5185,RM6264-DPS-Joint-Schedule-7-Financial-Difficulties-v10--20250626-7690,details
5186,RM6264-DPS-Joint-Schedule-8-Guarantee-v10--20250626-7705,details
5187,RM6264-DPS-Order-Schedule-1-Transparency-Reports-v10--20250626-7716,details
5188,RM6264-DPS-Order-Schedule-10-Exit-Management-v10--20250626-7744,details
5189,RM6264-DPS-Order-Schedule-11-Installation-Works-v10--20250626-7758,details
5190,RM6264-DPS-Order-Schedule-12-Clustering-v10--20250626-7761,details
5191,RM6264-DPS-Order-Schedule-12-Clustering-v10--20250626-7762,details
5192,RM6264-Attachment-2-How-to-Bid-v1--20250626-7421,details
5193,RM6264-Attachment-3-Specification-v20--20250626-7432,details
5194,RM6264-Attachment-3-Specification-v20--20250626-7439,details
5195,RM6264-Contract-Award-Notification-v10--20250626-7445,details
5196,RM6264-Customer-user-agreement-v1--20250626-7454,details
5197,RM6264-DPS-Appointment-Form-v10--20250626-7464,details
5198,RM6264-DPS-Order-Schedule-2-Staff-Transfer-v10--20250626-7979,details
5199,RM6264-DPS-Order-Schedule-2-Staff-Transfer-v10--20250626-7985,details
5200,RM6264-DPS-Order-Schedule-2-Staff-Transfer-v10--20250626-7996,details
5201,RM6264-DPS-Order-Schedule-2-Staff-Transfer-v10--20250626-8004,details
5202,RM6264-DPS-Order-Schedule-2-Staff-Transfer-v10--20250626-8014,details
5203,RM6264-DPS-Order-Schedule-2-Staff-Transfer-v10--20250626-8016,details
5204,RM6264-DPS-Order-Schedule-2-Staff-Transfer-v10--20250626-8029,details
5205,RM6264-DPS-Order-Schedule-2-Staff-Transfer-v10--20250626-8030,details
5206,RM6264-DPS-Order-Schedule-2-Staff-Transfer-v10--20250626-8034,details
5207,RM6264-DPS-Order-Schedule-2-Staff-Transfer-v10--20250626-8055,details
5208,RM6264-DPS-Order-Schedule-2-Staff-Transfer-v10--20250626-8075,details
5209,RM6264-DPS-Order-Schedule-13-Implementation-Plan-and-Testing-v10--20250626-7788,details
5210,RM6264-DPS-Order-Schedule-13-Implementation-Plan-and-Testing-v10--20250626-7794,details
5211,RM6264-DPS-Order-Schedule-14-Service-Levels-v10--20250626-7824,details
5212,RM6264-DPS-Order-Schedule-14-Service-Levels-v10--20250626-7831,details
5213,RM6264-DPS-Order-Schedule-15-Order-Contract-Management-v10--20250626-7844,details
5214,RM6264-DPS-Order-Schedule-16-Benchmarking-v10--20250626-7868,details
5215,RM6264-DPS-Order-Schedule-17-MOD-Terms-V10--20250626-7871,details
5216,RM6264-DPS-Order-Schedule-2-Staff-Transfer-v10--20250626-8081,details
5217,RM6264-DPS-Order-Schedule-2-Staff-Transfer-v10--20250626-8101,details
5218,RM6264-DPS-Order-Schedule-2-Staff-Transfer-v10--20250626-8107,details
5219,RM6264-DPS-Order-Schedule-23-HMRC-v10--20250626-8129,details
5220,RM6264-DPS-Order-Schedule-23-HMRC-v10--20250626-8135,details
5221,RM6264-DPS-Order-Schedule-25-Billable-Works-and-Projects-v10--20250626-8165,details
5222,RM6264-DPS-Order-Schedule-18-Background-Checks-v10--20250626-7885,details
5223,RM6264-DPS-Order-Schedule-2-Staff-Transfer-v10--20250626-7895,details
5224,RM6264-DPS-Order-Schedule-2-Staff-Transfer-v10--20250626-7951,details
5225,RM6264-DPS-Order-Schedule-2-Staff-Transfer-v10--20250626-7962,details
5226,RM6264-DPS-Order-Schedule-5-Pricing-Details-v10--20250626-8212,details
5227,RM6264-DPS-Order-Schedule-5-Pricing-Details-v10--20250626-8213,details
5228,RM6264-DPS-Order-Schedule-5-Pricing-Details-v10--20250626-8222,details
5229,RM6264-DPS-Order-Schedule-5-Pricing-Details-v10--20250626-8233,details
5230,RM6264-DPS-Order-Schedule-6-ICT-Services-v10--20250626-8262,details
5231,RM6264-DPS-Order-Schedule-7-Key-Supplier-Staff-v10--20250626-8273,details
5232,RM6264-DPS-Order-Schedule-8-Business-Continuity-and-Disaster-Recovery-v10--20250626-8279,details
5233,RM6264-DPS-Schedule-1-Specification-v10--20250626-8488,details
5234,RM6264-DPS-Schedule-1-Specification-v10--20250626-8505,details
5235,RM6264-DPS-Schedule-1-Specification-v10--20250626-8518,details
5236,RM6264-DPS-Schedule-1-Specification-v10--20250626-8534,details
5237,RM6264-DPS-Schedule-1-Specification-v10--20250626-8544,details
5238,RM6264-DPS-Schedule-1-Specification-v10--20250626-8547,details
5239,RM6264-DPS-Schedule-1-Specification-v10--20250626-8577,details
5240,RM6264-DPS-Order-Schedule-8-Business-Continuity-and-Disaster-Recovery-v10--20250626-8309,details
5241,RM6264-DPS-Order-Schedule-8-Business-Continuity-and-Disaster-Recovery-v10--20250626-8316,details
5242,RM6264-DPS-Order-Schedule-8-Business-Continuity-and-Disaster-Recovery-v10--20250626-8336,details
5243,RM6264-DPS-Order-Schedule-9-Security-v10--20250626-8359,details
5244,RM6264-DPS-Order-Schedule-9-Security-v10--20250626-8377,details
5245,RM6264-DPS-Order-Schedule-9-Security-v10--20250626-8391,details
5246,RM6264-DPS-Schedule-1-Specification-v10--20250626-8435,details
5247,RM6264-DPS-Schedule-1-Specification-v10--20250626-8464,details
5248,RM6264-DPS-Schedule-1-Specification-v10--20250626-8466,details
5249,How_to_buy_through_Crown_Commercial_Service--20250626-8907,startup
5250,How_to_supply_through_Crown_Commercial_Service--20250626-8914,startup
5251,How_to_supply_through_Crown_Commercial_Service--20250626-8917,startup
5252,How_to_write_a_winning_bid_a_supplier_guide_to_successful_tender_responses--20250626-8931,startup
5253,How_to_write_a_winning_bid_a_supplier_guide_to_successful_tender_responses--20250626-8932,startup
5254,Were_here_to_help_you_buy_more_sustainably--20250626-8940,startup
5255,What_is_social_value--20250626-8943,startup
5256,What_is_social_value--20250626-8950,startup
5257,Your_buying_decisions_have_the_power_to_create_a_fairer_and_more_sustainable_society--20250626-8952,startup
5258,Leasing_and_Loan_Finance_DPS--20250626-8969,recommendation
5259,Media_Services--20250626-8970,recommendation
5260,Supply_of_tyres_glass_and_fast_fit_solutions--20250626-8975,recommendation
5261,Quality_Assurance_and_Testing_for_IT_Systems_2--20250626-8976,recommendation
5262,RM6264-DPS-Schedule-1-Specification-v10--20250626-8598,details
5263,RM6264-DPS-Schedule-1-Specification-v10--20250626-8602,details
5264,RM6264-DPS-Schedule-1-Specification-v10--20250626-8609,details
5265,RM6264-DPS-Schedule-1-Specification-v10--20250626-8614,details
5266,RM6264-DPS-Schedule-1-Specification-v10--20250626-8618,details
5267,RM6264-DPS-Schedule-1-Specification-v10--20250626-8629,details
5268,RM6264-DPS-Schedule-1-Specification-v10--20250626-8643,details
5269,RM6264-DPS-Schedule-1-Specification-v10--20250626-8651,details
5270,RM6264-DPS-Schedule-1-Specification-v10--20250626-8653,details
5271,RM6264-DPS-Schedule-1-Specification-v10--20250626-8661,details
5272,RM6264-DPS-Schedule-1-Specification-v10--20250626-8672,details
5273,RM6264-DPS-Schedule-1-Specification-v10--20250626-8675,details
5274,RM6264-DPS-Schedule-1-Specification-v10--20250626-8683,details
5275,RM6264-DPS-Schedule-1-Specification-v10--20250626-8692,details
5276,RM6264-DPS-Schedule-1-Specification-v10--20250626-8697,details
5277,RM6264-DPS-Schedule-1-Specification-v10--20250626-8699,details
5278,RM6264-DPS-Schedule-2-DPS-Application-v10-1--20250626-8718,details
5279,RM6264-DPS-Schedule-4-DPS-Management-v10-1--20250626-8729,details
5280,RM6264-DPS-Schedule-4-DPS-Management-v10-1--20250626-8733,details
5281,RM6264-DPS-Schedule-4-DPS-Management-v10-1--20250626-8737,details
5282,RM6264-DPS-Schedule-5-Management-Levy-and-Information-v10-1--20250626-8747,details
5283,RM6264-DPS-Schedule-5-Management-Levy-and-Information-v10-1--20250626-8752,details
5284,RM6264-DPS-Schedule-6-Order-form-template-and-order-schedules-v10--20250626-8778,details
5285,RM6264-DPS-Schedule-7-Order-Procedure-v10--20250626-8800,details
5286,RM6264-DPS-Schedule-7-Order-Procedure-v10--20250626-8804,details
5287,RM6264-howtobuy--20250626-8822,details
5288,RM6264-howtobuy--20250626-8823,details
5289,Become_a_supplier_on_a_Dynamic_Purchasing_System--20250626-8850,startup
5290,Find_tender_opportunities--20250626-8863,startup
5291,Helping_your_carbon_net_zero_CNZ_journey--20250626-8876,startup
5292,Digital_and_IT_Professional_Services_DIPS--20250626-9014,recommendation
5293,Security_-_Physical_Technical_and_Support_Services--20250626-9016,recommendation
5294,Postal_Services__Solutions--20250626-9031,recommendation
5295,Back_Office_Software_2--20250626-9035,recommendation
5296,Open_Banking_Data_Digital_Payments__Confirmation_of_Payee_Services_DPS--20250626-9043,recommendation
5297,eDisclosure_and_Review_Services_2--20250626-9058,recommendation
5298,Digital_Capability_for_Health--20250626-9110,recommendation
5299,Vehicle_Lease_Fleet_Management_and_Salary_Sacrifice_Car_Schemes--20250626-9133,recommendation
5300,National_Framework_for_the_Provision_of_Clinical_and_Healthcare_Staffing--20250626-9141,recommendation
5301,Executive__Non-Executive_Recruitment_Services--20250626-9147,recommendation
5302,Cloud_Compute_2--20250626-9148,recommendation
5303,Travel_Transport_Accommodation_and_Venue_Solutions--20250626-9168,recommendation
5304,Management_Consultancy_Framework_Three_MCF3--20250626-9177,details
5305,RM10438_Call-Off-Schedule-13-Implementation-Plan-and-Testing-v10--20250626-206,details
5306,RM10438_Call-Off-Schedule-13-Implementation-Plan-and-Testing-v10--20250626-207,details
5307,RM10438_Call-Off-Schedule-14-Service-Levels-and-Balanced-Scorecard-v10--20250626-219,details
5308,RM10438_Call-Off-Schedule-14-Service-Levels-and-Balanced-Scorecard-v10--20250626-229,details
5309,RM10438_Call-Off-Schedule-14-Service-Levels-and-Balanced-Scorecard-v10--20250626-231,details
5310,RM10438_Call-Off-Schedule-14-Service-Levels-and-Balanced-Scorecard-v10--20250626-241,details
5311,RM10438_Call-Off-Schedule-14-Service-Levels-and-Balanced-Scorecard-v10--20250626-246,details
5312,RM10438_Call-Off-Schedule-14-Service-Levels-and-Balanced-Scorecard-v10--20250626-253,details
5313,RM10438_Call-Off-Schedule-15-Call-Off-Contract-Management-v10--20250626-268,details
5314,RM10438_Call-Off-Schedule-16-Benchmarking-v10--20250626-276,details
5315,RM10438_Call-Off-Schedule-16-Benchmarking-v10--20250626-291,details
5316,RM10438_Call-Off-Schedule-17-MOD-Terms-v10--20250626-300,details
5317,7319-23-Supplier-marketing-toolkit-1--20250626-2,details
5318,7319-23-Supplier-marketing-toolkit-1--20250626-3,details
5319,Description_RM1043_8--20250626-17,details
5320,RM10438-DOS-6-Buyer-Guide-v11--20250626-26,details
5321,RM10438-DOS-6-Buyer-Guide-v11--20250626-29,details
5322,RM10438-DOS-6-Buyer-Guide-v11--20250626-40,details
5323,RM10438-DOS-6-Buyer-Guide-v11--20250626-67,details
5324,RM10438-DOS-6-Buyer-Guide-v11--20250626-69,details
5325,RM10438-key-changes-DOS5-to-DOS6--20250626-81,details
5326,RM10438-key-changes-DOS5-to-DOS6--20250626-83,details
5327,RM10438-key-changes-DOS5-to-DOS6--20250626-84,details
5328,RM10438_Call-Off-Schedule-1-Transparency-Reports-v10--20250626-99,details
5329,RM10438_Call-Off-Schedule-10-Exit-Management-v10--20250626-102,details
5330,RM10438_Call-Off-Schedule-10-Exit-Management-v10--20250626-117,details
5331,RM10438_Call-Off-Schedule-10-Exit-Management-v10--20250626-140,details
5332,RM10438_Call-Off-Schedule-10-Exit-Management-v10--20250626-141,details
5333,RM10438_Call-Off-Schedule-12-Clustering-v10--20250626-147,details
5334,RM10438_Call-Off-Schedule-13-Implementation-Plan-and-Testing-v10--20250626-160,details
5335,RM10438_Call-Off-Schedule-13-Implementation-Plan-and-Testing-v10--20250626-181,details
5336,RM10438_Call-Off-Schedule-13-Implementation-Plan-and-Testing-v10--20250626-183,details
5337,RM10438_Call-Off-Schedule-13-Implementation-Plan-and-Testing-v10--20250626-184,details
5338,RM10438_Call-Off-Schedule-13-Implementation-Plan-and-Testing-v10--20250626-197,details
5339,RM10438_Call-Off-Schedule-13-Implementation-Plan-and-Testing-v10--20250626-198,details
5340,RM10438_Call-Off-Schedule-19-Scottish-Law-v10--20250626-321,details
5341,RM10438_Call-Off-Schedule-2-Staff-Transfer-v10--20250626-323,details
5342,RM10438_Call-Off-Schedule-2-Staff-Transfer-v10--20250626-332,details
5343,RM10438_Call-Off-Schedule-2-Staff-Transfer-v10--20250626-339,details
5344,RM10438_Call-Off-Schedule-2-Staff-Transfer-v10--20250626-356,details
5345,RM10438_Call-Off-Schedule-2-Staff-Transfer-v10--20250626-357,details
5346,RM10438_Call-Off-Schedule-2-Staff-Transfer-v10--20250626-369,details
5347,RM10438_Call-Off-Schedule-2-Staff-Transfer-v10--20250626-395,details
5348,RM10438_Call-Off-Schedule-2-Staff-Transfer-v10--20250626-399,details
5349,RM10438_Call-Off-Schedule-2-Staff-Transfer-v10--20250626-407,details
5350,RM10438_Call-Off-Schedule-2-Staff-Transfer-v10--20250626-414,details
5351,RM10438_Call-Off-Schedule-2-Staff-Transfer-v10--20250626-422,details
5352,RM10438_Call-Off-Schedule-2-Staff-Transfer-v10--20250626-444,details
5353,RM10438_Call-Off-Schedule-2-Staff-Transfer-v10--20250626-459,details
5354,RM10438_Call-Off-Schedule-2-Staff-Transfer-v10--20250626-469,details
5355,RM10438_Call-Off-Schedule-2-Staff-Transfer-v10--20250626-496,details
5356,RM10438_Call-Off-Schedule-2-Staff-Transfer-v10--20250626-503,details
5357,RM10438_Call-Off-Schedule-9-Security-v20--20250626-816,details
5358,RM10438_Call-Off-Schedule-9-Security-v20--20250626-830,details
5359,RM10438_Call-Off-Schedule-9-Security-v20--20250626-839,details
5360,RM10438_Call-Off-Schedule-9-Security-v20--20250626-866,details
5361,RM10438_Call-Off-Schedule-9-Security-v20--20250626-879,details
5362,RM10438_Call-Off-Schedule-9-Security-v20--20250626-888,details
5363,RM10438_Call-Off-Schedule-9-Security-v20--20250626-897,details
5364,RM10438_Call-Off-Schedule-23-HMRC-Terms-v10--20250626-617,details
5365,RM10438_Call-Off-Schedule-23-HMRC-Terms-v10--20250626-620,details
5366,RM10438_Call-Off-Schedule-23-HMRC-Terms-v10--20250626-643,details
5367,RM10438_Call-Off-Schedule-23-HMRC-Terms-v10--20250626-648,details
5368,RM10438_Call-Off-Schedule-23-HMRC-Terms-v10--20250626-650,details
5369,RM10438_Call-Off-Schedule-25-Ethical-Walls-Agreement-v20--20250626-653,details
5370,RM10438_Call-Off-Schedule-25-Ethical-Walls-Agreement-v20--20250626-680,details
5371,RM10438_Call-Off-Schedule-3-Continuous-Improvement-v10--20250626-713,details
5372,RM10438_Call-Off-Schedule-5-Pricing-Details-and-Expenses-Policy-v10--20250626-720,details
5373,RM10438_Call-Off-Schedule-6-Intellectual-Property-Rights-and-Additional-Terms-on-Digital-Deliverables-v10--20250626-737,details
5374,RM10438_Call-Off-Schedule-6-Intellectual-Property-Rights-and-Additional-Terms-on-Digital-Deliverables-v10--20250626-774,details
5375,RM10438_Call-Off-Schedule-8-Business-Continuity-and-Disaster-Recovery-v10--20250626-804,details
5376,RM10438_Call-Off-Schedule-2-Staff-Transfer-v10--20250626-514,details
5377,RM10438_Call-Off-Schedule-2-Staff-Transfer-v10--20250626-524,details
5378,RM10438_Call-Off-Schedule-2-Staff-Transfer-v10--20250626-548,details
5379,RM10438_Call-Off-Schedule-2-Staff-Transfer-v10--20250626-561,details
5380,RM10438_Core-Terms-v3011--20250626-910,details
5381,RM10438_Core-Terms-v3011--20250626-914,details
5382,RM10438_Core-Terms-v3011--20250626-921,details
5383,RM10438_Core-Terms-v3011--20250626-925,details
5384,RM10438_Core-Terms-v3011--20250626-935,details
5385,RM10438_Core-Terms-v3011--20250626-939,details
5386,RM10438_Core-Terms-v3011--20250626-963,details
5387,RM10438_Core-Terms-v3011--20250626-971,details
5388,RM10438_Core-Terms-v3011--20250626-973,details
5389,RM10438_Core-Terms-v3011--20250626-996,details
5390,RM10438_Framework-Award-Form-v20-1--20250626-1005,details
5391,RM10438_Framework-Schedule-4-Framework-Management-v10--20250626-1123,details
5392,RM10438_Framework-Schedule-4-Framework-Management-v10--20250626-1126,details
5393,RM10438_Framework-Schedule-5-Management-Charges-and-Information-v20--20250626-1148,details
5394,RM10438_Framework-Schedule-5-Management-Charges-and-Information-v20--20250626-1149,details
5395,RM10438_Framework-Schedule-6-Order-Form-Template-Statement-of-Work-Template-and-Call-Off-Schedules-v20_1--20250626-1181,details
5396,RM10438_Framework-Schedule-6-Order-Form-Template-Statement-of-Work-Template-and-Call-Off-Schedules-v20_1--20250626-1186,details
5397,RM10438_Framework-Schedule-6-Order-Form-Template-Statement-of-Work-Template-and-Call-Off-Schedules-v20--20250626-1199,details
5398,RM10438_Framework-Award-Form-v20-1--20250626-1011,details
5399,RM10438_Framework-Award-Form-v20-1--20250626-1018,details
5400,RM10438_Framework-Schedule-1-Specification-v10-1--20250626-1042,details
5401,RM10438_Framework-Schedule-1-Specification-v10-1--20250626-1051,details
5402,RM10438_Framework-Schedule-3-Framework-Prices-v10-1--20250626-1081,details
5403,RM10438_Framework-Schedule-3-Framework-Prices-v10-1--20250626-1090,details
5404,RM10438_Framework-Schedule-4-Framework-Management-v10--20250626-1106,details
5405,RM10438_Framework-Schedule-6-Order-Form-Template-Statement-of-Work-Template-and-Call-Off-Schedules-v20--20250626-1221,details
5406,RM10438_Framework-Schedule-6-Order-Form-Template-Statement-of-Work-Template-and-Call-Off-Schedules-v20--20250626-1237,details
5407,RM10438_Framework-Schedule-7-Call-Off-Award-Procedure-v10--20250626-1256,details
5408,RM10438_Framework-Schedule-7-Call-Off-Award-Procedure-v10--20250626-1267,details
5409,RM10438_Joint-Schedule-1-Definitions-v10--20250626-1288,details
5410,RM10438_Joint-Schedule-1-Definitions-v10--20250626-1292,details
5411,RM10438_Joint-Schedule-1-Definitions-v10--20250626-1307,details
5412,RM10438_Joint-Schedule-1-Definitions-v10--20250626-1415,details
5413,RM10438_Joint-Schedule-1-Definitions-v10--20250626-1416,details
5414,RM10438_Joint-Schedule-11-Processing-Data-v10--20250626-1427,details
5415,RM10438_Joint-Schedule-11-Processing-Data-v10--20250626-1446,details
5416,RM10438_Joint-Schedule-11-Processing-Data-v10--20250626-1450,details
5417,RM10438_Joint-Schedule-11-Processing-Data-v10--20250626-1455,details
5418,RM10438_Joint-Schedule-11-Processing-Data-v10--20250626-1460,details
5419,RM10438_Joint-Schedule-11-Processing-Data-v10--20250626-1462,details
5420,RM10438_Joint-Schedule-11-Processing-Data-v10--20250626-1463,details
5421,RM10438_Joint-Schedule-11-Processing-Data-v10--20250626-1468,details
5422,RM10438_Joint-Schedule-11-Processing-Data-v10--20250626-1471,details
5423,RM10438_Joint-Schedule-11-Processing-Data-v10--20250626-1484,details
5424,RM10438_Joint-Schedule-2-Variation-Form-v10--20250626-1514,details
5425,RM10438_Joint-Schedule-8-Guarantee-v10--20250626-1620,details
5426,RM10438_Joint-Schedule-8-Guarantee-v10--20250626-1622,details
5427,RM10438_Joint-Schedule-8-Guarantee-v10--20250626-1628,details
5428,RM10438_Joint-Schedule-8-Guarantee-v10--20250626-1629,details
5429,RM6098-Aggregation-case-studies-v4-1--20250626-1640,details
5430,RM6098-Aggregation-case-studies-v4-1--20250626-1643,details
5431,RM6098-Aggregation-case-studies-v4-1--20250626-1654,details
5432,RM6098-Buyer-guidance-to-the-public-sector-contract-v41_1--20250626-1662,details
5433,RM6098-Buyer-guidance-to-the-public-sector-contract-v41_1--20250626-1672,details
5434,RM6098-Buyer-guidance-to-the-public-sector-contract-v41_1--20250626-1674,details
5435,RM6098-Buyer-guidance-to-the-public-sector-contract-v41_1--20250626-1677,details
5436,RM10438_Joint-Schedule-5-Corporate-Social-Responsibility-v10--20250626-1534,details
5437,RM10438_Joint-Schedule-5-Corporate-Social-Responsibility-v10--20250626-1536,details
5438,RM10438_Joint-Schedule-5-Corporate-Social-Responsibility-v10--20250626-1543,details
5439,RM10438_Joint-Schedule-7-Financial-Difficulties-v10--20250626-1566,details
5440,RM10438_Joint-Schedule-8-Guarantee-v10--20250626-1575,details
5441,RM10438_Joint-Schedule-8-Guarantee-v10--20250626-1594,details
5442,RM10438_Joint-Schedule-8-Guarantee-v10--20250626-1595,details
5443,RM10438_Joint-Schedule-8-Guarantee-v10--20250626-1599,details
5444,RM10438_Joint-Schedule-1-Definitions-v10--20250626-1344,details
5445,RM10438_Joint-Schedule-1-Definitions-v10--20250626-1351,details
5446,RM6098-Buyer-guidance-to-the-public-sector-contract-v41_1--20250626-1729,details
5447,RM6098-Buyer-guidance-to-the-public-sector-contract-v41_1--20250626-1735,details
5448,RM6098-Buyer-guide-v81_1--20250626-1748,details
5449,RM6098-Buyer-guide-v81_1--20250626-1751,details
5450,RM6098-Buyer-guide-v81_1--20250626-1753,details
5451,RM6098-Buyer-guide-v81_1--20250626-1759,details
5452,RM6098-Buyer-guide-v81_1--20250626-1775,details
5453,RM6098-Buyer-guide-v81_1--20250626-1791,details
5454,RM6098-Buyer-guide-v81_1--20250626-1805,details
5455,RM6098-Buyer-guide-v81_1--20250626-1812,details
5456,RM6098-Buyer-guide-v81_1--20250626-1816,details
5457,RM6098-Buyer-guide-v81_1--20250626-1817,details
5458,RM6098-Call-Off-Schedule-14-Service-Levels-v10--20250626-1951,details
5459,RM6098-Call-Off-Schedule-14-Service-Levels-v10--20250626-1961,details
5460,RM6098-Call-Off-Schedule-15-Call-Off-Contract-Management-v10--20250626-1963,details
5461,RM6098-Call-Off-schedule-17-MOD-terms-v11--20250626-1980,details
5462,RM6098-Call-Off-Schedule-18-Background-Checks-v10--20250626-1996,details
5463,RM6098-Call-Off-Schedule-19-Scottish-Law-v10--20250626-2000,details
5464,RM6098-Call-Off-Schedule-2-Staff-Transfer-v10-1--20250626-2007,details
5465,RM6098-Call-Off-Schedule-2-Staff-Transfer-v10-1--20250626-2009,details
5466,RM6098-Call-Off-Schedule-2-Staff-Transfer-v10-1--20250626-2010,details
5467,RM6098-Call-Off-Schedule-2-Staff-Transfer-v10-1--20250626-2015,details
5468,RM6098-Call-Off-Schedule-10-Exit-Management-v20--20250626-1849,details
5469,RM6098-Call-Off-Schedule-10-Exit-Management-v20--20250626-1858,details
5470,RM6098-Call-Off-Schedule-10-Exit-Management-v20--20250626-1872,details
5471,RM6098-Call-Off-Schedule-12-Clustering-v10--20250626-1885,details
5472,RM6098-Call-Off-Schedule-13-Implementation-Plan-and-Testing-v10--20250626-1894,details
5473,RM6098-Call-Off-Schedule-13-Implementation-Plan-and-Testing-v10--20250626-1901,details
5474,RM6098-Call-Off-Schedule-13-Implementation-Plan-and-Testing-v10--20250626-1911,details
5475,RM6098-Call-Off-Schedule-2-Staff-Transfer-v10-1--20250626-2028,details
5476,RM6098-Call-Off-Schedule-2-Staff-Transfer-v10-1--20250626-2082,details
5477,RM6098-Call-Off-Schedule-2-Staff-Transfer-v10-1--20250626-2094,details
5478,RM6098-Call-Off-Schedule-2-Staff-Transfer-v10-1--20250626-2101,details
5479,RM6098-Call-Off-Schedule-2-Staff-Transfer-v10-1--20250626-2108,details
5480,RM6098-Call-Off-Schedule-2-Staff-Transfer-v10-1--20250626-2126,details
5481,RM6098-Call-Off-Schedule-2-Staff-Transfer-v10-1--20250626-2140,details
5482,RM6098-Call-Off-Schedule-2-Staff-Transfer-v10-1--20250626-2144,details
5483,RM6098-Call-Off-Schedule-2-Staff-Transfer-v10-1--20250626-2146,details
5484,RM6098-Call-Off-Schedule-2-Staff-Transfer-v10-1--20250626-2160,details
5485,RM6098-Call-Off-Schedule-2-Staff-Transfer-v10-1--20250626-2165,details
5486,RM6098-Call-Off-Schedule-2-Staff-Transfer-v10-1--20250626-2183,details
5487,RM6098-Call-Off-Schedule-2-Staff-Transfer-v10-1--20250626-2187,details
5488,RM6098-Call-Off-Schedule-20-Specification-v10--20250626-2220,details
5489,RM6098-Call-Off-Schedule-22-Lease-Terms-FINANCIAL-LEASE-v11--20250626-2324,details
5490,RM6098-Call-Off-Schedule-22-Lease-Terms-FINANCIAL-LEASE-v11--20250626-2350,details
5491,RM6098-Call-Off-Schedule-22-Lease-Terms-OPERATIONAL-LEASE-v11--20250626-2359,details
5492,RM6098-Call-Off-Schedule-22-Lease-Terms-OPERATIONAL-LEASE-v11--20250626-2360,details
5493,RM6098-Call-Off-Schedule-22-Lease-Terms-OPERATIONAL-LEASE-v11--20250626-2366,details
5494,RM6098-Call-Off-Schedule-22-Lease-Terms-OPERATIONAL-LEASE-v11--20250626-2376,details
5495,RM6098-Call-Off-Schedule-22-Lease-Terms-OPERATIONAL-LEASE-v11--20250626-2385,details
5496,RM6098-Call-Off-Schedule-22-Lease-Terms-OPERATIONAL-LEASE-v11--20250626-2416,details
5497,RM6098-Call-Off-Schedule-22-Lease-Terms-OPERATIONAL-LEASE-v11--20250626-2420,details
5498,RM6098-Call-Off-Schedule-22-Lease-Terms-OPERATIONAL-LEASE-v11--20250626-2433,details
5499,RM6098-Call-Off-Schedule-22-Lease-Terms-OPERATIONAL-LEASE-v11--20250626-2439,details
5500,RM6098-Call-Off-Schedule-22-Lease-Terms-OPERATIONAL-LEASE-v11--20250626-2451,details
5501,RM6098-Call-Off-Schedule-22-Lease-Terms-OPERATIONAL-LEASE-v11--20250626-2462,details
5502,RM6098-Call-Off-Schedule-22-Lease-Terms-v21--20250626-2471,details
5503,RM6098-Call-Off-Schedule-22-Lease-Terms-v21--20250626-2477,details
5504,RM6098-Call-Off-Schedule-22-Lease-Terms-v21--20250626-2500,details
5505,RM6098-Call-Off-Schedule-22-Lease-Terms-v21--20250626-2511,details
5506,RM6098-Call-Off-Schedule-22-Lease-Terms-v21--20250626-2516,details
5507,RM6098-Call-Off-Schedule-22-Lease-Terms-FINANCIAL-LEASE-v11--20250626-2230,details
5508,RM6098-Call-Off-Schedule-22-Lease-Terms-FINANCIAL-LEASE-v11--20250626-2262,details
5509,RM6098-Call-Off-Schedule-22-Lease-Terms-FINANCIAL-LEASE-v11--20250626-2263,details
5510,RM6098-Call-Off-Schedule-22-Lease-Terms-FINANCIAL-LEASE-v11--20250626-2271,details
5511,RM6098-Call-Off-Schedule-22-Lease-Terms-FINANCIAL-LEASE-v11--20250626-2287,details
5512,RM6098-Call-Off-Schedule-22-Lease-Terms-FINANCIAL-LEASE-v11--20250626-2293,details
5513,RM6098-Call-Off-Schedule-22-Lease-Terms-FINANCIAL-LEASE-v11--20250626-2303,details
5514,RM6098-Call-Off-Schedule-22-Lease-Terms-FINANCIAL-LEASE-v11--20250626-2310,details
5515,RM6098-Call-Off-Schedule-22-Lease-Terms-FINANCIAL-LEASE-v11--20250626-2316,details
5516,RM6098-Call-Off-Schedule-6-ICT-Services-v20-1--20250626-2747,details
5517,RM6098-Call-Off-Schedule-6-ICT-Services-v20-1--20250626-2757,details
5518,RM6098-Call-Off-Schedule-6-ICT-Services-v20-1--20250626-2761,details
5519,RM6098-Call-Off-Schedule-6-ICT-Services-v20-1--20250626-2765,details
5520,RM6098-Call-Off-Schedule-6-ICT-Services-v20-1--20250626-2768,details
5521,RM6098-Call-Off-Schedule-6-ICT-Services-v20-1--20250626-2770,details
5522,RM6098-Call-Off-Schedule-6-ICT-Services-v20-1--20250626-2776,details
5523,RM6098-Call-Off-Schedule-6-ICT-Services-v20-1--20250626-2780,details
5524,RM6098-Call-Off-Schedule-6-ICT-Services-v20-1--20250626-2789,details
5525,RM6098-Call-Off-Schedule-6-ICT-Services-v20-1--20250626-2802,details
5526,RM6098-Call-Off-Schedule-8-Business-Continuity-and-Disaster-Recovery-v10--20250626-2812,details
5527,RM6098-Call-Off-Schedule-8-Business-Continuity-and-Disaster-Recovery-v10--20250626-2815,details
5528,RM6098-Call-Off-Schedule-8-Business-Continuity-and-Disaster-Recovery-v10--20250626-2820,details
5529,RM6098-Call-Off-Schedule-22-Lease-Terms-v21--20250626-2525,details
5530,RM6098-Call-Off-Schedule-22-Lease-Terms-v21--20250626-2526,details
5531,RM6098-Call-Off-Schedule-22-Lease-Terms-v21--20250626-2539,details
5532,RM6098-Call-Off-Schedule-22-Lease-Terms-v21--20250626-2543,details
5533,RM6098-Call-Off-Schedule-22-Lease-Terms-v21--20250626-2561,details
5534,RM6098-Call-Off-Schedule-22-Lease-Terms-v21--20250626-2566,details
5535,RM6098-Call-Off-Schedule-22-Lease-Terms-v21--20250626-2570,details
5536,RM6098-Call-Off-Schedule-22-Lease-Terms-v21--20250626-2580,details
5537,RM6098-Call-Off-Schedule-22-Lease-Terms-v21--20250626-2584,details
5538,RM6098-Call-Off-Schedule-23-HMRC-Terms-v10--20250626-2603,details
5539,RM6098-Call-Off-Schedule-23-HMRC-Terms-v10--20250626-2604,details
5540,RM6098-Call-Off-Schedule-3-Continuous-Improvement-v10--20250626-2624,details
5541,RM6098-Call-Off-Schedule-3-Continuous-Improvement-v10--20250626-2627,details
5542,RM6098-Call-Off-Schedule-6-Annex-E-As-a-Service-additional-terms-v20--20250626-2635,details
5543,RM6098-Call-Off-Schedule-6-Annex-E-As-a-Service-additional-terms-v20--20250626-2643,details
5544,RM6098-Call-Off-Schedule-6-Annex-E-As-a-Service-additional-terms-v20--20250626-2655,details
5545,RM6098-Call-Off-Schedule-6-Annex-E-As-a-Service-additional-terms-v20--20250626-2665,details
5546,RM6098-Call-Off-Schedule-6-Annex-E-As-a-Service-additional-terms-v20--20250626-2685,details
5547,RM6098-Call-Off-Schedule-6-Annex-E-As-a-Service-additional-terms-v20--20250626-2716,details
5548,RM6098-Call-Off-Schedule-6-Annex-E-As-a-Service-additional-terms-v20--20250626-2723,details
5549,RM6098-Call-Off-Schedule-8-Business-Continuity-and-Disaster-Recovery-v10--20250626-2842,details
5550,RM6098-Call-Off-Schedule-8-Business-Continuity-and-Disaster-Recovery-v10--20250626-2844,details
5551,RM6098-Call-Off-Schedule-8-Business-Continuity-and-Disaster-Recovery-v10--20250626-2845,details
5552,RM6098-Call-Off-Schedule-8-Business-Continuity-and-Disaster-Recovery-v10--20250626-2847,details
5553,RM6098-Call-Off-Schedule-9-Security-v10--20250626-2871,details
5554,RM6098-Call-Off-Schedule-9-Security-v10--20250626-2875,details
5555,RM6098-Call-Off-Schedule-9-Security-v10--20250626-2884,details
5556,RM6098-Call-Off-Schedule-9-Security-v10--20250626-2910,details
5557,RM6098-Call-Off-Schedule-9-Security-v10--20250626-2937,details
5558,RM6098-Call-Off-Schedule-9-Security-v10--20250626-2944,details
5559,RM6098-Call-Off-Schedule-9-Security-v10--20250626-2946,details
5560,RM6098-Call-Off-Schedule-9-Security-v10--20250626-2951,details
5561,RM6098-Call-Off-Schedule-9-Security-v10--20250626-2954,details
5562,RM6098-Call-Off-Schedule-9-Security-v10--20250626-2960,details
5563,RM6098-Case-studies-v5_2--20250626-2970,details
5564,RM6098-Case-studies-v5_2--20250626-2981,details
5565,RM6098-Case-studies-v5_2--20250626-2988,details
5566,RM6098-Case-studies-v5_2--20250626-2999,details
5567,RM6098-Case-studies-v5_2--20250626-3009,details
5568,RM6098-Core-terms-v3011-1--20250626-3019,details
5569,RM6098-Framework-schedule-1-specification-v41--20250626-3236,details
5570,RM6098-Framework-schedule-1-specification-v41--20250626-3242,details
5571,RM6098-Framework-schedule-1-specification-v41--20250626-3244,details
5572,RM6098-Framework-schedule-1-specification-v41--20250626-3272,details
5573,RM6098-Framework-schedule-1-specification-v41--20250626-3275,details
5574,RM6098-Framework-Schedule-5-Management-Charges-and-Information-v10--20250626-3323,details
5575,RM6098-Framework-Schedule-5-Management-Charges-and-Information-v10--20250626-3326,details
5576,RM6098-Core-terms-v3011-1--20250626-3054,details
5577,RM6098-Core-terms-v3011-1--20250626-3071,details
5578,RM6098-Core-terms-v3011-1--20250626-3082,details
5579,RM6098-Core-terms-v3011-1--20250626-3094,details
5580,RM6098-Direct-Award-procedure-overview-v61_2--20250626-3108,details
5581,RM6098-Framework-Award-Form-v20--20250626-3156,details
5582,RM6098-Framework-Award-Form-v20--20250626-3164,details
5583,RM6098-Framework-schedule-1-specification-v41--20250626-3222,details
5584,RM6098-Joint-Schedule-11-processing-data-v20--20250626-3542,details
5585,RM6098-Joint-Schedule-11-processing-data-v20--20250626-3549,details
5586,RM6098-Joint-Schedule-11-processing-data-v20--20250626-3552,details
5587,RM6098-Joint-Schedule-11-processing-data-v20--20250626-3557,details
5588,RM6098-Joint-Schedule-11-processing-data-v20--20250626-3562,details
5589,RM6098-Joint-schedule-12-supply-chain-visibility-v21--20250626-3584,details
5590,RM6098-Joint-Schedule-2-Variation-Form-v10--20250626-3592,details
5591,RM6098-Joint-Schedule-5-Corporate-Social-Responsibility-v30-1--20250626-3614,details
5592,RM6098-Joint-Schedule-5-Corporate-Social-Responsibility-v30-1--20250626-3616,details
5593,RM6098-Joint-Schedule-5-Corporate-Social-Responsibility-v30-1--20250626-3617,details
5594,RM6098-Joint-Schedule-6-Key-Subcontractors-v10--20250626-3634,details
5595,RM6098-Framework-Schedule-5-Management-Charges-and-Information-v10--20250626-3334,details
5596,RM6098-Framework-Schedule-5-Management-Charges-and-Information-v10--20250626-3337,details
5597,RM6098-Framework-schedule-6-order-form-template-and-call-off-schedules-v31--20250626-3357,details
5598,RM6098-Framework-Schedule-7-Call-Off-Award-Procedure-v2--20250626-3361,details
5599,RM6098-Framework-Schedule-7-Call-Off-Award-Procedure-v2--20250626-3376,details
5600,RM6098-Framework-Schedule-7-Call-Off-Award-Procedure-v2--20250626-3377,details
5601,RM6098-Framework-Schedule-7-Call-Off-Award-Procedure-v2--20250626-3401,details
5602,RM6098-Framework-Schedule-9-O-Cyber-Essentials-Scheme-v10--20250626-3408,details
5603,RM6098-Framework-Schedule-9-O-Cyber-Essentials-Scheme-v10--20250626-3410,details
5604,RM6098-Invitation-to-tender-template-v3--20250626-3448,details
5605,RM6098-Joint-Schedule-10-Rectification-Plan-v10--20250626-3474,details
5606,RM6098-Joint-Schedule-11-processing-data-v20--20250626-3482,details
5607,RM6098-Joint-Schedule-11-processing-data-v20--20250626-3497,details
5608,RM6098-Joint-Schedule-11-processing-data-v20--20250626-3508,details
5609,RM6098-Joint-Schedule-11-processing-data-v20--20250626-3525,details
5610,RM6098-Joint-Schedule-11-processing-data-v20--20250626-3530,details
5611,RM6098-Joint-Schedule-11-processing-data-v20--20250626-3532,details
5612,RM6098-Joint-Schedule-7-Financial-Difficulties-v34--20250626-3660,details
5613,RM6098-Joint-Schedule-7-Financial-Difficulties-v34--20250626-3667,details
5614,RM6098-Joint-Schedule-7-Financial-Difficulties-v34--20250626-3695,details
5615,RM6098-Leasing-tech-hardware-best-practice-process-v28-1--20250626-3758,details
5616,RM6098-Leasing-tech-hardware-best-practice-process-v28-1--20250626-3775,details
5617,RM6098-Leasing-tech-hardware-best-practice-process-v28-1--20250626-3779,details
5618,RM6098-Leasing-tech-hardware-best-practice-process-v28-1--20250626-3793,details
5619,RM6098-Market-engagement-best-practice-process-v27--20250626-3825,details
5620,RM6098-Market-engagement-best-practice-process-v27--20250626-3826,details
5621,RM6098-Market-engagement-best-practice-process-v27--20250626-3831,details
5622,RM6098-Model-Contract-Pack-v3--20250626-4046,details
5623,RM6098-Model-Contract-Pack-v3--20250626-4054,details
5624,RM6098-Model-Contract-Pack-v3--20250626-4072,details
5625,RM6098-Model-Contract-Pack-v3--20250626-4098,details
5626,RM6098-Model-Contract-Pack-v3--20250626-4128,details
5627,RM6098-Market-engagement-best-practice-process-v27--20250626-3839,details
5628,RM6098-Model-Contract-Pack-v3--20250626-3859,details
5629,RM6098-Model-Contract-Pack-v3--20250626-3866,details
5630,RM6098-Model-Contract-Pack-v3--20250626-3904,details
5631,RM6098-Model-Contract-Pack-v3--20250626-3935,details
5632,RM6098-Model-Contract-Pack-v3--20250626-3944,details
5633,RM6098-Model-Contract-Pack-v3--20250626-3973,details
5634,RM6098-Model-Contract-Pack-v3--20250626-3979,details
5635,RM6098-Model-Contract-Pack-v3--20250626-3996,details
5636,RM6098-Model-Contract-Pack-v3--20250626-4036,details
5637,RM6116-Call-Off-Schedule-14-Service-Levels-vFinal11--20250626-4454,details
5638,RM6116-Call-Off-Schedule-14-Service-Levels-vFinal11--20250626-4456,details
5639,RM6116-Call-Off-Schedule-14-Service-Levels-vFinal11--20250626-4471,details
5640,RM6116-Call-Off-Schedule-14-Service-Levels-vFinal11--20250626-4474,details
5641,RM6116-Call-Off-Schedule-14-Service-Levels-vFinal11--20250626-4479,details
5642,RM6116-Call-Off-Schedule-14-Service-Levels-vFinal11--20250626-4480,details
5643,RM6116-Call-Off-Schedule-14-Service-Levels-vFinal11--20250626-4485,details
5644,RM6116-Call-Off-Schedule-14-Service-Levels-vFinal11--20250626-4502,details
5645,RM6116-Call-Off-Schedule-16-Benchmarking-vFinal--20250626-4517,details
5646,RM6116-Call-Off-Schedule-16-Benchmarking-vFinal--20250626-4523,details
5647,RM6116-Call-Off-Schedule-16-Benchmarking-vFinal--20250626-4525,details
5648,RM6116-Call-Off-Schedule-17-MOD-Terms-vFinal--20250626-4530,details
5649,RM6116-Call-Off-Schedule-17-MOD-Terms-vFinal--20250626-4531,details
5650,RM6116-Call-Off-Schedule-17-MOD-Terms-vFinal--20250626-4533,details
5651,RM6116-Call-Off-Schedule-17-MOD-Terms-vFinal--20250626-4540,details
5652,RM6098-Model-Contract-Pack-v3--20250626-4149,details
5653,RM6098-Model-Contract-Pack-v3--20250626-4154,details
5654,RM6098-Model-Contract-Pack-v3--20250626-4163,details
5655,RM6098-Model-Contract-Pack-v3--20250626-4174,details
5656,RM6098-Model-Contract-Pack-v3--20250626-4192,details
5657,RM6098-Request-for-information-template-v21--20250626-4204,details
5658,RM6098-Request-for-information-template-v21--20250626-4206,details
5659,RM6098-Request-for-information-template-v21--20250626-4210,details
5660,RM6098-Supplier-outcome-letter-unsuccessful-v1--20250626-4225,details
5661,RM6098-Supplier-outcome-letter-unsuccessful-v1--20250626-4230,details
5662,RM6116-Call-Off-Schedule-13-Implementation-Plan-and-Testing-v11--20250626-4376,details
5663,RM6116-Call-Off-Schedule-13-Implementation-Plan-and-Testing-v11--20250626-4379,details
5664,RM6116-Call-Off-Schedule-13-Implementation-Plan-and-Testing-v11--20250626-4385,details
5665,RM6116-Call-Off-Schedule-13-Implementation-Plan-and-Testing-v11--20250626-4391,details
5666,RM6116-Call-Off-Schedule-13-Implementation-Plan-and-Testing-v11--20250626-4409,details
5667,RM6116-Call-Off-Schedule-13-Implementation-Plan-and-Testing-v11--20250626-4414,details
5668,RM6116-Call-Off-Schedule-13-Implementation-Plan-and-Testing-v11--20250626-4418,details
5669,RM6116-Call-Off-Schedule-14-Service-Levels-vFinal11--20250626-4432,details
5670,RM6116-Buyer-guide-v12--20250626-4248,details
5671,RM6116-Buyer-guide-v12--20250626-4264,details
5672,RM6116-Buyer-guide-v12--20250626-4274,details
5673,RM6116-Buyer-guide-v12--20250626-4290,details
5674,RM6116-Buyer-guide-v12--20250626-4303,details
5675,RM6116-Buyer-guide-v12--20250626-4313,details
5676,RM6116-Call-Off-Schedule-1-Transparency-Reports-vFinal--20250626-4322,details
5677,RM6116-Call-Off-Schedule-10-Exit-Management-V12--20250626-4324,details
5678,RM6116-Call-Off-Schedule-2-Staff-Transfer-vFinal--20250626-4749,details
5679,RM6116-Call-Off-Schedule-2-Staff-Transfer-vFinal--20250626-4753,details
5680,RM6116-Call-Off-Schedule-2-Staff-Transfer-vFinal--20250626-4761,details
5681,RM6116-Call-Off-Schedule-2-Staff-Transfer-vFinal--20250626-4765,details
5682,RM6116-Call-Off-Schedule-2-Staff-Transfer-vFinal--20250626-4773,details
5683,RM6116-Call-Off-Schedule-2-Staff-Transfer-vFinal--20250626-4778,details
5684,RM6116-Call-Off-Schedule-2-Staff-Transfer-vFinal--20250626-4779,details
5685,RM6116-Call-Off-Schedule-20-Specification-vFinal--20250626-4807,details
5686,RM6116-Call-Off-Schedule-22-Lease-Terms-vFinal--20250626-4819,details
5687,RM6116-Call-Off-Schedule-22-Lease-Terms-vFinal--20250626-4829,details
5688,RM6116-Call-Off-Schedule-23-HMRC-Terms-v11--20250626-4848,details
5689,RM6116-Call-Off-Schedule-6-ICT-Services-v11--20250626-4871,details
5690,RM6116-Call-Off-Schedule-6-ICT-Services-v11--20250626-4882,details
5691,RM6116-Call-Off-Schedule-6-ICT-Services-v11--20250626-4911,details
5692,RM6116-Call-Off-Schedule-7-Key-Supplier-Staff-vFinal--20250626-4915,details
5693,RM6116-Call-Off-Schedule-8-Business-Continuity-and-Disaster-Recovery-v11--20250626-4922,details
5694,RM6116-Call-Off-Schedule-8-Business-Continuity-and-Disaster-Recovery-v11--20250626-4923,details
5695,RM6116-Call-Off-Schedule-8-Business-Continuity-and-Disaster-Recovery-v11--20250626-4947,details
5696,RM6116-Call-Off-Schedule-2-Staff-Transfer-vFinal--20250626-4553,details
5697,RM6116-Call-Off-Schedule-2-Staff-Transfer-vFinal--20250626-4556,details
5698,RM6116-Call-Off-Schedule-2-Staff-Transfer-vFinal--20250626-4584,details
5699,RM6116-Call-Off-Schedule-2-Staff-Transfer-vFinal--20250626-4596,details
5700,RM6116-Call-Off-Schedule-2-Staff-Transfer-vFinal--20250626-4600,details
5701,RM6116-Call-Off-Schedule-2-Staff-Transfer-vFinal--20250626-4626,details
5702,RM6116-Call-Off-Schedule-2-Staff-Transfer-vFinal--20250626-4630,details
5703,RM6116-Call-Off-Schedule-2-Staff-Transfer-vFinal--20250626-4636,details
5704,RM6116-Call-Off-Schedule-2-Staff-Transfer-vFinal--20250626-4647,details
5705,RM6116-Call-Off-Schedule-2-Staff-Transfer-vFinal--20250626-4657,details
5706,RM6116-Call-Off-Schedule-2-Staff-Transfer-vFinal--20250626-4681,details
5707,RM6116-Call-Off-Schedule-2-Staff-Transfer-vFinal--20250626-4688,details
5708,RM6116-Call-Off-Schedule-2-Staff-Transfer-vFinal--20250626-4696,details
5709,RM6116-Call-Off-Schedule-2-Staff-Transfer-vFinal--20250626-4704,details
5710,RM6116-Call-Off-Schedule-2-Staff-Transfer-vFinal--20250626-4744,details
5711,RM6116-Call-Off-Schedule-8-Business-Continuity-and-Disaster-Recovery-v11--20250626-4956,details
5712,RM6116-Call-Off-Schedule-8-Business-Continuity-and-Disaster-Recovery-v11--20250626-4957,details
5713,RM6116-Call-Off-Schedule-8-Business-Continuity-and-Disaster-Recovery-v11--20250626-4972,details
5714,RM6116-Call-Off-Schedule-8-Business-Continuity-and-Disaster-Recovery-v11--20250626-4974,details
5715,RM6116-Call-Off-Schedule-8-Business-Continuity-and-Disaster-Recovery-v11--20250626-4980,details
5716,RM6116-Call-Off-Schedule-9-Security-vFinal--20250626-4992,details
5717,RM6116-Call-Off-Schedule-9-Security-vFinal--20250626-4994,details
5718,RM6116-Call-Off-Schedule-9-Security-vFinal--20250626-4997,details
5719,RM6116-Call-Off-Schedule-9-Security-vFinal--20250626-5024,details
5720,RM6116-Call-Off-Schedule-9-Security-vFinal--20250626-5047,details
5721,RM6116-Framework-Schedule-7-Call-Off-Award-Procedure-v10-2--20250626-5286,details
5722,RM6116-Framework-Schedule-9-Cyber-Essentials-Scheme-vFinal--20250626-5299,details
5723,RM6116-Framework-Schedule-9-Cyber-Essentials-Scheme-vFinal--20250626-5304,details
5724,RM6116-Joint-Schedule-1-Definitions-vFinal--20250626-5306,details
5725,RM6116-Joint-Schedule-1-Definitions-vFinal--20250626-5318,details
5726,RM6116-Joint-Schedule-1-Definitions-vFinal--20250626-5319,details
5727,RM6116-Joint-Schedule-1-Definitions-vFinal--20250626-5321,details
5728,RM6116-Joint-Schedule-1-Definitions-vFinal--20250626-5337,details
5729,RM6116-Joint-Schedule-1-Definitions-vFinal--20250626-5346,details
5730,RM6116-Call-Off-Schedule-9-Security-vFinal--20250626-5052,details
5731,RM6116-Call-Off-Schedule-9-Security-vFinal--20250626-5064,details
5732,RM6116-Framework-Schedule-1-Specification-vFinal--20250626-5083,details
5733,RM6116-Framework-Schedule-1-Specification-vFinal--20250626-5086,details
5734,RM6116-Framework-Schedule-1-Specification-vFinal--20250626-5095,details
5735,RM6116-Framework-Schedule-1-Specification-vFinal--20250626-5115,details
5736,RM6116-Framework-Schedule-3-Framework-Prices-vFinal-11--20250626-5166,details
5737,RM6116-Framework-Schedule-3-Framework-Prices-vFinal-11--20250626-5169,details
5738,RM6116-Framework-Schedule-3-Framework-Prices-vFinal-11--20250626-5183,details
5739,RM6116-Framework-Schedule-4-Framework-Management-vFinal--20250626-5205,details
5740,RM6116-Framework-Schedule-4-Framework-Management-vFinal--20250626-5207,details
5741,RM6116-Framework-Schedule-6-Order-Form-Template-and-Call-Off-Schedules-vFinal11--20250626-5245,details
5742,RM6116-Joint-Schedule-5-Corporate-Social-Responsibility-vFinal--20250626-5555,details
5743,RM6116-Joint-Schedule-5-Corporate-Social-Responsibility-vFinal--20250626-5562,details
5744,RM6116-Joint-Schedule-5-Corporate-Social-Responsibility-vFinal--20250626-5564,details
5745,RM6116-Joint-Schedule-6-Key-Subcontractors-vFinal--20250626-5578,details
5746,RM6116-Joint-Schedule-7-Financial-Difficulties-v11docx--20250626-5581,details
5747,RM6116-Joint-Schedule-7-Financial-Difficulties-v11docx--20250626-5585,details
5748,RM6116-Joint-Schedule-7-Financial-Difficulties-v11docx--20250626-5592,details
5749,RM6116-Joint-Schedule-7-Financial-Difficulties-v11docx--20250626-5607,details
5750,RM6116-Joint-Schedule-7-Financial-Difficulties-v11docx--20250626-5617,details
5751,RM6116-Joint-Schedule-7-Financial-Difficulties-v11docx--20250626-5636,details
5752,RM6116-Joint-Schedule-7-Financial-Difficulties-v11docx--20250626-5648,details
5753,RM6116-Joint-Schedule-7-Financial-Difficulties-v11docx--20250626-5649,details
5754,RM6116-Joint-Schedule-11-Processing-Data-vFinal-1--20250626-5454,details
5755,RM6116-Joint-Schedule-11-Processing-Data-vFinal-1--20250626-5455,details
5756,RM6116-Joint-Schedule-11-Processing-Data-vFinal-1--20250626-5457,details
5757,RM6116-Joint-Schedule-11-Processing-Data-vFinal-1--20250626-5473,details
5758,RM6116-Joint-Schedule-11-Processing-Data-vFinal-1--20250626-5485,details
5759,RM6116-Joint-Schedule-11-Processing-Data-vFinal-1--20250626-5491,details
5760,RM6116-Joint-Schedule-11-Processing-Data-vFinal-1--20250626-5506,details
5761,RM6116-Joint-Schedule-12-Supply-Chain-Visibility-vFinal--20250626-5517,details
5762,RM6116-Joint-Schedule-3-Insurance-Requirements-vFinal--20250626-5531,details
5763,RM6116-Joint-Schedule-3-Insurance-Requirements-vFinal--20250626-5532,details
5764,RM6116-Joint-Schedule-3-Insurance-Requirements-vFinal--20250626-5540,details
5765,RM6116-Joint-Schedule-1-Definitions-vFinal--20250626-5356,details
5766,RM6116-Joint-Schedule-1-Definitions-vFinal--20250626-5363,details
5767,RM6116-Joint-Schedule-1-Definitions-vFinal--20250626-5364,details
5768,RM6116-Joint-Schedule-1-Definitions-vFinal--20250626-5370,details
5769,RM6116-Joint-Schedule-1-Definitions-vFinal--20250626-5371,details
5770,RM6116-Joint-Schedule-1-Definitions-vFinal--20250626-5378,details
5771,RM6116-Joint-Schedule-1-Definitions-vFinal--20250626-5384,details
5772,RM6116-Joint-Schedule-1-Definitions-vFinal--20250626-5391,details
5773,RM6116-Joint-Schedule-1-Definitions-vFinal--20250626-5392,details
5774,RM6116-Joint-Schedule-1-Definitions-vFinal--20250626-5426,details
5775,RM6116-Joint-Schedule-11-Processing-Data-vFinal-1--20250626-5438,details
5776,RM6116-Joint-Schedule-7-Financial-Difficulties-v11docx--20250626-5661,details
5777,RM6116-Joint-Schedule-8-Guarantee-for-PSC-vFinal--20250626-5696,details
5778,RM6116-Joint-Schedule-8-Guarantee-for-PSC-vFinal--20250626-5699,details
5779,RM6116-Network-Services-3-Statement-of-Requirements-Template-accessible-v1-1--20250626-5710,details
5780,RM6116-Network-Services-3-Statement-of-Requirements-Template-accessible-v1-1--20250626-5716,details
5781,RM6116-NS3-Core-terms-v3011--20250626-5741,details
5782,RM6116-NS3-Core-terms-v3011--20250626-5746,details
5783,RM6116_description--20250626-5861,details
5784,RM6116_Key-changes-from-NS2-to-NS3_V10docx--20250626-5870,details
5785,RM6116_Key-changes-from-NS2-to-NS3_V10docx--20250626-5872,details
5786,RM6116_Key-changes-from-NS2-to-NS3_V10docx--20250626-5879,details
5787,RM6116_Key-changes-from-NS2-to-NS3_V10docx--20250626-5884,details
5788,RM6116_Key-changes-from-NS2-to-NS3_V10docx--20250626-5886,details
5789,RM6187-Call-Off-Schedule-1-_Transparency-Reports---20250626-5896,details
5790,RM6187-Call-Off-Schedule-10_-Exit-Management---20250626-5909,details
5791,RM6187-Call-Off-Schedule-10_-Exit-Management---20250626-5935,details
5792,RM6187-Call-Off-Schedule-12_-Clustering---20250626-5950,details
5793,RM6187-Call-Off-Schedule-16_-Benchmarking--20250626-6064,details
5794,RM6187-Call-Off-Schedule-16_-Benchmarking--20250626-6066,details
5795,RM6187-Call-Off-Schedule-17_-MOD-Terms---20250626-6081,details
5796,RM6187-Call-Off-Schedule-19_-Scottish-Law---20250626-6094,details
5797,RM6187-Call-Off-Schedule-23_-HMRC-Schedule---20250626-6107,details
5798,RM6187-Call-Off-Schedule-23_-HMRC-Schedule---20250626-6109,details
5799,RM6187-Call-Off-Schedule-23_-HMRC-Schedule---20250626-6115,details
5800,RM6187-Call-Off-Schedule-23_-HMRC-Schedule---20250626-6146,details
5801,RM6187-Call-Off-Schedule-3_-Continuous-Improvement---20250626-6157,details
5802,RM6187-Call-Off-Schedule-3_-Continuous-Improvement---20250626-6160,details
5803,RM6187-Call-Off-Schedule-13_-Implementation-Plan-and-Testing---20250626-5963,details
5804,RM6187-Call-Off-Schedule-13_-Implementation-Plan-and-Testing---20250626-5974,details
5805,RM6187-Call-Off-Schedule-13_-Implementation-Plan-and-Testing---20250626-5997,details
5806,RM6187-Call-Off-Schedule-13_-Implementation-Plan-and-Testing---20250626-6014,details
5807,RM6187-Call-Off-Schedule-14_-Service-Levels---20250626-6031,details
5808,RM6187-Call-Off-Schedule-14_-Service-Levels---20250626-6033,details
5809,RM6187-Call-Off-Schedule-16_-Benchmarking--20250626-6053,details
5810,RM6116-NS3-Core-terms-v3011--20250626-5765,details
5811,RM6116-NS3-Core-terms-v3011--20250626-5805,details
5812,RM6116-NS3-Core-terms-v3011--20250626-5808,details
5813,RM6116-NS3-Service-Offer-Guide-V3--20250626-5824,details
5814,RM6116-NS3-Service-Offer-Guide-V3--20250626-5825,details
5815,RM6116-NS3-Service-Offer-Guide-V3--20250626-5828,details
5816,RM6187-Core-Terms---20250626-6390,details
5817,RM6187-Core-Terms---20250626-6400,details
5818,RM6187-Core-Terms---20250626-6407,details
5819,RM6187-Core-Terms---20250626-6412,details
5820,RM6187-Core-Terms---20250626-6418,details
5821,RM6187-Core-Terms---20250626-6423,details
5822,RM6187-Core-Terms---20250626-6425,details
5823,RM6187-Core-Terms---20250626-6438,details
5824,RM6187-Core-Terms---20250626-6439,details
5825,RM6187-Core-Terms---20250626-6449,details
5826,RM6187-Call-Off-Schedule-3_-Continuous-Improvement---20250626-6163,details
5827,RM6187-Call-Off-Schedule-6_-ICT-Services---20250626-6189,details
5828,RM6187-Call-Off-Schedule-6_-ICT-Services---20250626-6207,details
5829,RM6187-Call-Off-Schedule-6_-ICT-Services---20250626-6210,details
5830,RM6187-Call-Off-Schedule-8_-Business-Continuity-and-Disaster-Recovery---20250626-6233,details
5831,RM6187-Call-Off-Schedule-8_-Business-Continuity-and-Disaster-Recovery---20250626-6235,details
5832,RM6187-Call-Off-Schedule-8_-Business-Continuity-and-Disaster-Recovery---20250626-6246,details
5833,RM6187-Framework-Schedule-1_-Specification--20250626-6473,details
5834,RM6187-Framework-Schedule-1_-Specification--20250626-6482,details
5835,RM6187-Framework-Schedule-4_-Framework-Management---20250626-6513,details
5836,RM6187-Framework-Schedule-4_-Framework-Management---20250626-6516,details
5837,RM6187-Framework-Schedule-4_-Framework-Management---20250626-6519,details
5838,RM6187-Framework-Schedule-6_-Order-Form-and-Call-Off-Schedules-4--20250626-6556,details
5839,RM6187-Call-Off-Schedule-9_-Security---20250626-6265,details
5840,RM6187-Call-Off-Schedule-9_-Security---20250626-6294,details
5841,RM6187-Call-Off-Schedule-9_-Security---20250626-6327,details
5842,RM6187-Core-Terms---20250626-6349,details
5843,RM6187-Core-Terms---20250626-6350,details
5844,RM6187-Core-Terms---20250626-6355,details
5845,RM6187-Joint-Schedule-1_-Definitions---20250626-6773,details
5846,RM6187-Joint-Schedule-1_-Definitions---20250626-6785,details
5847,RM6187-Joint-Schedule-1_-Definitions---20250626-6789,details
5848,RM6187-Joint-Schedule-1_-Definitions---20250626-6791,details
5849,RM6187-Joint-Schedule-1_-Definitions---20250626-6794,details
5850,RM6187-Joint-Schedule-1_-Definitions---20250626-6803,details
5851,RM6187-Joint-Schedule-1_-Definitions---20250626-6808,details
5852,RM6187-Joint-Schedule-1_-Definitions---20250626-6812,details
5853,RM6187-Joint-Schedule-1_-Definitions---20250626-6813,details
5854,RM6187-Joint-Schedule-1_-Definitions---20250626-6820,details
5855,RM6187-Joint-Schedule-1_-Definitions---20250626-6821,details
5856,RM6187-Joint-Schedule-1_-Definitions---20250626-6822,details
5857,RM6187-Joint-Schedule-1_-Definitions---20250626-6851,details
5858,RM6187-Joint-Schedule-1_-Definitions---20250626-6862,details
5859,RM6187-Joint-Schedule-1_-Definitions---20250626-6878,details
5860,RM6187-Joint-Schedule-1_-Definitions---20250626-6880,details
5861,RM6187-Joint-Schedule-2_-Variation-Form--20250626-6887,details
5862,RM6187-Joint-Schedule-2_-Variation-Form--20250626-6888,details
5863,RM6187-Joint-Schedule-3_-Insurance-Requirements--20250626-6892,details
5864,RM6187-Joint-Schedule-4-Commercially-Sensitive-Information---20250626-6905,details
5865,RM6187-Joint-Schedule-4-Commercially-Sensitive-Information---20250626-6906,details
5866,RM6187-Joint-Schedule-5_-Corporate-Social-Responsibility---20250626-6909,details
5867,RM6187-Joint-Schedule-5_-Corporate-Social-Responsibility---20250626-6912,details
5868,RM6187-Joint-Schedule-6_-Key-Subcontractors--20250626-6920,details
5869,RM6187-Joint-Schedule-7_-Financial-Difficulties-1--20250626-6937,details
5870,RM6187-Joint-Schedule-8_-Guarantee---20250626-6966,details
5871,RM6187-Joint-Schedule-8_-Guarantee---20250626-6968,details
5872,RM6187-Joint-Schedule-11_-Processing-Data---20250626-6671,details
5873,RM6187-Joint-Schedule-11_-Processing-Data---20250626-6675,details
5874,RM6187-Joint-Schedule-11_-Processing-Data---20250626-6680,details
5875,RM6187-Joint-Schedule-11_-Processing-Data---20250626-6681,details
5876,RM6187-Joint-Schedule-11_-Processing-Data---20250626-6689,details
5877,RM6187-Joint-Schedule-11_-Processing-Data---20250626-6697,details
5878,RM6187-Joint-Schedule-11_-Processing-Data---20250626-6712,details
5879,RM6187-Joint-Schedule-11_-Processing-Data---20250626-6713,details
5880,RM6187-Joint-Schedule-11_-Processing-Data---20250626-6715,details
5881,RM6187-Joint-Schedule-11_-Processing-Data---20250626-6737,details
5882,RM6187-Joint-Schedule-1_-Definitions---20250626-6742,details
5883,RM6187-Framework-Schedule-8_-Self-Audit-Certificate-1--20250626-6611,details
5884,RM6187-How-to-use-Contractual-Documents--1--20250626-6625,details
5885,RM6187-How-to-use-Contractual-Documents--1--20250626-6628,details
5886,RM6187-How-to-use-Contractual-Documents--1--20250626-6641,details
5887,RM6187-How-to-use-Contractual-Documents--1--20250626-6642,details
5888,RM6187-How-to-use-Contractual-Documents--1--20250626-6646,details
5889,RM6187-How-to-use-Contractual-Documents--1--20250626-6655,details
5890,RM6187-Joint-Schedule-11_-Processing-Data---20250626-6664,details
5891,RM6187-T5-Attachment-1-About-the-Procurement--20250626-7173,details
5892,RM6187-T5-Attachment-1-About-the-Procurement--20250626-7180,details
5893,RM6187-T5-Attachment-1-About-the-Procurement--20250626-7184,details
5894,RM6187-T5-Attachment-1-About-the-Procurement--20250626-7186,details
5895,RM6187-T5-Attachment-1-About-the-Procurement--20250626-7189,details
5896,RM6187-T6-Attachment-2-How-to-Bid-including-Evaluation-Criteria---20250626-7192,details
5897,RM6187-T6-Attachment-2-How-to-Bid-including-Evaluation-Criteria---20250626-7199,details
5898,RM6187-T6-Attachment-2-How-to-Bid-including-Evaluation-Criteria---20250626-7201,details
5899,RM6187-T6-Attachment-2-How-to-Bid-including-Evaluation-Criteria---20250626-7202,details
5900,RM6187-T6-Attachment-2-How-to-Bid-including-Evaluation-Criteria---20250626-7223,details
5901,RM6187-T6-Attachment-2-How-to-Bid-including-Evaluation-Criteria---20250626-7241,details
5902,RM6187-T9-Evaluator-Competency-Profile-1--20250626-7245,details
5903,RM6187-T9-Evaluator-Competency-Profile-1--20250626-7248,details
5904,RM6187_benefits--20250626-7250,details
5905,DPS-Core-Terms-v103-1--20250626-7257,details
5906,RM6187-T2-Attachment-3-Statement-of-Requirements-docx--20250626-7070,details
5907,RM6187-T3-Non-Disclosure-Agreement-NDA--20250626-7076,details
5908,RM6187-T3-Non-Disclosure-Agreement-NDA--20250626-7078,details
5909,RM6187-T3-Non-Disclosure-Agreement-NDA--20250626-7091,details
5910,RM6187-T3-Non-Disclosure-Agreement-NDA--20250626-7107,details
5911,RM6187-T3-Non-Disclosure-Agreement-NDA--20250626-7110,details
5912,RM6187-T3-Non-Disclosure-Agreement-NDA--20250626-7113,details
5913,RM6187-T3-Non-Disclosure-Agreement-NDA--20250626-7114,details
5914,RM6187-T3-Non-Disclosure-Agreement-NDA--20250626-7118,details
5915,RM6187-T3-Non-Disclosure-Agreement-NDA--20250626-7122,details
5916,RM6187-T3-Non-Disclosure-Agreement-NDA--20250626-7135,details
5917,RM6187-Joint-Schedule-8_-Guarantee---20250626-6983,details
5918,RM6187-Joint-Schedule-8_-Guarantee---20250626-6997,details
5919,RM6187-Joint-Schedule-8_-Guarantee---20250626-7010,details
5920,RM6187-Joint-Schedule-8_-Guarantee---20250626-7014,details
5921,RM6187-Joint-Schedule-8_-Guarantee---20250626-7017,details
5922,RM6187-T2-Attachment-3-Statement-of-Requirements-docx--20250626-7058,details
5923,RM6187-T2-Attachment-3-Statement-of-Requirements-docx--20250626-7068,details
5924,DPS-Core-Terms-v103-1--20250626-7272,details
5925,DPS-Core-Terms-v103-1--20250626-7276,details
5926,DPS-Core-Terms-v103-1--20250626-7309,details
5927,DPS-Core-Terms-v103-1--20250626-7323,details
5928,DPS-Core-Terms-v103-1--20250626-7334,details
5929,RM6264-Attachment-1-About-the-Procurement-v2--20250626-7369,details
5930,RM6264-DPS-Joint-Schedule-7-Financial-Difficulties-v10--20250626-7679,details
5931,RM6264-DPS-Joint-Schedule-7-Financial-Difficulties-v10--20250626-7681,details
5932,RM6264-DPS-Joint-Schedule-7-Financial-Difficulties-v10--20250626-7684,details
5933,RM6264-DPS-Joint-Schedule-8-Guarantee-v10--20250626-7703,details
5934,RM6264-DPS-Order-Schedule-10-Exit-Management-v10--20250626-7730,details
5935,RM6264-DPS-Order-Schedule-10-Exit-Management-v10--20250626-7735,details
5936,RM6264-DPS-Order-Schedule-10-Exit-Management-v10--20250626-7740,details
5937,RM6264-DPS-Order-Schedule-10-Exit-Management-v10--20250626-7749,details
5938,RM6264-DPS-Order-Schedule-11-Installation-Works-v10--20250626-7757,details
5939,RM6264-DPS-Order-Schedule-12-Clustering-v10--20250626-7760,details
5940,RM6264-DPS-Order-Schedule-13-Implementation-Plan-and-Testing-v10--20250626-7768,details
5941,RM6264-Attachment-1-About-the-Procurement-v2--20250626-7373,details
5942,RM6264-Attachment-1-About-the-Procurement-v2--20250626-7375,details
5943,RM6264-Attachment-1-About-the-Procurement-v2--20250626-7381,details
5944,RM6264-Attachment-2-How-to-Bid-v1--20250626-7384,details
5945,RM6264-Attachment-2-How-to-Bid-v1--20250626-7394,details
5946,RM6264-Attachment-2-How-to-Bid-v1--20250626-7395,details
5947,RM6264-Attachment-2-How-to-Bid-v1--20250626-7418,details
5948,RM6264-Attachment-2-How-to-Bid-v1--20250626-7425,details
5949,RM6264-Capability-Assessment-Template-v10--20250626-7443,details
5950,RM6264-Customer-user-agreement-v1--20250626-7455,details
5951,RM6264-description--20250626-7460,details
5952,RM6264-DPS-Joint-Schedule-11-Processing-Data-v10--20250626-7581,details
5953,RM6264-DPS-Joint-Schedule-3-Insurance-Requirements-v10--20250626-7599,details
5954,RM6264-DPS-Joint-Schedule-5-Corporate-Social-Responsibility-v10--20250626-7615,details
5955,RM6264-DPS-Joint-Schedule-5-Corporate-Social-Responsibility-v10--20250626-7621,details
5956,RM6264-DPS-Joint-Schedule-6-Key-Subcontractors-v10--20250626-7634,details
5957,RM6264-DPS-Joint-Schedule-7-Financial-Difficulties-v10--20250626-7641,details
5958,RM6264-DPS-Joint-Schedule-7-Financial-Difficulties-v10--20250626-7643,details
5959,RM6264-DPS-Joint-Schedule-7-Financial-Difficulties-v10--20250626-7653,details
5960,RM6264-DPS-Joint-Schedule-7-Financial-Difficulties-v10--20250626-7666,details
5961,RM6264-DPS-Joint-Schedule-7-Financial-Difficulties-v10--20250626-7670,details
5962,RM6264-DPS-Buyer-Guide-v30--20250626-7475,details
5963,RM6264-DPS-Joint-Schedule-11-Processing-Data-v10--20250626-7534,details
5964,RM6264-DPS-Joint-Schedule-11-Processing-Data-v10--20250626-7536,details
5965,RM6264-DPS-Joint-Schedule-11-Processing-Data-v10--20250626-7545,details
5966,RM6264-DPS-Joint-Schedule-11-Processing-Data-v10--20250626-7552,details
5967,RM6264-DPS-Joint-Schedule-11-Processing-Data-v10--20250626-7555,details
5968,RM6264-DPS-Joint-Schedule-11-Processing-Data-v10--20250626-7563,details
5969,RM6264-DPS-Order-Schedule-17-MOD-Terms-V10--20250626-7878,details
5970,RM6264-DPS-Order-Schedule-2-Staff-Transfer-v10--20250626-7899,details
5971,RM6264-DPS-Order-Schedule-2-Staff-Transfer-v10--20250626-7901,details
5972,RM6264-DPS-Order-Schedule-2-Staff-Transfer-v10--20250626-7910,details
5973,RM6264-DPS-Order-Schedule-2-Staff-Transfer-v10--20250626-7933,details
5974,RM6264-DPS-Order-Schedule-2-Staff-Transfer-v10--20250626-7942,details
5975,RM6264-DPS-Order-Schedule-2-Staff-Transfer-v10--20250626-7948,details
5976,RM6264-DPS-Order-Schedule-2-Staff-Transfer-v10--20250626-7973,details
5977,RM6264-DPS-Order-Schedule-2-Staff-Transfer-v10--20250626-7974,details
5978,RM6264-DPS-Order-Schedule-13-Implementation-Plan-and-Testing-v10--20250626-7781,details
5979,RM6264-DPS-Order-Schedule-13-Implementation-Plan-and-Testing-v10--20250626-7790,details
5980,RM6264-DPS-Order-Schedule-13-Implementation-Plan-and-Testing-v10--20250626-7795,details
5981,RM6264-DPS-Order-Schedule-13-Implementation-Plan-and-Testing-v10--20250626-7809,details
5982,RM6264-DPS-Order-Schedule-13-Implementation-Plan-and-Testing-v10--20250626-7811,details
5983,RM6264-DPS-Order-Schedule-13-Implementation-Plan-and-Testing-v10--20250626-7818,details
5984,RM6264-DPS-Order-Schedule-14-Service-Levels-v10--20250626-7829,details
5985,RM6264-DPS-Order-Schedule-14-Service-Levels-v10--20250626-7842,details
5986,RM6264-DPS-Order-Schedule-16-Benchmarking-v10--20250626-7858,details
5987,RM6264-DPS-Order-Schedule-21-Northern-Ireland-Law-v10--20250626-8112,details
5988,RM6264-DPS-Order-Schedule-22-Lease-Terms-v10--20250626-8122,details
5989,RM6264-DPS-Order-Schedule-22-Lease-Terms-v10--20250626-8124,details
5990,RM6264-DPS-Order-Schedule-23-HMRC-v10--20250626-8140,details
5991,RM6264-DPS-Order-Schedule-23-HMRC-v10--20250626-8142,details
5992,RM6264-DPS-Order-Schedule-25-Billable-Works-and-Projects-v10--20250626-8155,details
5993,RM6264-DPS-Order-Schedule-26-Buyer-Remedies-for-Default-and-Step-in-Rights-v10--20250626-8178,details
5994,RM6264-DPS-Order-Schedule-2-Staff-Transfer-v10--20250626-7992,details
5995,RM6264-DPS-Order-Schedule-2-Staff-Transfer-v10--20250626-8005,details
5996,RM6264-DPS-Order-Schedule-2-Staff-Transfer-v10--20250626-8031,details
5997,RM6264-DPS-Order-Schedule-2-Staff-Transfer-v10--20250626-8042,details
5998,RM6264-DPS-Order-Schedule-2-Staff-Transfer-v10--20250626-8074,details
5999,RM6264-DPS-Schedule-1-Specification-v10--20250626-8484,details
6000,RM6264-DPS-Schedule-1-Specification-v10--20250626-8494,details
6001,RM6264-DPS-Schedule-1-Specification-v10--20250626-8508,details
6002,RM6264-DPS-Schedule-1-Specification-v10--20250626-8523,details
6003,RM6264-DPS-Schedule-1-Specification-v10--20250626-8525,details
6004,RM6264-DPS-Schedule-1-Specification-v10--20250626-8532,details
6005,RM6264-DPS-Schedule-1-Specification-v10--20250626-8545,details
6006,RM6264-DPS-Schedule-1-Specification-v10--20250626-8548,details
6007,RM6264-DPS-Schedule-1-Specification-v10--20250626-8568,details
6008,RM6264-DPS-Schedule-1-Specification-v10--20250626-8575,details
6009,RM6264-DPS-Schedule-1-Specification-v10--20250626-8578,details
6010,RM6264-DPS-Schedule-1-Specification-v10--20250626-8582,details
6011,RM6264-DPS-Order-Schedule-8-Business-Continuity-and-Disaster-Recovery-v10--20250626-8283,details
6012,RM6264-DPS-Order-Schedule-8-Business-Continuity-and-Disaster-Recovery-v10--20250626-8301,details
6013,RM6264-DPS-Order-Schedule-8-Business-Continuity-and-Disaster-Recovery-v10--20250626-8304,details
6014,RM6264-DPS-Order-Schedule-8-Business-Continuity-and-Disaster-Recovery-v10--20250626-8317,details
6015,RM6264-DPS-Order-Schedule-8-Business-Continuity-and-Disaster-Recovery-v10--20250626-8318,details
6016,RM6264-DPS-Order-Schedule-8-Business-Continuity-and-Disaster-Recovery-v10--20250626-8321,details
6017,RM6264-DPS-Order-Schedule-8-Business-Continuity-and-Disaster-Recovery-v10--20250626-8326,details
6018,RM6264-DPS-Order-Schedule-8-Business-Continuity-and-Disaster-Recovery-v10--20250626-8331,details
6019,RM6264-DPS-Order-Schedule-9-Security-v10--20250626-8341,details
6020,RM6264-DPS-Order-Schedule-9-Security-v10--20250626-8348,details
6021,RM6264-DPS-Order-Schedule-9-Security-v10--20250626-8350,details
6022,RM6264-DPS-Order-Schedule-9-Security-v10--20250626-8369,details
6023,RM6264-DPS-Order-Schedule-27-Construction-Contracts-v10--20250626-8181,details
6024,RM6264-DPS-Order-Schedule-27-Construction-Contracts-v10--20250626-8183,details
6025,RM6264-DPS-Order-Schedule-3-Continuous-Improvement-v10--20250626-8197,details
6026,RM6264-DPS-Order-Schedule-5-Pricing-Details-v10--20250626-8224,details
6027,RM6264-DPS-Order-Schedule-6-ICT-Services-v10--20250626-8255,details
6028,RM6264-DPS-Order-Schedule-7-Key-Supplier-Staff-v10--20250626-8272,details
6029,RM6264-DPS-Order-Schedule-8-Business-Continuity-and-Disaster-Recovery-v10--20250626-8276,details
6030,RM6264-DPS-Order-Schedule-9-Security-v10--20250626-8410,details
6031,RM6264-DPS-Schedule-1-Specification-v10--20250626-8433,details
6032,RM6264-DPS-Schedule-1-Specification-v10--20250626-8461,details
6033,Help_end_modern_slavery_with_your_buying_decisions--20250626-8893,startup
6034,Help_end_modern_slavery_with_your_buying_decisions--20250626-8896,startup
6035,How_to_buy_through_Contract_Award_Service--20250626-8899,startup
6036,How_to_buy_through_Contract_Award_Service--20250626-8903,startup
6037,How_to_supply_through_Crown_Commercial_Service--20250626-8922,startup
6038,Were_here_to_help_you_buy_more_sustainably--20250626-8941,startup
6039,Were_here_to_help_you_buy_more_sustainably--20250626-8942,startup
6040,What_is_social_value--20250626-8946,startup
6041,Digital_Outcomes_6--20250626-8956,recommendation
6042,G-Cloud_14--20250626-8957,recommendation
6043,Apprenticeship_Training_Dynamic_Marketplace--20250626-8967,recommendation
6044,Network_Services_3--20250626-8968,recommendation
6045,Workforce_Improvement_Services--20250626-8978,recommendation
6046,Automation_Marketplace_DPS--20250626-8983,recommendation
6047,Multifunctional_Devices_MFDs_Print_and_Digital_Workflow_Software_Services_and--20250626-8984,recommendation
6048,RM6264-DPS-Schedule-1-Specification-v10--20250626-8717,details
6049,RM6264-DPS-Schedule-4-DPS-Management-v10-1--20250626-8720,details
6050,RM6264-DPS-Schedule-4-DPS-Management-v10-1--20250626-8728,details
6051,RM6264-DPS-Schedule-4-DPS-Management-v10-1--20250626-8738,details
6052,RM6264-DPS-Schedule-5-Management-Levy-and-Information-v10-1--20250626-8754,details
6053,RM6264-DPS-Schedule-6-Order-form-template-and-order-schedules-v10--20250626-8765,details
6054,RM6264-DPS-Schedule-6-Order-form-template-and-order-schedules-v10--20250626-8767,details
6055,RM6264-DPS-Schedule-7-Order-Procedure-v10--20250626-8786,details
6056,RM6264-DPS-Schedule-1-Specification-v10--20250626-8601,details
6057,RM6264-DPS-Schedule-1-Specification-v10--20250626-8608,details
6058,RM6264-DPS-Schedule-1-Specification-v10--20250626-8626,details
6059,RM6264-DPS-Schedule-1-Specification-v10--20250626-8640,details
6060,RM6264-DPS-Schedule-1-Specification-v10--20250626-8664,details
6061,RM6264-DPS-Schedule-1-Specification-v10--20250626-8670,details
6062,RM6264-DPS-Schedule-7-Order-Procedure-v10--20250626-8805,details
6063,Become_a_supplier_on_a_Crown_Commercial_Service_framework_agreement--20250626-8835,startup
6064,Become_a_supplier_on_a_Crown_Commercial_Service_framework_agreement--20250626-8844,startup
6065,Helping_your_carbon_net_zero_CNZ_journey--20250626-8881,startup
6066,Rail_Legal_Services--20250626-8998,recommendation
6067,Audio_Visual_Technical_Consultancy__Commissioning--20250626-9002,recommendation
6068,Supply_Teachers_and_Temporary_Staffing_STaTS--20250626-9008,recommendation
6069,National_Framework_for_the_Provision_of_Clinical_and_Healthcare_Staffing--20250626-9032,recommendation
6070,Provision_of_Power_Purchase_Agreement--20250626-9037,recommendation
6071,Office_Solutions--20250626-9042,recommendation
6072,Demand_Management__Renewables_Framework--20250626-9049,recommendation
6073,HSCN_DPS--20250626-9069,recommendation
6074,Construction_Works_and_Associated_Services--20250626-9070,recommendation
6075,Communications_Marketplace--20250626-9080,recommendation
6076,Records_Information_Management_Digital_Solutions_and_Associated_Services--20250626-9095,recommendation
6077,Outsourced_Contact_Centre_and_Business_Services--20250626-9097,recommendation
6078,Trade_Law_Panel--20250626-9098,recommendation
6079,Vehicle_Charging_Infrastructure_Solutions_VCIS--20250626-9108,recommendation
6080,Construction_Professional_Services_DPS--20250626-9120,recommendation
6081,Security_-_Physical_Technical_and_Support_Services--20250626-9125,recommendation
6082,Insourced_Services_to_Support_the_Provision_of_Healthcare_including_Clinical_In--20250626-9136,recommendation
6083,Buying_Better_Food_and_Drink--20250626-9139,recommendation
6084,Workforce_Solutions--20250626-9145,recommendation
6085,Provision_of_Power_Purchase_Agreement--20250626-9146,recommendation
6086,Demand_Management__Renewables_DPS--20250626-9157,recommendation
6087,Vehicle_Telematics_Solutions--20250626-9159,recommendation
6088,Fund_Administration__Disbursement_Services_DPS_FAADS--20250626-9160,recommendation
6089,Healthcare_Soft_FM--20250626-9164,recommendation
6090,Print_Marketplace_2--20250626-9173,recommendation
6091,Technology_Products__Associated_Services_2--20250626-9175,details
6092,7319-23-Supplier-marketing-toolkit-1--20250626-4,details
6093,How_to_buy_steps_RM1043_8--20250626-18,details
6094,RM10438-DOS-6-Buyer-Guide-v11--20250626-38,details
6095,RM10438-DOS-6-Buyer-Guide-v11--20250626-52,details
6096,RM10438-DOS-6-Buyer-Guide-v11--20250626-65,details
6097,RM10438-DOS-6-Buyer-Guide-v11--20250626-68,details
6098,RM10438-key-changes-DOS5-to-DOS6--20250626-75,details
6099,RM10438-key-changes-DOS5-to-DOS6--20250626-77,details
6100,RM10438-key-changes-DOS5-to-DOS6--20250626-78,details
6101,RM10438_Call-Off-Schedule-1-Transparency-Reports-v10--20250626-95,details
6102,RM10438_Call-Off-Schedule-1-Transparency-Reports-v10--20250626-96,details
6103,RM10438_Call-Off-Schedule-1-Transparency-Reports-v10--20250626-98,details
6104,RM10438_Call-Off-Schedule-13-Implementation-Plan-and-Testing-v10--20250626-205,details
6105,RM10438_Call-Off-Schedule-13-Implementation-Plan-and-Testing-v10--20250626-218,details
6106,RM10438_Call-Off-Schedule-14-Service-Levels-and-Balanced-Scorecard-v10--20250626-222,details
6107,RM10438_Call-Off-Schedule-14-Service-Levels-and-Balanced-Scorecard-v10--20250626-236,details
6108,RM10438_Call-Off-Schedule-14-Service-Levels-and-Balanced-Scorecard-v10--20250626-237,details
6109,RM10438_Call-Off-Schedule-14-Service-Levels-and-Balanced-Scorecard-v10--20250626-247,details
6110,RM10438_Call-Off-Schedule-14-Service-Levels-and-Balanced-Scorecard-v10--20250626-258,details
6111,RM10438_Call-Off-Schedule-15-Call-Off-Contract-Management-v10--20250626-264,details
6112,RM10438_Call-Off-Schedule-15-Call-Off-Contract-Management-v10--20250626-269,details
6113,RM10438_Call-Off-Schedule-16-Benchmarking-v10--20250626-277,details
6114,RM10438_Call-Off-Schedule-16-Benchmarking-v10--20250626-289,details
6115,RM10438_Call-Off-Schedule-18-Background-Checks-v10--20250626-312,details
6116,RM10438_Call-Off-Schedule-2-Staff-Transfer-v10--20250626-342,details
6117,RM10438_Call-Off-Schedule-2-Staff-Transfer-v10--20250626-343,details
6118,RM10438_Call-Off-Schedule-2-Staff-Transfer-v10--20250626-346,details
6119,RM10438_Call-Off-Schedule-2-Staff-Transfer-v10--20250626-350,details
6120,RM10438_Call-Off-Schedule-2-Staff-Transfer-v10--20250626-351,details
6121,RM10438_Call-Off-Schedule-2-Staff-Transfer-v10--20250626-362,details
6122,RM10438_Call-Off-Schedule-2-Staff-Transfer-v10--20250626-380,details
6123,RM10438_Call-Off-Schedule-2-Staff-Transfer-v10--20250626-398,details
6124,RM10438_Call-Off-Schedule-2-Staff-Transfer-v10--20250626-430,details
6125,RM10438_Call-Off-Schedule-2-Staff-Transfer-v10--20250626-434,details
6126,RM10438_Call-Off-Schedule-2-Staff-Transfer-v10--20250626-436,details
6127,RM10438_Call-Off-Schedule-2-Staff-Transfer-v10--20250626-437,details
6128,RM10438_Call-Off-Schedule-2-Staff-Transfer-v10--20250626-452,details
6129,RM10438_Call-Off-Schedule-2-Staff-Transfer-v10--20250626-466,details
6130,RM10438_Call-Off-Schedule-2-Staff-Transfer-v10--20250626-471,details
6131,RM10438_Call-Off-Schedule-2-Staff-Transfer-v10--20250626-480,details
6132,RM10438_Call-Off-Schedule-2-Staff-Transfer-v10--20250626-500,details
6133,RM10438_Call-Off-Schedule-10-Exit-Management-v10--20250626-108,details
6134,RM10438_Call-Off-Schedule-10-Exit-Management-v10--20250626-112,details
6135,RM10438_Call-Off-Schedule-10-Exit-Management-v10--20250626-136,details
6136,RM10438_Call-Off-Schedule-13-Implementation-Plan-and-Testing-v10--20250626-154,details
6137,RM10438_Call-Off-Schedule-13-Implementation-Plan-and-Testing-v10--20250626-161,details
6138,RM10438_Call-Off-Schedule-13-Implementation-Plan-and-Testing-v10--20250626-182,details
6139,RM10438_Call-Off-Schedule-13-Implementation-Plan-and-Testing-v10--20250626-190,details
6140,RM10438_Call-Off-Schedule-9-Security-v20--20250626-812,details
6141,RM10438_Call-Off-Schedule-9-Security-v20--20250626-822,details
6142,RM10438_Call-Off-Schedule-9-Security-v20--20250626-826,details
6143,RM10438_Call-Off-Schedule-9-Security-v20--20250626-836,details
6144,RM10438_Call-Off-Schedule-9-Security-v20--20250626-851,details
6145,RM10438_Call-Off-Schedule-9-Security-v20--20250626-855,details
6146,RM10438_Call-Off-Schedule-9-Security-v20--20250626-860,details
6147,RM10438_Call-Off-Schedule-9-Security-v20--20250626-872,details
6148,RM10438_Call-Off-Schedule-9-Security-v20--20250626-876,details
6149,RM10438_Call-Off-Schedule-9-Security-v20--20250626-881,details
6150,RM10438_Call-Off-Schedule-9-Security-v20--20250626-889,details
6151,RM10438_Call-Off-Schedule-9-Security-v20--20250626-891,details
6152,RM10438_Call-Off-Schedule-9-Security-v20--20250626-905,details
6153,RM10438_Core-Terms-v3011--20250626-906,details
6154,RM10438_Core-Terms-v3011--20250626-907,details
6155,RM10438_Call-Off-Schedule-5-Pricing-Details-and-Expenses-Policy-v10--20250626-721,details
6156,RM10438_Call-Off-Schedule-5-Pricing-Details-and-Expenses-Policy-v10--20250626-723,details
6157,RM10438_Call-Off-Schedule-6-Intellectual-Property-Rights-and-Additional-Terms-on-Digital-Deliverables-v10--20250626-725,details
6158,RM10438_Call-Off-Schedule-6-Intellectual-Property-Rights-and-Additional-Terms-on-Digital-Deliverables-v10--20250626-735,details
6159,RM10438_Call-Off-Schedule-6-Intellectual-Property-Rights-and-Additional-Terms-on-Digital-Deliverables-v10--20250626-736,details
6160,RM10438_Call-Off-Schedule-6-Intellectual-Property-Rights-and-Additional-Terms-on-Digital-Deliverables-v10--20250626-741,details
6161,RM10438_Call-Off-Schedule-6-Intellectual-Property-Rights-and-Additional-Terms-on-Digital-Deliverables-v10--20250626-763,details
6162,RM10438_Call-Off-Schedule-8-Business-Continuity-and-Disaster-Recovery-v10--20250626-782,details
6163,RM10438_Call-Off-Schedule-8-Business-Continuity-and-Disaster-Recovery-v10--20250626-789,details
6164,RM10438_Call-Off-Schedule-8-Business-Continuity-and-Disaster-Recovery-v10--20250626-795,details
6165,RM10438_Call-Off-Schedule-8-Business-Continuity-and-Disaster-Recovery-v10--20250626-799,details
6166,RM10438_Call-Off-Schedule-8-Business-Continuity-and-Disaster-Recovery-v10--20250626-806,details
6167,RM10438_Call-Off-Schedule-23-HMRC-Terms-v10--20250626-628,details
6168,RM10438_Call-Off-Schedule-25-Ethical-Walls-Agreement-v20--20250626-651,details
6169,RM10438_Call-Off-Schedule-25-Ethical-Walls-Agreement-v20--20250626-659,details
6170,RM10438_Call-Off-Schedule-25-Ethical-Walls-Agreement-v20--20250626-669,details
6171,RM10438_Call-Off-Schedule-25-Ethical-Walls-Agreement-v20--20250626-673,details
6172,RM10438_Call-Off-Schedule-25-Ethical-Walls-Agreement-v20--20250626-683,details
6173,RM10438_Call-Off-Schedule-25-Ethical-Walls-Agreement-v20--20250626-687,details
6174,RM10438_Call-Off-Schedule-2-Staff-Transfer-v10--20250626-515,details
6175,RM10438_Call-Off-Schedule-2-Staff-Transfer-v10--20250626-516,details
6176,RM10438_Call-Off-Schedule-2-Staff-Transfer-v10--20250626-535,details
6177,RM10438_Call-Off-Schedule-2-Staff-Transfer-v10--20250626-539,details
6178,RM10438_Call-Off-Schedule-2-Staff-Transfer-v10--20250626-553,details
6179,RM10438_Framework-Award-Form-v20-1--20250626-1012,details
6180,RM10438_Framework-Award-Form-v20-1--20250626-1017,details
6181,RM10438_Framework-Award-Form-v20-1--20250626-1028,details
6182,RM10438_Framework-Award-Form-v20-1--20250626-1033,details
6183,RM10438_Framework-Schedule-1-Specification-v10-1--20250626-1058,details
6184,RM10438_Framework-Schedule-1-Specification-v10-1--20250626-1061,details
6185,RM10438_Framework-Schedule-1-Specification-v10-1--20250626-1065,details
6186,RM10438_Framework-Schedule-1-Specification-v10-1--20250626-1075,details
6187,RM10438_Framework-Schedule-3-Framework-Prices-v10-1--20250626-1080,details
6188,RM10438_Framework-Schedule-3-Framework-Prices-v10-1--20250626-1094,details
6189,RM10438_Framework-Schedule-4-Framework-Management-v10--20250626-1109,details
6190,RM10438_Core-Terms-v3011--20250626-913,details
6191,RM10438_Core-Terms-v3011--20250626-918,details
6192,RM10438_Core-Terms-v3011--20250626-924,details
6193,RM10438_Core-Terms-v3011--20250626-926,details
6194,RM10438_Core-Terms-v3011--20250626-943,details
6195,RM10438_Core-Terms-v3011--20250626-946,details
6196,RM10438_Core-Terms-v3011--20250626-961,details
6197,RM10438_Core-Terms-v3011--20250626-977,details
6198,RM10438_Core-Terms-v3011--20250626-979,details
6199,RM10438_Core-Terms-v3011--20250626-983,details
6200,RM10438_Framework-Award-Form-v20-1--20250626-1007,details
6201,RM10438_Framework-Schedule-6-Order-Form-Template-Statement-of-Work-Template-and-Call-Off-Schedules-v20--20250626-1230,details
6202,RM10438_Framework-Schedule-7-Call-Off-Award-Procedure-v10--20250626-1270,details
6203,RM10438_Framework-Schedule-7-Call-Off-Award-Procedure-v10--20250626-1271,details
6204,RM10438_Framework-Schedule-8-Self-Audit-Certificate-v10--20250626-1282,details
6205,RM10438_Joint-Schedule-1-Definitions-v10--20250626-1308,details
6206,RM10438_Joint-Schedule-1-Definitions-v10--20250626-1310,details
6207,RM10438_Framework-Schedule-5-Management-Charges-and-Information-v20--20250626-1140,details
6208,RM10438_Framework-Schedule-6-Order-Form-Template-Statement-of-Work-Template-and-Call-Off-Schedules-v20_1--20250626-1180,details
6209,RM10438_Framework-Schedule-6-Order-Form-Template-Statement-of-Work-Template-and-Call-Off-Schedules-v20--20250626-1203,details
6210,RM10438_Joint-Schedule-3-Insurance-Requirements-v10--20250626-1530,details
6211,RM10438_Joint-Schedule-6-Key-Subcontractors-v10--20250626-1550,details
6212,RM10438_Joint-Schedule-8-Guarantee-v10--20250626-1579,details
6213,RM10438_Joint-Schedule-8-Guarantee-v10--20250626-1581,details
6214,RM10438_Joint-Schedule-8-Guarantee-v10--20250626-1584,details
6215,RM10438_Joint-Schedule-8-Guarantee-v10--20250626-1589,details
6216,RM10438_Joint-Schedule-8-Guarantee-v10--20250626-1591,details
6217,RM10438_Joint-Schedule-8-Guarantee-v10--20250626-1592,details
6218,RM10438_Joint-Schedule-8-Guarantee-v10--20250626-1601,details
6219,RM10438_Joint-Schedule-1-Definitions-v10--20250626-1419,details
6220,RM10438_Joint-Schedule-11-Processing-Data-v10--20250626-1444,details
6221,RM10438_Joint-Schedule-11-Processing-Data-v10--20250626-1449,details
6222,RM10438_Joint-Schedule-11-Processing-Data-v10--20250626-1474,details
6223,RM10438_Joint-Schedule-11-Processing-Data-v10--20250626-1482,details
6224,RM10438_Joint-Schedule-11-Processing-Data-v10--20250626-1495,details
6225,RM10438_Joint-Schedule-12-Supply-Chain-Visibility-v10--20250626-1502,details
6226,RM10438_Joint-Schedule-12-Supply-Chain-Visibility-v10--20250626-1508,details
6227,RM10438_Joint-Schedule-1-Definitions-v10--20250626-1316,details
6228,RM10438_Joint-Schedule-1-Definitions-v10--20250626-1333,details
6229,RM10438_Joint-Schedule-1-Definitions-v10--20250626-1347,details
6230,RM10438_Joint-Schedule-1-Definitions-v10--20250626-1349,details
6231,RM10438_Joint-Schedule-1-Definitions-v10--20250626-1401,details
6232,RM10438_Joint-Schedule-1-Definitions-v10--20250626-1413,details
6233,RM6098-Aggregation-case-studies-v4-1--20250626-1648,details
6234,RM6098-Buyer-guidance-to-the-public-sector-contract-v41_1--20250626-1681,details
6235,RM6098-Buyer-guidance-to-the-public-sector-contract-v41_1--20250626-1694,details
6236,RM6098-Buyer-guidance-to-the-public-sector-contract-v41_1--20250626-1709,details
6237,RM6098-Call-Off-Schedule-13-Implementation-Plan-and-Testing-v10--20250626-1922,details
6238,RM6098-Call-Off-Schedule-13-Implementation-Plan-and-Testing-v10--20250626-1927,details
6239,RM6098-Call-Off-Schedule-13-Implementation-Plan-and-Testing-v10--20250626-1930,details
6240,RM6098-Call-Off-Schedule-13-Implementation-Plan-and-Testing-v10--20250626-1938,details
6241,RM6098-Call-Off-Schedule-14-Service-Levels-v10--20250626-1949,details
6242,RM6098-Call-Off-schedule-17-MOD-terms-v11--20250626-1985,details
6243,RM6098-Call-Off-schedule-17-MOD-terms-v11--20250626-1986,details
6244,RM6098-Call-Off-schedule-17-MOD-terms-v11--20250626-1987,details
6245,RM6098-Call-Off-schedule-17-MOD-terms-v11--20250626-1991,details
6246,RM6098-Call-Off-Schedule-19-Scottish-Law-v10--20250626-1999,details
6247,RM6098-Call-Off-Schedule-2-Staff-Transfer-v10-1--20250626-2005,details
6248,RM6098-Call-Off-Schedule-2-Staff-Transfer-v10-1--20250626-2013,details
6249,RM6098-Call-Off-Schedule-2-Staff-Transfer-v10-1--20250626-2019,details
6250,RM6098-Buyer-guidance-to-the-public-sector-contract-v41_1--20250626-1734,details
6251,RM6098-Buyer-guide-v81_1--20250626-1750,details
6252,RM6098-Buyer-guide-v81_1--20250626-1754,details
6253,RM6098-Buyer-guide-v81_1--20250626-1764,details
6254,RM6098-Buyer-guide-v81_1--20250626-1779,details
6255,RM6098-Buyer-guide-v81_1--20250626-1790,details
6256,RM6098-Buyer-guide-v81_1--20250626-1794,details
6257,RM6098-Buyer-guide-v81_1--20250626-1798,details
6258,RM6098-Buyer-guide-v81_1--20250626-1799,details
6259,RM6098-Buyer-guide-v81_1--20250626-1803,details
6260,RM6098-Buyer-guide-v81_1--20250626-1809,details
6261,RM6098-Buyer-guide-v81_1--20250626-1814,details
6262,RM6098-Call-Off-Schedule-10-Exit-Management-v20--20250626-1842,details
6263,RM6098-Call-Off-Schedule-10-Exit-Management-v20--20250626-1857,details
6264,RM6098-Call-Off-Schedule-10-Exit-Management-v20--20250626-1867,details
6265,RM6098-Call-Off-Schedule-10-Exit-Management-v20--20250626-1873,details
6266,RM6098-Call-Off-Schedule-13-Implementation-Plan-and-Testing-v10--20250626-1893,details
6267,RM6098-Call-Off-Schedule-13-Implementation-Plan-and-Testing-v10--20250626-1896,details
6268,RM6098-Call-Off-Schedule-13-Implementation-Plan-and-Testing-v10--20250626-1903,details
6269,RM6098-Call-Off-Schedule-13-Implementation-Plan-and-Testing-v10--20250626-1905,details
6270,RM6098-Call-Off-Schedule-13-Implementation-Plan-and-Testing-v10--20250626-1908,details
6271,RM6098-Call-Off-Schedule-13-Implementation-Plan-and-Testing-v10--20250626-1918,details
6272,RM6098-Call-Off-Schedule-2-Staff-Transfer-v10-1--20250626-2029,details
6273,RM6098-Call-Off-Schedule-2-Staff-Transfer-v10-1--20250626-2032,details
6274,RM6098-Call-Off-Schedule-2-Staff-Transfer-v10-1--20250626-2034,details
6275,RM6098-Call-Off-Schedule-2-Staff-Transfer-v10-1--20250626-2039,details
6276,RM6098-Call-Off-Schedule-2-Staff-Transfer-v10-1--20250626-2075,details
6277,RM6098-Call-Off-Schedule-2-Staff-Transfer-v10-1--20250626-2118,details
6278,RM6098-Call-Off-Schedule-2-Staff-Transfer-v10-1--20250626-2120,details
6279,RM6098-Call-Off-Schedule-22-Lease-Terms-FINANCIAL-LEASE-v11--20250626-2323,details
6280,RM6098-Call-Off-Schedule-22-Lease-Terms-FINANCIAL-LEASE-v11--20250626-2327,details
6281,RM6098-Call-Off-Schedule-22-Lease-Terms-FINANCIAL-LEASE-v11--20250626-2339,details
6282,RM6098-Call-Off-Schedule-22-Lease-Terms-FINANCIAL-LEASE-v11--20250626-2351,details
6283,RM6098-Call-Off-Schedule-22-Lease-Terms-OPERATIONAL-LEASE-v11--20250626-2355,details
6284,RM6098-Call-Off-Schedule-22-Lease-Terms-OPERATIONAL-LEASE-v11--20250626-2401,details
6285,RM6098-Call-Off-Schedule-22-Lease-Terms-OPERATIONAL-LEASE-v11--20250626-2409,details
6286,RM6098-Call-Off-Schedule-22-Lease-Terms-OPERATIONAL-LEASE-v11--20250626-2410,details
6287,RM6098-Call-Off-Schedule-22-Lease-Terms-OPERATIONAL-LEASE-v11--20250626-2412,details
6288,RM6098-Call-Off-Schedule-22-Lease-Terms-OPERATIONAL-LEASE-v11--20250626-2419,details
6289,RM6098-Call-Off-Schedule-21-Northern-Ireland-Law-v10--20250626-2222,details
6290,RM6098-Call-Off-Schedule-21-Northern-Ireland-Law-v10--20250626-2225,details
6291,RM6098-Call-Off-Schedule-22-Lease-Terms-FINANCIAL-LEASE-v11--20250626-2259,details
6292,RM6098-Call-Off-Schedule-22-Lease-Terms-FINANCIAL-LEASE-v11--20250626-2274,details
6293,RM6098-Call-Off-Schedule-22-Lease-Terms-FINANCIAL-LEASE-v11--20250626-2280,details
6294,RM6098-Call-Off-Schedule-22-Lease-Terms-FINANCIAL-LEASE-v11--20250626-2284,details
6295,RM6098-Call-Off-Schedule-22-Lease-Terms-FINANCIAL-LEASE-v11--20250626-2301,details
6296,RM6098-Call-Off-Schedule-2-Staff-Transfer-v10-1--20250626-2127,details
6297,RM6098-Call-Off-Schedule-2-Staff-Transfer-v10-1--20250626-2133,details
6298,RM6098-Call-Off-Schedule-2-Staff-Transfer-v10-1--20250626-2171,details
6299,RM6098-Call-Off-Schedule-2-Staff-Transfer-v10-1--20250626-2179,details
6300,RM6098-Call-Off-Schedule-2-Staff-Transfer-v10-1--20250626-2215,details
6301,RM6098-Call-Off-Schedule-22-Lease-Terms-OPERATIONAL-LEASE-v11--20250626-2463,details
6302,RM6098-Call-Off-Schedule-22-Lease-Terms-OPERATIONAL-LEASE-v11--20250626-2464,details
6303,RM6098-Call-Off-Schedule-22-Lease-Terms-v21--20250626-2503,details
6304,RM6098-Call-Off-Schedule-22-Lease-Terms-v21--20250626-2522,details
6305,RM6098-Call-Off-Schedule-3-Continuous-Improvement-v10--20250626-2630,details
6306,RM6098-Call-Off-Schedule-5-Pricing-Details-v10--20250626-2632,details
6307,RM6098-Call-Off-Schedule-6-Annex-E-As-a-Service-additional-terms-v20--20250626-2633,details
6308,RM6098-Call-Off-Schedule-6-Annex-E-As-a-Service-additional-terms-v20--20250626-2642,details
6309,RM6098-Call-Off-Schedule-6-Annex-E-As-a-Service-additional-terms-v20--20250626-2646,details
6310,RM6098-Call-Off-Schedule-6-Annex-E-As-a-Service-additional-terms-v20--20250626-2647,details
6311,RM6098-Call-Off-Schedule-6-Annex-E-As-a-Service-additional-terms-v20--20250626-2666,details
6312,RM6098-Call-Off-Schedule-6-Annex-E-As-a-Service-additional-terms-v20--20250626-2668,details
6313,RM6098-Call-Off-Schedule-6-Annex-E-As-a-Service-additional-terms-v20--20250626-2675,details
6314,RM6098-Call-Off-Schedule-6-Annex-E-As-a-Service-additional-terms-v20--20250626-2682,details
6315,RM6098-Call-Off-Schedule-6-Annex-E-As-a-Service-additional-terms-v20--20250626-2686,details
6316,RM6098-Call-Off-Schedule-6-Annex-E-As-a-Service-additional-terms-v20--20250626-2688,details
6317,RM6098-Call-Off-Schedule-6-Annex-E-As-a-Service-additional-terms-v20--20250626-2712,details
6318,RM6098-Call-Off-Schedule-6-Annex-E-As-a-Service-additional-terms-v20--20250626-2713,details
6319,RM6098-Call-Off-Schedule-6-Annex-E-As-a-Service-additional-terms-v20--20250626-2724,details
6320,RM6098-Call-Off-Schedule-6-Annex-E-As-a-Service-additional-terms-v20--20250626-2728,details
6321,RM6098-Call-Off-Schedule-6-Annex-E-As-a-Service-additional-terms-v20--20250626-2730,details
6322,RM6098-Call-Off-Schedule-6-Annex-E-As-a-Service-additional-terms-v20--20250626-2737,details
6323,RM6098-Call-Off-Schedule-6-ICT-Services-v20-1--20250626-2766,details
6324,RM6098-Call-Off-Schedule-6-ICT-Services-v20-1--20250626-2774,details
6325,RM6098-Call-Off-Schedule-6-ICT-Services-v20-1--20250626-2783,details
6326,RM6098-Call-Off-Schedule-8-Business-Continuity-and-Disaster-Recovery-v10--20250626-2822,details
6327,RM6098-Call-Off-Schedule-8-Business-Continuity-and-Disaster-Recovery-v10--20250626-2825,details
6328,RM6098-Call-Off-Schedule-22-Lease-Terms-v21--20250626-2534,details
6329,RM6098-Call-Off-Schedule-22-Lease-Terms-v21--20250626-2554,details
6330,RM6098-Call-Off-Schedule-22-Lease-Terms-v21--20250626-2572,details
6331,RM6098-Call-Off-Schedule-23-HMRC-Terms-v10--20250626-2614,details
6332,RM6098-Call-Off-Schedule-23-HMRC-Terms-v10--20250626-2616,details
6333,RM6098-Call-Off-Schedule-8-Business-Continuity-and-Disaster-Recovery-v10--20250626-2840,details
6334,RM6098-Call-Off-Schedule-8-Business-Continuity-and-Disaster-Recovery-v10--20250626-2864,details
6335,RM6098-Call-Off-Schedule-9-Security-v10--20250626-2900,details
6336,RM6098-Call-Off-Schedule-9-Security-v10--20250626-2928,details
6337,RM6098-Framework-schedule-1-specification-v41--20250626-3251,details
6338,RM6098-Framework-schedule-1-specification-v41--20250626-3255,details
6339,RM6098-Framework-schedule-1-specification-v41--20250626-3259,details
6340,RM6098-Framework-schedule-1-specification-v41--20250626-3266,details
6341,RM6098-Framework-schedule-1-specification-v41--20250626-3274,details
6342,RM6098-Framework-Schedule-3-Framework-Prices-v20--20250626-3288,details
6343,RM6098-Framework-Schedule-4-Framework-Management-v20--20250626-3292,details
6344,RM6098-Framework-Schedule-4-Framework-Management-v20--20250626-3299,details
6345,RM6098-Framework-Schedule-4-Framework-Management-v20--20250626-3302,details
6346,RM6098-Framework-Schedule-4-Framework-Management-v20--20250626-3304,details
6347,RM6098-Framework-Schedule-4-Framework-Management-v20--20250626-3306,details
6348,RM6098-Framework-Schedule-4-Framework-Management-v20--20250626-3314,details
6349,RM6098-Framework-Schedule-5-Management-Charges-and-Information-v10--20250626-3324,details
6350,RM6098-Expression-of-interest-template-v2--20250626-3140,details
6351,RM6098-Framework-Award-Form-v20--20250626-3146,details
6352,RM6098-Framework-Award-Form-v20--20250626-3154,details
6353,RM6098-Framework-Award-Form-v20--20250626-3160,details
6354,RM6098-Framework-schedule-1-specification-v41--20250626-3182,details
6355,RM6098-Framework-schedule-1-specification-v41--20250626-3187,details
6356,RM6098-Framework-schedule-1-specification-v41--20250626-3196,details
6357,RM6098-Core-terms-v3011-1--20250626-3040,details
6358,RM6098-Core-terms-v3011-1--20250626-3053,details
6359,RM6098-Core-terms-v3011-1--20250626-3079,details
6360,RM6098-Core-terms-v3011-1--20250626-3083,details
6361,RM6098-Core-terms-v3011-1--20250626-3104,details
6362,RM6098-Core-terms-v3011-1--20250626-3107,details
6363,RM6098-Direct-Award-procedure-overview-v61_2--20250626-3110,details
6364,RM6098-Case-studies-v5_2--20250626-2965,details
6365,RM6098-Case-studies-v5_2--20250626-2969,details
6366,RM6098-Case-studies-v5_2--20250626-2990,details
6367,RM6098-Case-studies-v5_2--20250626-3000,details
6368,RM6098-Core-terms-v3011-1--20250626-3017,details
6369,RM6098-Joint-Schedule-7-Financial-Difficulties-v34--20250626-3637,details
6370,RM6098-Joint-Schedule-7-Financial-Difficulties-v34--20250626-3648,details
6371,RM6098-Joint-Schedule-7-Financial-Difficulties-v34--20250626-3668,details
6372,RM6098-Joint-Schedule-7-Financial-Difficulties-v34--20250626-3671,details
6373,RM6098-Joint-Schedule-7-Financial-Difficulties-v34--20250626-3678,details
6374,RM6098-Joint-Schedule-7-Financial-Difficulties-v34--20250626-3680,details
6375,RM6098-Joint-Schedule-7-Financial-Difficulties-v34--20250626-3682,details
6376,RM6098-Joint-Schedule-7-Financial-Difficulties-v34--20250626-3683,details
6377,RM6098-Joint-Schedule-7-Financial-Difficulties-v34--20250626-3709,details
6378,RM6098-Joint-Schedule-7-Financial-Difficulties-v34--20250626-3715,details
6379,RM6098-Joint-Schedule-7-Financial-Difficulties-v34--20250626-3717,details
6380,RM6098-Joint-Schedule-7-Financial-Difficulties-v34--20250626-3718,details
6381,RM6098-Joint-Schedule-7-Financial-Difficulties-v34--20250626-3720,details
6382,RM6098-Joint-Schedule-7-Financial-Difficulties-v34--20250626-3726,details
6383,RM6098-Joint-Schedule-7-Financial-Difficulties-v34--20250626-3733,details
6384,RM6098-Joint-Schedule-7-Financial-Difficulties-v34--20250626-3734,details
6385,RM6098-Framework-schedule-6-order-form-template-and-call-off-schedules-v31--20250626-3345,details
6386,RM6098-Framework-schedule-6-order-form-template-and-call-off-schedules-v31--20250626-3346,details
6387,RM6098-Framework-Schedule-7-Call-Off-Award-Procedure-v2--20250626-3358,details
6388,RM6098-Framework-Schedule-7-Call-Off-Award-Procedure-v2--20250626-3364,details
6389,RM6098-Framework-Schedule-7-Call-Off-Award-Procedure-v2--20250626-3373,details
6390,RM6098-Framework-Schedule-9-O-Cyber-Essentials-Scheme-v10--20250626-3411,details
6391,RM6098-Invitation-to-tender-template-v3--20250626-3425,details
6392,RM6098-Invitation-to-tender-template-v3--20250626-3443,details
6393,RM6098-Invitation-to-tender-template-v3--20250626-3453,details
6394,RM6098-Joint-Schedule-1-Definitions-v10--20250626-3463,details
6395,RM6098-Joint-Schedule-10-Rectification-Plan-v10--20250626-3476,details
6396,RM6098-Joint-Schedule-11-processing-data-v20--20250626-3486,details
6397,RM6098-Joint-Schedule-11-processing-data-v20--20250626-3499,details
6398,RM6098-Joint-Schedule-11-processing-data-v20--20250626-3514,details
6399,RM6098-Joint-Schedule-11-processing-data-v20--20250626-3554,details
6400,RM6098-Joint-Schedule-11-processing-data-v20--20250626-3556,details
6401,RM6098-Joint-Schedule-11-processing-data-v20--20250626-3563,details
6402,RM6098-Joint-Schedule-3-Insurance-Requirements-v10--20250626-3602,details
6403,RM6098-Joint-Schedule-5-Corporate-Social-Responsibility-v30-1--20250626-3615,details
6404,RM6098-Joint-Schedule-5-Corporate-Social-Responsibility-v30-1--20250626-3621,details
6405,RM6098-Joint-Schedule-5-Corporate-Social-Responsibility-v30-1--20250626-3622,details
6406,RM6098-Market-engagement-best-practice-process-v27--20250626-3842,details
6407,RM6098-Model-Contract-Pack-v3--20250626-3848,details
6408,RM6098-Model-Contract-Pack-v3--20250626-3853,details
6409,RM6098-Model-Contract-Pack-v3--20250626-3869,details
6410,RM6098-Model-Contract-Pack-v3--20250626-3874,details
6411,RM6098-Model-Contract-Pack-v3--20250626-3893,details
6412,RM6098-Model-Contract-Pack-v3--20250626-3911,details
6413,RM6098-Model-Contract-Pack-v3--20250626-3928,details
6414,RM6098-Model-Contract-Pack-v3--20250626-3942,details
6415,RM6098-Model-Contract-Pack-v3--20250626-3951,details
6416,RM6098-Model-Contract-Pack-v3--20250626-3974,details
6417,RM6098-Model-Contract-Pack-v3--20250626-4013,details
6418,RM6098-Model-Contract-Pack-v3--20250626-4019,details
6419,RM6098-Model-Contract-Pack-v3--20250626-4026,details
6420,RM6098-Model-Contract-Pack-v3--20250626-4049,details
6421,RM6098-Model-Contract-Pack-v3--20250626-4096,details
6422,RM6098-Model-Contract-Pack-v3--20250626-4111,details
6423,RM6098-Model-Contract-Pack-v3--20250626-4115,details
6424,RM6098-Model-Contract-Pack-v3--20250626-4122,details
6425,RM6098-Model-Contract-Pack-v3--20250626-4127,details
6426,RM6098-Leasing-tech-hardware-best-practice-process-v28-1--20250626-3815,details
6427,RM6098-Market-engagement-best-practice-process-v27--20250626-3821,details
6428,RM6116-Call-Off-Schedule-10-Exit-Management-V12--20250626-4344,details
6429,RM6116-Call-Off-Schedule-10-Exit-Management-V12--20250626-4345,details
6430,RM6116-Call-Off-Schedule-11-Installation-Works-vFinal--20250626-4362,details
6431,RM6116-Call-Off-Schedule-13-Implementation-Plan-and-Testing-v11--20250626-4384,details
6432,RM6116-Call-Off-Schedule-13-Implementation-Plan-and-Testing-v11--20250626-4429,details
6433,RM6116-Call-Off-Schedule-14-Service-Levels-vFinal11--20250626-4431,details
6434,RM6116-Call-Off-Schedule-14-Service-Levels-vFinal11--20250626-4440,details
6435,RM6116-Call-Off-Schedule-14-Service-Levels-vFinal11--20250626-4442,details
6436,RM6116-Call-Off-Schedule-14-Service-Levels-vFinal11--20250626-4444,details
6437,RM6116-Call-Off-Schedule-14-Service-Levels-vFinal11--20250626-4449,details
6438,RM6116-Call-Off-Schedule-14-Service-Levels-vFinal11--20250626-4450,details
6439,RM6116-Call-Off-Schedule-14-Service-Levels-vFinal11--20250626-4473,details
6440,RM6116-Call-Off-Schedule-14-Service-Levels-vFinal11--20250626-4478,details
6441,RM6116-Call-Off-Schedule-14-Service-Levels-vFinal11--20250626-4486,details
6442,RM6116-Call-Off-Schedule-18-Background-Checks-vFinal--20250626-4542,details
6443,RM6116-Buyer-guide-v12--20250626-4251,details
6444,RM6116-Buyer-guide-v12--20250626-4268,details
6445,RM6116-Buyer-guide-v12--20250626-4278,details
6446,RM6116-Buyer-guide-v12--20250626-4308,details
6447,RM6098-Model-Contract-Pack-v3--20250626-4156,details
6448,RM6098-Request-for-information-template-v21--20250626-4208,details
6449,RM6098_Benefits--20250626-4232,details
6450,RM6116-Call-Off-Schedule-2-Staff-Transfer-vFinal--20250626-4760,details
6451,RM6116-Call-Off-Schedule-2-Staff-Transfer-vFinal--20250626-4771,details
6452,RM6116-Call-Off-Schedule-2-Staff-Transfer-vFinal--20250626-4774,details
6453,RM6116-Call-Off-Schedule-2-Staff-Transfer-vFinal--20250626-4800,details
6454,RM6116-Call-Off-Schedule-2-Staff-Transfer-vFinal--20250626-4803,details
6455,RM6116-Call-Off-Schedule-2-Staff-Transfer-vFinal--20250626-4805,details
6456,RM6116-Call-Off-Schedule-21-Northern-Ireland-Law-vFinal--20250626-4812,details
6457,RM6116-Call-Off-Schedule-23-HMRC-Terms-v11--20250626-4833,details
6458,RM6116-Call-Off-Schedule-23-HMRC-Terms-v11--20250626-4835,details
6459,RM6116-Call-Off-Schedule-23-HMRC-Terms-v11--20250626-4839,details
6460,RM6116-Call-Off-Schedule-23-HMRC-Terms-v11--20250626-4840,details
6461,RM6116-Call-Off-Schedule-23-HMRC-Terms-v11--20250626-4850,details
6462,RM6116-Call-Off-Schedule-3-Continuous-Improvement-v11--20250626-4855,details
6463,RM6116-Call-Off-Schedule-6-ICT-Services-v11--20250626-4896,details
6464,RM6116-Call-Off-Schedule-6-ICT-Services-v11--20250626-4900,details
6465,RM6116-Call-Off-Schedule-6-ICT-Services-v11--20250626-4902,details
6466,RM6116-Call-Off-Schedule-7-Key-Supplier-Staff-vFinal--20250626-4913,details
6467,RM6116-Call-Off-Schedule-7-Key-Supplier-Staff-vFinal--20250626-4914,details
6468,RM6116-Call-Off-Schedule-8-Business-Continuity-and-Disaster-Recovery-v11--20250626-4917,details
6469,RM6116-Call-Off-Schedule-8-Business-Continuity-and-Disaster-Recovery-v11--20250626-4935,details
6470,RM6116-Call-Off-Schedule-8-Business-Continuity-and-Disaster-Recovery-v11--20250626-4948,details
6471,RM6116-Call-Off-Schedule-2-Staff-Transfer-vFinal--20250626-4560,details
6472,RM6116-Call-Off-Schedule-2-Staff-Transfer-vFinal--20250626-4567,details
6473,RM6116-Call-Off-Schedule-2-Staff-Transfer-vFinal--20250626-4585,details
6474,RM6116-Call-Off-Schedule-2-Staff-Transfer-vFinal--20250626-4610,details
6475,RM6116-Call-Off-Schedule-2-Staff-Transfer-vFinal--20250626-4632,details
6476,RM6116-Call-Off-Schedule-2-Staff-Transfer-vFinal--20250626-4643,details
6477,RM6116-Call-Off-Schedule-2-Staff-Transfer-vFinal--20250626-4671,details
6478,RM6116-Call-Off-Schedule-2-Staff-Transfer-vFinal--20250626-4678,details
6479,RM6116-Call-Off-Schedule-2-Staff-Transfer-vFinal--20250626-4685,details
6480,RM6116-Framework-Schedule-7-Call-Off-Award-Procedure-v10-2--20250626-5276,details
6481,RM6116-Framework-Schedule-7-Call-Off-Award-Procedure-v10-2--20250626-5277,details
6482,RM6116-Framework-Schedule-7-Call-Off-Award-Procedure-v10-2--20250626-5283,details
6483,RM6116-Framework-Schedule-8-Self-Audit-Certificate-vFinal--20250626-5295,details
6484,RM6116-Joint-Schedule-1-Definitions-vFinal--20250626-5331,details
6485,RM6116-Joint-Schedule-1-Definitions-vFinal--20250626-5343,details
6486,RM6116-Joint-Schedule-1-Definitions-vFinal--20250626-5345,details
6487,RM6116-Joint-Schedule-1-Definitions-vFinal--20250626-5348,details
6488,RM6116-Joint-Schedule-1-Definitions-vFinal--20250626-5349,details
6489,RM6116-Call-Off-Schedule-8-Business-Continuity-and-Disaster-Recovery-v11--20250626-4963,details
6490,RM6116-Call-Off-Schedule-8-Business-Continuity-and-Disaster-Recovery-v11--20250626-4970,details
6491,RM6116-Call-Off-Schedule-9-Security-vFinal--20250626-4995,details
6492,RM6116-Call-Off-Schedule-9-Security-vFinal--20250626-5013,details
6493,RM6116-Call-Off-Schedule-9-Security-vFinal--20250626-5020,details
6494,RM6116-Call-Off-Schedule-9-Security-vFinal--20250626-5029,details
6495,RM6116-Call-Off-Schedule-9-Security-vFinal--20250626-5032,details
6496,RM6116-Call-Off-Schedule-9-Security-vFinal--20250626-5042,details
6497,RM6116-Framework-Schedule-3-Framework-Prices-vFinal-11--20250626-5156,details
6498,RM6116-Framework-Schedule-3-Framework-Prices-vFinal-11--20250626-5164,details
6499,RM6116-Framework-Schedule-3-Framework-Prices-vFinal-11--20250626-5175,details
6500,RM6116-Framework-Schedule-3-Framework-Prices-vFinal-11--20250626-5188,details
6501,RM6116-Framework-Schedule-6-Order-Form-Template-and-Call-Off-Schedules-vFinal11--20250626-5238,details
6502,RM6116-Call-Off-Schedule-9-Security-vFinal--20250626-5057,details
6503,RM6116-Framework-Schedule-1-Specification-vFinal--20250626-5087,details
6504,RM6116-Framework-Schedule-1-Specification-vFinal--20250626-5117,details
6505,RM6116-Framework-Schedule-1-Specification-vFinal--20250626-5141,details
6506,RM6116-Framework-Schedule-1-Specification-vFinal--20250626-5149,details
6507,RM6116-Joint-Schedule-1-Definitions-vFinal--20250626-5353,details
6508,RM6116-Joint-Schedule-1-Definitions-vFinal--20250626-5374,details
6509,RM6116-Joint-Schedule-1-Definitions-vFinal--20250626-5385,details
6510,RM6116-Joint-Schedule-1-Definitions-vFinal--20250626-5397,details
6511,RM6116-Joint-Schedule-1-Definitions-vFinal--20250626-5401,details
6512,RM6116-Joint-Schedule-1-Definitions-vFinal--20250626-5415,details
6513,RM6116-Joint-Schedule-11-Processing-Data-vFinal-1--20250626-5437,details
6514,RM6116-Joint-Schedule-11-Processing-Data-vFinal-1--20250626-5442,details
6515,RM6116-Joint-Schedule-11-Processing-Data-vFinal-1--20250626-5447,details
6516,RM6116-Joint-Schedule-11-Processing-Data-vFinal-1--20250626-5458,details
6517,RM6116-Joint-Schedule-11-Processing-Data-vFinal-1--20250626-5492,details
6518,RM6116-Joint-Schedule-11-Processing-Data-vFinal-1--20250626-5498,details
6519,RM6116-Joint-Schedule-12-Supply-Chain-Visibility-vFinal--20250626-5519,details
6520,RM6116-Joint-Schedule-2-Variation-Form-vFinal--20250626-5522,details
6521,RM6116-Joint-Schedule-2-Variation-Form-vFinal--20250626-5525,details
6522,RM6116-Joint-Schedule-3-Insurance-Requirements-vFinal--20250626-5528,details
6523,RM6116-Joint-Schedule-3-Insurance-Requirements-vFinal--20250626-5539,details
6524,RM6116-Joint-Schedule-5-Corporate-Social-Responsibility-vFinal--20250626-5558,details
6525,RM6116-Joint-Schedule-6-Key-Subcontractors-vFinal--20250626-5576,details
6526,RM6116-Joint-Schedule-6-Key-Subcontractors-vFinal--20250626-5577,details
6527,RM6116-Joint-Schedule-7-Financial-Difficulties-v11docx--20250626-5624,details
6528,RM6116-Joint-Schedule-7-Financial-Difficulties-v11docx--20250626-5626,details
6529,RM6116-Joint-Schedule-7-Financial-Difficulties-v11docx--20250626-5653,details
6530,RM6116-Joint-Schedule-7-Financial-Difficulties-v11docx--20250626-5670,details
6531,RM6116-Joint-Schedule-7-Financial-Difficulties-v11docx--20250626-5676,details
6532,RM6116-Network-Services-3-Statement-of-Requirements-Template-accessible-v1-1--20250626-5714,details
6533,RM6116-NS3-Core-terms-v3011--20250626-5721,details
6534,RM6116-NS3-Core-terms-v3011--20250626-5769,details
6535,RM6116-NS3-Core-terms-v3011--20250626-5772,details
6536,RM6116-NS3-Core-terms-v3011--20250626-5773,details
6537,RM6116-NS3-Core-terms-v3011--20250626-5787,details
6538,RM6116-NS3-Core-terms-v3011--20250626-5807,details
6539,RM6116-NS3-Core-terms-v3011--20250626-5812,details
6540,RM6116-NS3-Core-terms-v3011--20250626-5813,details
6541,RM6116-NS3-Service-Offer-Guide-V3--20250626-5822,details
6542,RM6116-NS3-Service-Offer-Guide-V3--20250626-5832,details
6543,RM6116-Request-For-Information-template-v1-2--20250626-5841,details
6544,RM6116-Request-For-Information-template-v1-2--20250626-5843,details
6545,RM6116_benefits--20250626-5854,details
6546,RM6187-Call-Off-Schedule-20_-Specification---20250626-6098,details
6547,RM6187-Call-Off-Schedule-21_-Northern-Ireland-Law---20250626-6104,details
6548,RM6187-Call-Off-Schedule-23_-HMRC-Schedule---20250626-6118,details
6549,RM6187-Call-Off-Schedule-23_-HMRC-Schedule---20250626-6119,details
6550,RM6187-Call-Off-Schedule-23_-HMRC-Schedule---20250626-6122,details
6551,RM6187-Call-Off-Schedule-23_-HMRC-Schedule---20250626-6127,details
6552,RM6187-Call-Off-Schedule-23_-HMRC-Schedule---20250626-6131,details
6553,RM6187-Call-Off-Schedule-23_-HMRC-Schedule---20250626-6132,details
6554,RM6187-Call-Off-Schedule-23_-HMRC-Schedule---20250626-6136,details
6555,RM6187-Call-Off-Schedule-23_-HMRC-Schedule---20250626-6138,details
6556,RM6187-Call-Off-Schedule-3_-Continuous-Improvement---20250626-6158,details
6557,RM6116_Key-changes-from-NS2-to-NS3_V10docx--20250626-5867,details
6558,RM6116_Key-changes-from-NS2-to-NS3_V10docx--20250626-5877,details
6559,RM6116_Key-changes-from-NS2-to-NS3_V10docx--20250626-5880,details
6560,RM6187-Benchmarkingdocx--20250626-5894,details
6561,RM6187-Call-Off-Schedule-10_-Exit-Management---20250626-5921,details
6562,RM6187-Call-Off-Schedule-10_-Exit-Management---20250626-5931,details
6563,RM6187-Call-Off-Schedule-12_-Clustering---20250626-5947,details
6564,RM6187-Call-Off-Schedule-12_-Clustering---20250626-5953,details
6565,RM6187-Call-Off-Schedule-13_-Implementation-Plan-and-Testing---20250626-5986,details
6566,RM6187-Call-Off-Schedule-13_-Implementation-Plan-and-Testing---20250626-5988,details
6567,RM6187-Call-Off-Schedule-13_-Implementation-Plan-and-Testing---20250626-5992,details
6568,RM6187-Call-Off-Schedule-13_-Implementation-Plan-and-Testing---20250626-5993,details
6569,RM6187-Call-Off-Schedule-13_-Implementation-Plan-and-Testing---20250626-5994,details
6570,RM6187-Call-Off-Schedule-13_-Implementation-Plan-and-Testing---20250626-6007,details
6571,RM6187-Call-Off-Schedule-13_-Implementation-Plan-and-Testing---20250626-6013,details
6572,RM6187-Call-Off-Schedule-14_-Service-Levels---20250626-6016,details
6573,RM6187-Framework-Schedule-1_-Specification--20250626-6475,details
6574,RM6187-Framework-Schedule-1_-Specification--20250626-6477,details
6575,RM6187-Framework-Schedule-1_-Specification--20250626-6481,details
6576,RM6187-Framework-Schedule-3_-Framework-Prices---20250626-6487,details
6577,RM6187-Framework-Schedule-3_-Framework-Prices---20250626-6496,details
6578,RM6187-Framework-Schedule-3_-Framework-Prices---20250626-6497,details
6579,RM6187-Framework-Schedule-4_-Framework-Management---20250626-6505,details
6580,RM6187-Framework-Schedule-4_-Framework-Management---20250626-6517,details
6581,RM6187-Framework-Schedule-4_-Framework-Management---20250626-6518,details
6582,RM6187-Framework-Schedule-4_-Framework-Management---20250626-6520,details
6583,RM6187-Framework-Schedule-5_-Management-Charges-and-Information---20250626-6538,details
6584,RM6187-Framework-Schedule-5_-Management-Charges-and-Information---20250626-6540,details
6585,RM6187-Framework-Schedule-5_-Management-Charges-and-Information---20250626-6544,details
6586,RM6187-Framework-Schedule-6_-Order-Form-and-Call-Off-Schedules-4--20250626-6553,details
6587,RM6187-Framework-Schedule-6_-Order-Form-and-Call-Off-Schedules-4--20250626-6560,details
6588,RM6187-Framework-Schedule-6_-Order-Form-and-Call-Off-Schedules-4--20250626-6563,details
6589,RM6187-Core-Terms---20250626-6375,details
6590,RM6187-Core-Terms---20250626-6379,details
6591,RM6187-Core-Terms---20250626-6380,details
6592,RM6187-Core-Terms---20250626-6381,details
6593,RM6187-Core-Terms---20250626-6386,details
6594,RM6187-Core-Terms---20250626-6389,details
6595,RM6187-Core-Terms---20250626-6397,details
6596,RM6187-Core-Terms---20250626-6430,details
6597,RM6187-Core-Terms---20250626-6433,details
6598,RM6187-Core-Terms---20250626-6446,details
6599,RM6187-Call-Off-Schedule-3_-Continuous-Improvement---20250626-6161,details
6600,RM6187-Call-Off-Schedule-6_-ICT-Services---20250626-6176,details
6601,RM6187-Call-Off-Schedule-6_-ICT-Services---20250626-6188,details
6602,RM6187-Call-Off-Schedule-6_-ICT-Services---20250626-6196,details
6603,RM6187-Call-Off-Schedule-6_-ICT-Services---20250626-6200,details
6604,RM6187-Call-Off-Schedule-6_-ICT-Services---20250626-6212,details
6605,RM6187-Call-Off-Schedule-8_-Business-Continuity-and-Disaster-Recovery---20250626-6224,details
6606,RM6187-Call-Off-Schedule-8_-Business-Continuity-and-Disaster-Recovery---20250626-6240,details
6607,RM6187-Call-Off-Schedule-9_-Security---20250626-6256,details
6608,RM6187-Call-Off-Schedule-9_-Security---20250626-6272,details
6609,RM6187-Call-Off-Schedule-9_-Security---20250626-6308,details
6610,RM6187-Call-Off-Schedule-9_-Security---20250626-6310,details
6611,RM6187-Call-Off-Schedule-9_-Security---20250626-6322,details
6612,RM6187-Call-Off-Schedule-9_-Security---20250626-6339,details
6613,RM6187-Call-Off-Schedule-9_-Security---20250626-6341,details
6614,RM6187-Call-Off-Schedule-9_-Security---20250626-6345,details
6615,RM6187-Core-Terms---20250626-6359,details
6616,RM6187-Joint-Schedule-1_-Definitions---20250626-6777,details
6617,RM6187-Joint-Schedule-1_-Definitions---20250626-6831,details
6618,RM6187-Joint-Schedule-1_-Definitions---20250626-6833,details
6619,RM6187-Joint-Schedule-1_-Definitions---20250626-6834,details
6620,RM6187-Joint-Schedule-1_-Definitions---20250626-6835,details
6621,RM6187-Joint-Schedule-1_-Definitions---20250626-6837,details
6622,RM6187-Joint-Schedule-1_-Definitions---20250626-6849,details
6623,RM6187-Joint-Schedule-1_-Definitions---20250626-6850,details
6624,RM6187-Joint-Schedule-1_-Definitions---20250626-6865,details
6625,RM6187-Joint-Schedule-1_-Definitions---20250626-6867,details
6626,RM6187-Joint-Schedule-11_-Processing-Data---20250626-6676,details
6627,RM6187-Joint-Schedule-11_-Processing-Data---20250626-6693,details
6628,RM6187-Joint-Schedule-11_-Processing-Data---20250626-6701,details
6629,RM6187-Joint-Schedule-11_-Processing-Data---20250626-6718,details
6630,RM6187-Joint-Schedule-11_-Processing-Data---20250626-6727,details
6631,RM6187-Joint-Schedule-11_-Processing-Data---20250626-6734,details
6632,RM6187-Joint-Schedule-1_-Definitions---20250626-6745,details
6633,RM6187-Joint-Schedule-1_-Definitions---20250626-6748,details
6634,RM6187-Joint-Schedule-1_-Definitions---20250626-6761,details
6635,RM6187-Joint-Schedule-1_-Definitions---20250626-6766,details
6636,RM6187-Framework-Schedule-7_-Call-Off-Award-Procedure---20250626-6576,details
6637,RM6187-Framework-Schedule-7_-Call-Off-Award-Procedure---20250626-6589,details
6638,RM6187-Framework-Schedule-7_-Call-Off-Award-Procedure---20250626-6603,details
6639,RM6187-How-to-use-Contractual-Documents--1--20250626-6636,details
6640,RM6187-How-to-use-Contractual-Documents--1--20250626-6650,details
6641,RM6187-Joint-Schedule-10_-Rectification-Plan---20250626-6661,details
6642,RM6187-Joint-Schedule-1_-Definitions---20250626-6873,details
6643,RM6187-Joint-Schedule-1_-Definitions---20250626-6874,details
6644,RM6187-Joint-Schedule-7_-Financial-Difficulties-1--20250626-6929,details
6645,DPS-Core-Terms-v103-1--20250626-7274,details
6646,DPS-Core-Terms-v103-1--20250626-7279,details
6647,DPS-Core-Terms-v103-1--20250626-7287,details
6648,DPS-Core-Terms-v103-1--20250626-7294,details
6649,DPS-Core-Terms-v103-1--20250626-7306,details
6650,DPS-Core-Terms-v103-1--20250626-7315,details
6651,DPS-Core-Terms-v103-1--20250626-7326,details
6652,DPS-Core-Terms-v103-1--20250626-7329,details
6653,DPS-Core-Terms-v103-1--20250626-7330,details
6654,DPS-Core-Terms-v103-1--20250626-7331,details
6655,DPS-Core-Terms-v103-1--20250626-7332,details
6656,DPS-Core-Terms-v103-1--20250626-7333,details
6657,DPS-Core-Terms-v103-1--20250626-7335,details
6658,DPS-Core-Terms-v103-1--20250626-7336,details
6659,DPS-Core-Terms-v103-1--20250626-7340,details
6660,RM6264-Attachment-1-About-the-Procurement-v2--20250626-7355,details
6661,RM6264-Attachment-1-About-the-Procurement-v2--20250626-7364,details
6662,RM6264-Attachment-1-About-the-Procurement-v2--20250626-7367,details
6663,RM6187-T6-Attachment-2-How-to-Bid-including-Evaluation-Criteria---20250626-7190,details
6664,RM6187-T6-Attachment-2-How-to-Bid-including-Evaluation-Criteria---20250626-7191,details
6665,RM6187-T6-Attachment-2-How-to-Bid-including-Evaluation-Criteria---20250626-7194,details
6666,RM6187-T6-Attachment-2-How-to-Bid-including-Evaluation-Criteria---20250626-7196,details
6667,RM6187-T6-Attachment-2-How-to-Bid-including-Evaluation-Criteria---20250626-7198,details
6668,RM6187-T6-Attachment-2-How-to-Bid-including-Evaluation-Criteria---20250626-7213,details
6669,RM6187-T6-Attachment-2-How-to-Bid-including-Evaluation-Criteria---20250626-7229,details
6670,RM6187_howtobuy--20250626-7255,details
6671,RM6187_howtobuy--20250626-7256,details
6672,DPS-Core-Terms-v103-1--20250626-7258,details
6673,DPS-Core-Terms-v103-1--20250626-7262,details
6674,DPS-Core-Terms-v103-1--20250626-7268,details
6675,RM6187-Joint-Schedule-8_-Guarantee---20250626-6975,details
6676,RM6187-Joint-Schedule-8_-Guarantee---20250626-6998,details
6677,RM6187-Joint-Schedule-8_-Guarantee---20250626-7009,details
6678,RM6187-Joint-Schedule-8_-Guarantee---20250626-7013,details
6679,RM6187-T10-Evaluator-Conflict-of-Interest-MCF3---20250626-7034,details
6680,RM6187-T11a-Award-Letter-1--20250626-7042,details
6681,RM6187-T11a-Award-Letter-1--20250626-7043,details
6682,RM6187-T11b-Unsuccessful-Letter-1--20250626-7054,details
6683,RM6187-T2-Attachment-3-Statement-of-Requirements-docx--20250626-7062,details
6684,RM6187-T3-Non-Disclosure-Agreement-NDA--20250626-7079,details
6685,RM6187-T3-Non-Disclosure-Agreement-NDA--20250626-7111,details
6686,RM6187-T3-Non-Disclosure-Agreement-NDA--20250626-7112,details
6687,RM6187-T3-Non-Disclosure-Agreement-NDA--20250626-7117,details
6688,RM6187-T3-Non-Disclosure-Agreement-NDA--20250626-7151,details
6689,RM6187-T4-Request-for-Information---20250626-7158,details
6690,RM6187-T5-Attachment-1-About-the-Procurement--20250626-7167,details
6691,RM6264-DPS-Joint-Schedule-7-Financial-Difficulties-v10--20250626-7695,details
6692,RM6264-DPS-Joint-Schedule-8-Guarantee-v10--20250626-7697,details
6693,RM6264-DPS-Joint-Schedule-8-Guarantee-v10--20250626-7701,details
6694,RM6264-DPS-Joint-Schedule-8-Guarantee-v10--20250626-7713,details
6695,RM6264-DPS-Order-Schedule-10-Exit-Management-v10--20250626-7725,details
6696,RM6264-DPS-Order-Schedule-10-Exit-Management-v10--20250626-7726,details
6697,RM6264-DPS-Order-Schedule-12-Clustering-v10--20250626-7766,details
6698,RM6264-DPS-Order-Schedule-13-Implementation-Plan-and-Testing-v10--20250626-7771,details
6699,RM6264-DPS-Order-Schedule-13-Implementation-Plan-and-Testing-v10--20250626-7773,details
6700,RM6264-DPS-Joint-Schedule-12-Supply-Chain-Visibility-v10--20250626-7588,details
6701,RM6264-DPS-Joint-Schedule-12-Supply-Chain-Visibility-v10--20250626-7590,details
6702,RM6264-DPS-Joint-Schedule-3-Insurance-Requirements-v10--20250626-7603,details
6703,RM6264-DPS-Joint-Schedule-3-Insurance-Requirements-v10--20250626-7607,details
6704,RM6264-DPS-Joint-Schedule-3-Insurance-Requirements-v10--20250626-7609,details
6705,RM6264-DPS-Joint-Schedule-4-Commercially-Sensitive-Information-v10--20250626-7613,details
6706,RM6264-DPS-Joint-Schedule-5-Corporate-Social-Responsibility-v10--20250626-7623,details
6707,RM6264-DPS-Joint-Schedule-7-Financial-Difficulties-v10--20250626-7646,details
6708,RM6264-DPS-Joint-Schedule-7-Financial-Difficulties-v10--20250626-7658,details
6709,RM6264-Attachment-2-How-to-Bid-v1--20250626-7388,details
6710,RM6264-Attachment-2-How-to-Bid-v1--20250626-7397,details
6711,RM6264-Attachment-2-How-to-Bid-v1--20250626-7414,details
6712,RM6264-Attachment-3-Specification-v20--20250626-7434,details
6713,RM6264-description--20250626-7459,details
6714,RM6264-DPS-Appointment-Form-v10--20250626-7465,details
6715,RM6264-DPS-Buyer-Guide-v30--20250626-7471,details
6716,RM6264-DPS-Buyer-Guide-v30--20250626-7484,details
6717,RM6264-DPS-Buyer-Guide-v30--20250626-7497,details
6718,RM6264-DPS-Joint-Schedule-11-Processing-Data-v10--20250626-7523,details
6719,RM6264-DPS-Joint-Schedule-11-Processing-Data-v10--20250626-7524,details
6720,RM6264-DPS-Joint-Schedule-11-Processing-Data-v10--20250626-7533,details
6721,RM6264-DPS-Joint-Schedule-11-Processing-Data-v10--20250626-7556,details
6722,RM6264-DPS-Joint-Schedule-11-Processing-Data-v10--20250626-7562,details
6723,RM6264-DPS-Order-Schedule-13-Implementation-Plan-and-Testing-v10--20250626-7796,details
6724,RM6264-DPS-Order-Schedule-13-Implementation-Plan-and-Testing-v10--20250626-7810,details
6725,RM6264-DPS-Order-Schedule-14-Service-Levels-v10--20250626-7826,details
6726,RM6264-DPS-Order-Schedule-14-Service-Levels-v10--20250626-7832,details
6727,RM6264-DPS-Order-Schedule-14-Service-Levels-v10--20250626-7836,details
6728,RM6264-DPS-Order-Schedule-15-Order-Contract-Management-v10--20250626-7845,details
6729,RM6264-DPS-Order-Schedule-15-Order-Contract-Management-v10--20250626-7853,details
6730,RM6264-DPS-Order-Schedule-16-Benchmarking-v10--20250626-7860,details
6731,RM6264-DPS-Order-Schedule-17-MOD-Terms-V10--20250626-7869,details
6732,RM6264-DPS-Order-Schedule-17-MOD-Terms-V10--20250626-7877,details
6733,RM6264-DPS-Order-Schedule-2-Staff-Transfer-v10--20250626-8080,details
6734,RM6264-DPS-Order-Schedule-2-Staff-Transfer-v10--20250626-8088,details
6735,RM6264-DPS-Order-Schedule-2-Staff-Transfer-v10--20250626-8089,details
6736,RM6264-DPS-Order-Schedule-21-Northern-Ireland-Law-v10--20250626-8110,details
6737,RM6264-DPS-Order-Schedule-24-Supplier-Furnished-Terms-v10--20250626-8143,details
6738,RM6264-DPS-Order-Schedule-25-Billable-Works-and-Projects-v10--20250626-8152,details
6739,RM6264-DPS-Order-Schedule-25-Billable-Works-and-Projects-v10--20250626-8169,details
6740,RM6264-DPS-Order-Schedule-25-Billable-Works-and-Projects-v10--20250626-8171,details
6741,RM6264-DPS-Order-Schedule-25-Billable-Works-and-Projects-v10--20250626-8172,details
6742,RM6264-DPS-Order-Schedule-2-Staff-Transfer-v10--20250626-8009,details
6743,RM6264-DPS-Order-Schedule-2-Staff-Transfer-v10--20250626-8021,details
6744,RM6264-DPS-Order-Schedule-2-Staff-Transfer-v10--20250626-8023,details
6745,RM6264-DPS-Order-Schedule-2-Staff-Transfer-v10--20250626-8028,details
6746,RM6264-DPS-Order-Schedule-2-Staff-Transfer-v10--20250626-8033,details
6747,RM6264-DPS-Order-Schedule-2-Staff-Transfer-v10--20250626-8043,details
6748,RM6264-DPS-Order-Schedule-2-Staff-Transfer-v10--20250626-8050,details
6749,RM6264-DPS-Order-Schedule-2-Staff-Transfer-v10--20250626-8056,details
6750,RM6264-DPS-Order-Schedule-17-MOD-Terms-V10--20250626-7879,details
6751,RM6264-DPS-Order-Schedule-19-Scottish-Law-v10--20250626-7888,details
6752,RM6264-DPS-Order-Schedule-2-Staff-Transfer-v10--20250626-7902,details
6753,RM6264-DPS-Order-Schedule-2-Staff-Transfer-v10--20250626-7921,details
6754,RM6264-DPS-Order-Schedule-2-Staff-Transfer-v10--20250626-7930,details
6755,RM6264-DPS-Order-Schedule-2-Staff-Transfer-v10--20250626-7934,details
6756,RM6264-DPS-Order-Schedule-2-Staff-Transfer-v10--20250626-7938,details
6757,RM6264-DPS-Order-Schedule-8-Business-Continuity-and-Disaster-Recovery-v10--20250626-8294,details
6758,RM6264-DPS-Order-Schedule-8-Business-Continuity-and-Disaster-Recovery-v10--20250626-8295,details
6759,RM6264-DPS-Order-Schedule-8-Business-Continuity-and-Disaster-Recovery-v10--20250626-8299,details
6760,RM6264-DPS-Order-Schedule-8-Business-Continuity-and-Disaster-Recovery-v10--20250626-8312,details
6761,RM6264-DPS-Order-Schedule-8-Business-Continuity-and-Disaster-Recovery-v10--20250626-8313,details
6762,RM6264-DPS-Order-Schedule-9-Security-v10--20250626-8363,details
6763,RM6264-DPS-Order-Schedule-9-Security-v10--20250626-8370,details
6764,RM6264-DPS-Order-Schedule-9-Security-v10--20250626-8379,details
6765,RM6264-DPS-Order-Schedule-3-Continuous-Improvement-v10--20250626-8193,details
6766,RM6264-DPS-Order-Schedule-5-Pricing-Details-v10--20250626-8207,details
6767,RM6264-DPS-Order-Schedule-5-Pricing-Details-v10--20250626-8216,details
6768,RM6264-DPS-Order-Schedule-5-Pricing-Details-v10--20250626-8230,details
6769,RM6264-DPS-Order-Schedule-6-ICT-Services-v10--20250626-8240,details
6770,RM6264-DPS-Order-Schedule-6-ICT-Services-v10--20250626-8249,details
6771,RM6264-DPS-Order-Schedule-6-ICT-Services-v10--20250626-8251,details
6772,RM6264-DPS-Order-Schedule-8-Business-Continuity-and-Disaster-Recovery-v10--20250626-8280,details
6773,RM6264-DPS-Schedule-1-Specification-v10--20250626-8498,details
6774,RM6264-DPS-Schedule-1-Specification-v10--20250626-8502,details
6775,RM6264-DPS-Schedule-1-Specification-v10--20250626-8510,details
6776,RM6264-DPS-Schedule-1-Specification-v10--20250626-8516,details
6777,RM6264-DPS-Schedule-1-Specification-v10--20250626-8557,details
6778,RM6264-DPS-Schedule-1-Specification-v10--20250626-8561,details
6779,RM6264-DPS-Schedule-1-Specification-v10--20250626-8579,details
6780,RM6264-DPS-Order-Schedule-9-Security-v10--20250626-8390,details
6781,RM6264-DPS-Order-Schedule-9-Security-v10--20250626-8406,details
6782,RM6264-DPS-Order-Schedule-9-Security-v10--20250626-8414,details
6783,RM6264-DPS-Order-Schedule-9-Security-v10--20250626-8425,details
6784,RM6264-DPS-Schedule-1-Specification-v10--20250626-8432,details
6785,RM6264-DPS-Schedule-1-Specification-v10--20250626-8446,details
6786,RM6264-DPS-Schedule-1-Specification-v10--20250626-8450,details
6787,Help_end_modern_slavery_with_your_buying_decisions--20250626-8889,startup
6788,Help_end_modern_slavery_with_your_buying_decisions--20250626-8892,startup
6789,Help_end_modern_slavery_with_your_buying_decisions--20250626-8894,startup
6790,How_to_buy_through_Contract_Award_Service--20250626-8901,startup
6791,How_to_supply_through_Crown_Commercial_Service--20250626-8916,startup
6792,How_to_supply_through_Crown_Commercial_Service--20250626-8920,startup
6793,How_to_supply_through_Crown_Commercial_Service--20250626-8921,startup
6794,Were_here_to_help_you_buy_more_sustainably--20250626-8939,startup
6795,Your_buying_decisions_have_the_power_to_create_a_fairer_and_more_sustainable_society--20250626-8953,startup
6796,RM6264-DPS-Schedule-1-Specification-v10--20250626-8585,details
6797,RM6264-DPS-Schedule-1-Specification-v10--20250626-8588,details
6798,RM6264-DPS-Schedule-1-Specification-v10--20250626-8595,details
6799,RM6264-DPS-Schedule-1-Specification-v10--20250626-8604,details
6800,RM6264-DPS-Schedule-1-Specification-v10--20250626-8633,details
6801,RM6264-DPS-Schedule-1-Specification-v10--20250626-8637,details
6802,RM6264-DPS-Schedule-1-Specification-v10--20250626-8667,details
6803,RM6264-DPS-Schedule-1-Specification-v10--20250626-8695,details
6804,RM6264-DPS-Schedule-1-Specification-v10--20250626-8707,details
6805,RM6264-DPS-Schedule-1-Specification-v10--20250626-8711,details
6806,RM6264-DPS-Schedule-4-DPS-Management-v10-1--20250626-8735,details
6807,RM6264-DPS-Schedule-6-Order-form-template-and-order-schedules-v10--20250626-8763,details
6808,RM6264-DPS-Schedule-7-Order-Procedure-v10--20250626-8796,details
6809,RM6264-DPS-Schedule-9-Cyber-Essentials-Scheme-v10--20250626-8811,details
6810,RM6264-DPS-Schedule-9-Cyber-Essentials-Scheme-v10--20250626-8812,details
6811,RM6264-Supplier-Outcome-Letter-Successful-v10--20250626-8826,details
6812,Become_a_supplier_on_a_Dynamic_Purchasing_System--20250626-8855,startup
6813,Management_Consultancy_Framework_Three_MCF3--20250626-8992,recommendation
6814,Artificial_Intelligence_AI--20250626-8996,recommendation
6815,Permanent_Recruitment_2--20250626-9004,recommendation
6816,Public_Sector_Legal_Services--20250626-9009,recommendation
6817,Facilities_Management_and_Workplace_Services_DPS--20250626-9021,recommendation
6818,Vehicle_Lease_Fleet_Management_and_Salary_Sacrifice_Car_Schemes--20250626-9024,recommendation
6819,Employee_Benefits_and_Services--20250626-9026,recommendation
6820,Buying_Better_Food_and_Drink--20250626-9030,recommendation
6821,Cloud_Compute_2--20250626-9039,recommendation
6822,Print_Marketplace_2--20250626-9064,recommendation
6823,Network_Services_3--20250626-9077,recommendation
6824,Research__Insights--20250626-9082,recommendation
6825,Legal_Services_Panel--20250626-9096,recommendation
6826,Supply_Teachers_and_Temporary_Staffing_STaTS--20250626-9117,recommendation
6827,Purchase_of_Standard_and_Specialist_Vehicles--20250626-9121,recommendation
6828,Supply_of_Energy_2--20250626-9124,recommendation
6829,Crown_Hosting_II--20250626-9128,recommendation
6830,Vehicle_Hire_Solutions--20250626-9131,recommendation
6831,Income_Generation_from_Estates__Assets--20250626-9171,recommendation
6832,Income_Generation_from_Estates_Assets__IP_DPS--20250626-9172,recommendation
6833,Network_Services_3--20250626-9181,details
6834,RM10438_Call-Off-Schedule-13-Implementation-Plan-and-Testing-v10--20250626-208,details
6835,RM10438_Call-Off-Schedule-13-Implementation-Plan-and-Testing-v10--20250626-212,details
6836,RM10438_Call-Off-Schedule-13-Implementation-Plan-and-Testing-v10--20250626-213,details
6837,RM10438_Call-Off-Schedule-14-Service-Levels-and-Balanced-Scorecard-v10--20250626-239,details
6838,RM10438_Call-Off-Schedule-14-Service-Levels-and-Balanced-Scorecard-v10--20250626-248,details
6839,RM10438_Call-Off-Schedule-14-Service-Levels-and-Balanced-Scorecard-v10--20250626-249,details
6840,RM10438_Call-Off-Schedule-14-Service-Levels-and-Balanced-Scorecard-v10--20250626-254,details
6841,RM10438_Call-Off-Schedule-14-Service-Levels-and-Balanced-Scorecard-v10--20250626-257,details
6842,RM10438_Call-Off-Schedule-15-Call-Off-Contract-Management-v10--20250626-265,details
6843,RM10438_Call-Off-Schedule-16-Benchmarking-v10--20250626-279,details
6844,RM10438_Call-Off-Schedule-16-Benchmarking-v10--20250626-280,details
6845,RM10438_Call-Off-Schedule-16-Benchmarking-v10--20250626-287,details
6846,RM10438_Call-Off-Schedule-16-Benchmarking-v10--20250626-292,details
6847,RM10438_Call-Off-Schedule-17-MOD-Terms-v10--20250626-295,details
6848,RM10438_Call-Off-Schedule-17-MOD-Terms-v10--20250626-297,details
6849,7319-23-Supplier-marketing-toolkit-1--20250626-10,details
6850,7319-23-Supplier-marketing-toolkit-1--20250626-11,details
6851,RM10438-DOS-6-Buyer-Guide-v11--20250626-22,details
6852,RM10438-DOS-6-Buyer-Guide-v11--20250626-24,details
6853,RM10438-DOS-6-Buyer-Guide-v11--20250626-43,details
6854,RM10438-DOS-6-Buyer-Guide-v11--20250626-50,details
6855,RM10438-DOS-6-Buyer-Guide-v11--20250626-53,details
6856,RM10438-DOS-6-Buyer-Guide-v11--20250626-56,details
6857,RM10438-DOS-6-Buyer-Guide-v11--20250626-63,details
6858,RM10438-key-changes-DOS5-to-DOS6--20250626-74,details
6859,RM10438-key-changes-DOS5-to-DOS6--20250626-87,details
6860,RM10438-key-changes-DOS5-to-DOS6--20250626-91,details
6861,RM10438_Call-Off-Schedule-1-Transparency-Reports-v10--20250626-94,details
6862,RM10438_Call-Off-Schedule-18-Background-Checks-v10--20250626-314,details
6863,RM10438_Call-Off-Schedule-19-Scottish-Law-v10--20250626-316,details
6864,RM10438_Call-Off-Schedule-2-Staff-Transfer-v10--20250626-324,details
6865,RM10438_Call-Off-Schedule-2-Staff-Transfer-v10--20250626-333,details
6866,RM10438_Call-Off-Schedule-2-Staff-Transfer-v10--20250626-353,details
6867,RM10438_Call-Off-Schedule-2-Staff-Transfer-v10--20250626-378,details
6868,RM10438_Call-Off-Schedule-2-Staff-Transfer-v10--20250626-387,details
6869,RM10438_Call-Off-Schedule-2-Staff-Transfer-v10--20250626-396,details
6870,RM10438_Call-Off-Schedule-2-Staff-Transfer-v10--20250626-441,details
6871,RM10438_Call-Off-Schedule-2-Staff-Transfer-v10--20250626-446,details
6872,RM10438_Call-Off-Schedule-2-Staff-Transfer-v10--20250626-462,details
6873,RM10438_Call-Off-Schedule-2-Staff-Transfer-v10--20250626-465,details
6874,RM10438_Call-Off-Schedule-2-Staff-Transfer-v10--20250626-488,details
6875,RM10438_Call-Off-Schedule-2-Staff-Transfer-v10--20250626-495,details
6876,RM10438_Call-Off-Schedule-10-Exit-Management-v10--20250626-110,details
6877,RM10438_Call-Off-Schedule-10-Exit-Management-v10--20250626-135,details
6878,RM10438_Call-Off-Schedule-10-Exit-Management-v10--20250626-142,details
6879,RM10438_Call-Off-Schedule-2-Staff-Transfer-v10--20250626-506,details
6880,RM10438_Call-Off-Schedule-2-Staff-Transfer-v10--20250626-523,details
6881,RM10438_Call-Off-Schedule-2-Staff-Transfer-v10--20250626-536,details
6882,RM10438_Call-Off-Schedule-2-Staff-Transfer-v10--20250626-549,details
6883,RM10438_Call-Off-Schedule-2-Staff-Transfer-v10--20250626-554,details
6884,RM10438_Call-Off-Schedule-2-Staff-Transfer-v10--20250626-565,details
6885,RM10438_Call-Off-Schedule-2-Staff-Transfer-v10--20250626-566,details
6886,RM10438_Call-Off-Schedule-2-Staff-Transfer-v10--20250626-570,details
6887,RM10438_Call-Off-Schedule-2-Staff-Transfer-v10--20250626-573,details
6888,RM10438_Call-Off-Schedule-2-Staff-Transfer-v10--20250626-579,details
6889,RM10438_Call-Off-Schedule-2-Staff-Transfer-v10--20250626-581,details
6890,RM10438_Call-Off-Schedule-23-HMRC-Terms-v10--20250626-619,details
6891,RM10438_Call-Off-Schedule-23-HMRC-Terms-v10--20250626-624,details
6892,RM10438_Call-Off-Schedule-23-HMRC-Terms-v10--20250626-630,details
6893,RM10438_Call-Off-Schedule-23-HMRC-Terms-v10--20250626-634,details
6894,RM10438_Call-Off-Schedule-23-HMRC-Terms-v10--20250626-646,details
6895,RM10438_Call-Off-Schedule-25-Ethical-Walls-Agreement-v20--20250626-655,details
6896,RM10438_Call-Off-Schedule-25-Ethical-Walls-Agreement-v20--20250626-675,details
6897,RM10438_Call-Off-Schedule-25-Ethical-Walls-Agreement-v20--20250626-688,details
6898,RM10438_Call-Off-Schedule-25-Ethical-Walls-Agreement-v20--20250626-694,details
6899,RM10438_Call-Off-Schedule-25-Ethical-Walls-Agreement-v20--20250626-695,details
6900,RM10438_Call-Off-Schedule-6-Intellectual-Property-Rights-and-Additional-Terms-on-Digital-Deliverables-v10--20250626-743,details
6901,RM10438_Call-Off-Schedule-6-Intellectual-Property-Rights-and-Additional-Terms-on-Digital-Deliverables-v10--20250626-764,details
6902,RM10438_Call-Off-Schedule-8-Business-Continuity-and-Disaster-Recovery-v10--20250626-788,details
6903,RM10438_Call-Off-Schedule-8-Business-Continuity-and-Disaster-Recovery-v10--20250626-801,details
6904,RM10438_Call-Off-Schedule-8-Business-Continuity-and-Disaster-Recovery-v10--20250626-803,details
6905,RM10438_Call-Off-Schedule-8-Business-Continuity-and-Disaster-Recovery-v10--20250626-807,details
6906,RM10438_Call-Off-Schedule-9-Security-v20--20250626-820,details
6907,RM10438_Call-Off-Schedule-9-Security-v20--20250626-825,details
6908,RM10438_Call-Off-Schedule-9-Security-v20--20250626-845,details
6909,RM10438_Call-Off-Schedule-9-Security-v20--20250626-859,details
6910,RM10438_Call-Off-Schedule-9-Security-v20--20250626-873,details
6911,RM10438_Call-Off-Schedule-9-Security-v20--20250626-894,details
6912,RM10438_Framework-Schedule-6-Order-Form-Template-Statement-of-Work-Template-and-Call-Off-Schedules-v20--20250626-1214,details
6913,RM10438_Framework-Schedule-6-Order-Form-Template-Statement-of-Work-Template-and-Call-Off-Schedules-v20--20250626-1215,details
6914,RM10438_Framework-Schedule-6-Order-Form-Template-Statement-of-Work-Template-and-Call-Off-Schedules-v20--20250626-1218,details
6915,RM10438_Framework-Schedule-6-Order-Form-Template-Statement-of-Work-Template-and-Call-Off-Schedules-v20--20250626-1226,details
6916,RM10438_Framework-Schedule-6-Order-Form-Template-Statement-of-Work-Template-and-Call-Off-Schedules-v20--20250626-1232,details
6917,RM10438_Framework-Schedule-6-Order-Form-Template-Statement-of-Work-Template-and-Call-Off-Schedules-v20--20250626-1233,details
6918,RM10438_Framework-Schedule-6-Order-Form-Template-Statement-of-Work-Template-and-Call-Off-Schedules-v20--20250626-1236,details
6919,RM10438_Framework-Schedule-6-Order-Form-Template-Statement-of-Work-Template-and-Call-Off-Schedules-v20--20250626-1239,details
6920,RM10438_Framework-Schedule-7-Call-Off-Award-Procedure-v10--20250626-1244,details
6921,RM10438_Framework-Schedule-7-Call-Off-Award-Procedure-v10--20250626-1249,details
6922,RM10438_Framework-Schedule-7-Call-Off-Award-Procedure-v10--20250626-1260,details
6923,RM10438_Framework-Schedule-7-Call-Off-Award-Procedure-v10--20250626-1264,details
6924,RM10438_Framework-Schedule-7-Call-Off-Award-Procedure-v10--20250626-1272,details
6925,RM10438_Framework-Schedule-8-Self-Audit-Certificate-v10--20250626-1279,details
6926,RM10438_Framework-Schedule-8-Self-Audit-Certificate-v10--20250626-1280,details
6927,RM10438_Joint-Schedule-1-Definitions-v10--20250626-1295,details
6928,RM10438_Framework-Award-Form-v20-1--20250626-1016,details
6929,RM10438_Framework-Award-Form-v20-1--20250626-1021,details
6930,RM10438_Framework-Award-Form-v20-1--20250626-1024,details
6931,RM10438_Framework-Schedule-1-Specification-v10-1--20250626-1039,details
6932,RM10438_Framework-Schedule-1-Specification-v10-1--20250626-1041,details
6933,RM10438_Framework-Schedule-1-Specification-v10-1--20250626-1047,details
6934,RM10438_Framework-Schedule-3-Framework-Prices-v10-1--20250626-1079,details
6935,RM10438_Framework-Schedule-3-Framework-Prices-v10-1--20250626-1096,details
6936,RM10438_Framework-Schedule-4-Framework-Management-v10--20250626-1100,details
6937,RM10438_Framework-Schedule-4-Framework-Management-v10--20250626-1110,details
6938,RM10438_Core-Terms-v3011--20250626-923,details
6939,RM10438_Core-Terms-v3011--20250626-930,details
6940,RM10438_Core-Terms-v3011--20250626-938,details
6941,RM10438_Core-Terms-v3011--20250626-942,details
6942,RM10438_Core-Terms-v3011--20250626-957,details
6943,RM10438_Core-Terms-v3011--20250626-962,details
6944,RM10438_Core-Terms-v3011--20250626-967,details
6945,RM10438_Core-Terms-v3011--20250626-984,details
6946,RM10438_Core-Terms-v3011--20250626-991,details
6947,RM10438_Core-Terms-v3011--20250626-1000,details
6948,RM10438_Framework-Schedule-4-Framework-Management-v10--20250626-1113,details
6949,RM10438_Framework-Schedule-4-Framework-Management-v10--20250626-1132,details
6950,RM10438_Framework-Schedule-6-Order-Form-Template-Statement-of-Work-Template-and-Call-Off-Schedules-v20_1--20250626-1151,details
6951,RM10438_Framework-Schedule-6-Order-Form-Template-Statement-of-Work-Template-and-Call-Off-Schedules-v20_1--20250626-1153,details
6952,RM10438_Framework-Schedule-6-Order-Form-Template-Statement-of-Work-Template-and-Call-Off-Schedules-v20_1--20250626-1160,details
6953,RM10438_Framework-Schedule-6-Order-Form-Template-Statement-of-Work-Template-and-Call-Off-Schedules-v20--20250626-1201,details
6954,RM10438_Joint-Schedule-8-Guarantee-v10--20250626-1623,details
6955,RM10438_Joint-Schedule-8-Guarantee-v10--20250626-1624,details
6956,RM10438_Joint-Schedule-8-Guarantee-v10--20250626-1626,details
6957,RM10438_Joint-Schedule-8-Guarantee-v10--20250626-1627,details
6958,RM10438_Joint-Schedule-8-Guarantee-v10--20250626-1631,details
6959,Why_you_cant_use_the_RM1043_8--20250626-1637,details
6960,RM6098-Aggregation-case-studies-v4-1--20250626-1642,details
6961,RM6098-Buyer-guidance-to-the-public-sector-contract-v41_1--20250626-1660,details
6962,RM6098-Buyer-guidance-to-the-public-sector-contract-v41_1--20250626-1661,details
6963,RM6098-Buyer-guidance-to-the-public-sector-contract-v41_1--20250626-1670,details
6964,RM6098-Buyer-guidance-to-the-public-sector-contract-v41_1--20250626-1679,details
6965,RM6098-Buyer-guidance-to-the-public-sector-contract-v41_1--20250626-1714,details
6966,RM10438_Joint-Schedule-1-Definitions-v10--20250626-1317,details
6967,RM10438_Joint-Schedule-1-Definitions-v10--20250626-1362,details
6968,RM10438_Joint-Schedule-1-Definitions-v10--20250626-1385,details
6969,RM10438_Joint-Schedule-1-Definitions-v10--20250626-1387,details
6970,RM10438_Joint-Schedule-1-Definitions-v10--20250626-1393,details
6971,RM10438_Joint-Schedule-1-Definitions-v10--20250626-1394,details
6972,RM10438_Joint-Schedule-2-Variation-Form-v10--20250626-1516,details
6973,RM10438_Joint-Schedule-3-Insurance-Requirements-v10--20250626-1519,details
6974,RM10438_Joint-Schedule-5-Corporate-Social-Responsibility-v10--20250626-1539,details
6975,RM10438_Joint-Schedule-7-Financial-Difficulties-v10--20250626-1569,details
6976,RM10438_Joint-Schedule-8-Guarantee-v10--20250626-1596,details
6977,RM10438_Joint-Schedule-8-Guarantee-v10--20250626-1598,details
6978,RM10438_Joint-Schedule-11-Processing-Data-v10--20250626-1429,details
6979,RM10438_Joint-Schedule-11-Processing-Data-v10--20250626-1445,details
6980,RM10438_Joint-Schedule-11-Processing-Data-v10--20250626-1476,details
6981,RM10438_Joint-Schedule-11-Processing-Data-v10--20250626-1479,details
6982,RM10438_Joint-Schedule-11-Processing-Data-v10--20250626-1486,details
6983,RM10438_Joint-Schedule-11-Processing-Data-v10--20250626-1499,details
6984,RM6098-Call-Off-Schedule-2-Staff-Transfer-v10-1--20250626-2020,details
6985,RM6098-Call-Off-Schedule-2-Staff-Transfer-v10-1--20250626-2055,details
6986,RM6098-Call-Off-Schedule-2-Staff-Transfer-v10-1--20250626-2067,details
6987,RM6098-Call-Off-Schedule-2-Staff-Transfer-v10-1--20250626-2078,details
6988,RM6098-Call-Off-Schedule-2-Staff-Transfer-v10-1--20250626-2092,details
6989,RM6098-Call-Off-Schedule-2-Staff-Transfer-v10-1--20250626-2097,details
6990,RM6098-Call-Off-Schedule-2-Staff-Transfer-v10-1--20250626-2098,details
6991,RM6098-Call-Off-Schedule-2-Staff-Transfer-v10-1--20250626-2099,details
6992,RM6098-Call-Off-Schedule-2-Staff-Transfer-v10-1--20250626-2112,details
6993,RM6098-Call-Off-Schedule-2-Staff-Transfer-v10-1--20250626-2115,details
6994,RM6098-Call-Off-Schedule-13-Implementation-Plan-and-Testing-v10--20250626-1939,details
6995,RM6098-Call-Off-Schedule-14-Service-Levels-v10--20250626-1960,details
6996,RM6098-Call-Off-Schedule-15-Call-Off-Contract-Management-v10--20250626-1962,details
6997,RM6098-Call-Off-Schedule-16-Benchmarking-v10--20250626-1978,details
6998,RM6098-Call-Off-Schedule-16-Benchmarking-v10--20250626-1979,details
6999,RM6098-Call-Off-schedule-17-MOD-terms-v11--20250626-1990,details
7000,RM6098-Call-Off-Schedule-2-Staff-Transfer-v10-1--20250626-2014,details
7001,RM6098-Buyer-guide-v81_1--20250626-1820,details
7002,RM6098-Call-Off-Schedule-1-Transparency-Reports-v10-1--20250626-1827,details
7003,RM6098-Call-Off-Schedule-1-Transparency-Reports-v10-1--20250626-1830,details
7004,RM6098-Call-Off-Schedule-10-Exit-Management-v20--20250626-1834,details
7005,RM6098-Call-Off-Schedule-10-Exit-Management-v20--20250626-1855,details
7006,RM6098-Call-Off-Schedule-12-Clustering-v10--20250626-1879,details
7007,RM6098-Call-Off-Schedule-13-Implementation-Plan-and-Testing-v10--20250626-1906,details
7008,RM6098-Buyer-guidance-to-the-public-sector-contract-v41_1--20250626-1722,details
7009,RM6098-Buyer-guide-v81_1--20250626-1781,details
7010,RM6098-Buyer-guide-v81_1--20250626-1784,details
7011,RM6098-Buyer-guide-v81_1--20250626-1796,details
7012,RM6098-Buyer-guide-v81_1--20250626-1808,details
7013,RM6098-Call-Off-Schedule-2-Staff-Transfer-v10-1--20250626-2130,details
7014,RM6098-Call-Off-Schedule-2-Staff-Transfer-v10-1--20250626-2135,details
7015,RM6098-Call-Off-Schedule-2-Staff-Transfer-v10-1--20250626-2154,details
7016,RM6098-Call-Off-Schedule-2-Staff-Transfer-v10-1--20250626-2156,details
7017,RM6098-Call-Off-Schedule-2-Staff-Transfer-v10-1--20250626-2170,details
7018,RM6098-Call-Off-Schedule-2-Staff-Transfer-v10-1--20250626-2173,details
7019,RM6098-Call-Off-Schedule-2-Staff-Transfer-v10-1--20250626-2177,details
7020,RM6098-Call-Off-Schedule-2-Staff-Transfer-v10-1--20250626-2186,details
7021,RM6098-Call-Off-Schedule-2-Staff-Transfer-v10-1--20250626-2190,details
7022,RM6098-Call-Off-Schedule-2-Staff-Transfer-v10-1--20250626-2191,details
7023,RM6098-Call-Off-Schedule-2-Staff-Transfer-v10-1--20250626-2192,details
7024,RM6098-Call-Off-Schedule-2-Staff-Transfer-v10-1--20250626-2198,details
7025,RM6098-Call-Off-Schedule-2-Staff-Transfer-v10-1--20250626-2199,details
7026,RM6098-Call-Off-Schedule-2-Staff-Transfer-v10-1--20250626-2200,details
7027,RM6098-Call-Off-Schedule-2-Staff-Transfer-v10-1--20250626-2207,details
7028,RM6098-Call-Off-Schedule-21-Northern-Ireland-Law-v10--20250626-2224,details
7029,RM6098-Call-Off-Schedule-22-Lease-Terms-FINANCIAL-LEASE-v11--20250626-2233,details
7030,RM6098-Call-Off-Schedule-22-Lease-Terms-FINANCIAL-LEASE-v11--20250626-2237,details
7031,RM6098-Call-Off-Schedule-22-Lease-Terms-FINANCIAL-LEASE-v11--20250626-2243,details
7032,RM6098-Call-Off-Schedule-22-Lease-Terms-FINANCIAL-LEASE-v11--20250626-2245,details
7033,RM6098-Call-Off-Schedule-22-Lease-Terms-FINANCIAL-LEASE-v11--20250626-2247,details
7034,RM6098-Call-Off-Schedule-22-Lease-Terms-FINANCIAL-LEASE-v11--20250626-2248,details
7035,RM6098-Call-Off-Schedule-22-Lease-Terms-FINANCIAL-LEASE-v11--20250626-2256,details
7036,RM6098-Call-Off-Schedule-22-Lease-Terms-FINANCIAL-LEASE-v11--20250626-2272,details
7037,RM6098-Call-Off-Schedule-22-Lease-Terms-FINANCIAL-LEASE-v11--20250626-2276,details
7038,RM6098-Call-Off-Schedule-22-Lease-Terms-FINANCIAL-LEASE-v11--20250626-2289,details
7039,RM6098-Call-Off-Schedule-22-Lease-Terms-FINANCIAL-LEASE-v11--20250626-2297,details
7040,RM6098-Call-Off-Schedule-22-Lease-Terms-OPERATIONAL-LEASE-v11--20250626-2432,details
7041,RM6098-Call-Off-Schedule-22-Lease-Terms-OPERATIONAL-LEASE-v11--20250626-2436,details
7042,RM6098-Call-Off-Schedule-22-Lease-Terms-OPERATIONAL-LEASE-v11--20250626-2440,details
7043,RM6098-Call-Off-Schedule-22-Lease-Terms-OPERATIONAL-LEASE-v11--20250626-2441,details
7044,RM6098-Call-Off-Schedule-22-Lease-Terms-OPERATIONAL-LEASE-v11--20250626-2458,details
7045,RM6098-Call-Off-Schedule-22-Lease-Terms-v21--20250626-2468,details
7046,RM6098-Call-Off-Schedule-22-Lease-Terms-v21--20250626-2469,details
7047,RM6098-Call-Off-Schedule-22-Lease-Terms-v21--20250626-2489,details
7048,RM6098-Call-Off-Schedule-22-Lease-Terms-v21--20250626-2490,details
7049,RM6098-Call-Off-Schedule-22-Lease-Terms-v21--20250626-2504,details
7050,RM6098-Call-Off-Schedule-22-Lease-Terms-FINANCIAL-LEASE-v11--20250626-2325,details
7051,RM6098-Call-Off-Schedule-22-Lease-Terms-FINANCIAL-LEASE-v11--20250626-2340,details
7052,RM6098-Call-Off-Schedule-22-Lease-Terms-OPERATIONAL-LEASE-v11--20250626-2387,details
7053,RM6098-Call-Off-Schedule-22-Lease-Terms-OPERATIONAL-LEASE-v11--20250626-2388,details
7054,RM6098-Call-Off-Schedule-22-Lease-Terms-OPERATIONAL-LEASE-v11--20250626-2396,details
7055,RM6098-Call-Off-Schedule-22-Lease-Terms-OPERATIONAL-LEASE-v11--20250626-2400,details
7056,RM6098-Call-Off-Schedule-22-Lease-Terms-OPERATIONAL-LEASE-v11--20250626-2402,details
7057,RM6098-Call-Off-Schedule-22-Lease-Terms-OPERATIONAL-LEASE-v11--20250626-2411,details
7058,RM6098-Call-Off-Schedule-6-ICT-Services-v20-1--20250626-2743,details
7059,RM6098-Call-Off-Schedule-6-ICT-Services-v20-1--20250626-2746,details
7060,RM6098-Call-Off-Schedule-6-ICT-Services-v20-1--20250626-2755,details
7061,RM6098-Call-Off-Schedule-6-ICT-Services-v20-1--20250626-2773,details
7062,RM6098-Call-Off-Schedule-6-ICT-Services-v20-1--20250626-2784,details
7063,RM6098-Call-Off-Schedule-6-ICT-Services-v20-1--20250626-2798,details
7064,RM6098-Call-Off-Schedule-6-ICT-Services-v20-1--20250626-2800,details
7065,RM6098-Call-Off-Schedule-7-Key-Supplier-Staff-v10--20250626-2808,details
7066,RM6098-Call-Off-Schedule-8-Business-Continuity-and-Disaster-Recovery-v10--20250626-2810,details
7067,RM6098-Call-Off-Schedule-8-Business-Continuity-and-Disaster-Recovery-v10--20250626-2814,details
7068,RM6098-Call-Off-Schedule-22-Lease-Terms-v21--20250626-2528,details
7069,RM6098-Call-Off-Schedule-22-Lease-Terms-v21--20250626-2538,details
7070,RM6098-Call-Off-Schedule-22-Lease-Terms-v21--20250626-2575,details
7071,RM6098-Call-Off-Schedule-22-Lease-Terms-v21--20250626-2585,details
7072,RM6098-Call-Off-Schedule-22-Lease-Terms-v21--20250626-2596,details
7073,RM6098-Call-Off-Schedule-22-Lease-Terms-v21--20250626-2597,details
7074,RM6098-Call-Off-Schedule-22-Lease-Terms-v21--20250626-2602,details
7075,RM6098-Call-Off-Schedule-23-HMRC-Terms-v10--20250626-2605,details
7076,RM6098-Call-Off-Schedule-23-HMRC-Terms-v10--20250626-2619,details
7077,RM6098-Call-Off-Schedule-8-Business-Continuity-and-Disaster-Recovery-v10--20250626-2860,details
7078,RM6098-Call-Off-Schedule-8-Business-Continuity-and-Disaster-Recovery-v10--20250626-2863,details
7079,RM6098-Call-Off-Schedule-9-Security-v10--20250626-2881,details
7080,RM6098-Call-Off-Schedule-9-Security-v10--20250626-2886,details
7081,RM6098-Call-Off-Schedule-9-Security-v10--20250626-2891,details
7082,RM6098-Call-Off-Schedule-9-Security-v10--20250626-2902,details
7083,RM6098-Call-Off-Schedule-9-Security-v10--20250626-2903,details
7084,RM6098-Call-Off-Schedule-6-Annex-E-As-a-Service-additional-terms-v20--20250626-2648,details
7085,RM6098-Call-Off-Schedule-6-Annex-E-As-a-Service-additional-terms-v20--20250626-2659,details
7086,RM6098-Call-Off-Schedule-6-Annex-E-As-a-Service-additional-terms-v20--20250626-2664,details
7087,RM6098-Call-Off-Schedule-6-Annex-E-As-a-Service-additional-terms-v20--20250626-2692,details
7088,RM6098-Call-Off-Schedule-6-Annex-E-As-a-Service-additional-terms-v20--20250626-2696,details
7089,RM6098-Call-Off-Schedule-6-Annex-E-As-a-Service-additional-terms-v20--20250626-2719,details
7090,RM6098-Framework-Award-Form-v20--20250626-3142,details
7091,RM6098-Framework-Award-Form-v20--20250626-3158,details
7092,RM6098-Framework-Award-Form-v20--20250626-3166,details
7093,RM6098-Framework-schedule-1-specification-v41--20250626-3175,details
7094,RM6098-Framework-schedule-1-specification-v41--20250626-3188,details
7095,RM6098-Framework-schedule-1-specification-v41--20250626-3191,details
7096,RM6098-Framework-schedule-1-specification-v41--20250626-3220,details
7097,RM6098-Framework-schedule-1-specification-v41--20250626-3223,details
7098,RM6098-Framework-schedule-1-specification-v41--20250626-3225,details
7099,RM6098-Framework-schedule-1-specification-v41--20250626-3229,details
7100,RM6098-Core-terms-v3011-1--20250626-3031,details
7101,RM6098-Core-terms-v3011-1--20250626-3042,details
7102,RM6098-Core-terms-v3011-1--20250626-3052,details
7103,RM6098-Core-terms-v3011-1--20250626-3061,details
7104,RM6098-Core-terms-v3011-1--20250626-3068,details
7105,RM6098-Core-terms-v3011-1--20250626-3096,details
7106,RM6098-Core-terms-v3011-1--20250626-3097,details
7107,RM6098-Core-terms-v3011-1--20250626-3099,details
7108,RM6098-Expression-of-interest-template-v2--20250626-3123,details
7109,RM6098-Call-Off-Schedule-9-Security-v10--20250626-2957,details
7110,RM6098-Call-Off-Schedule-9-Security-v10--20250626-2959,details
7111,RM6098-Case-studies-v5_2--20250626-2974,details
7112,RM6098-Case-studies-v5_2--20250626-2975,details
7113,RM6098-Case-studies-v5_2--20250626-2984,details
7114,RM6098-Case-studies-v5_2--20250626-2986,details
7115,RM6098-Case-studies-v5_2--20250626-3004,details
7116,RM6098-Core-terms-v3011-1--20250626-3028,details
7117,RM6098-Framework-schedule-1-specification-v41--20250626-3261,details
7118,RM6098-Framework-schedule-1-specification-v41--20250626-3262,details
7119,RM6098-Framework-Schedule-3-Framework-Prices-v20--20250626-3289,details
7120,RM6098-Framework-Schedule-4-Framework-Management-v20--20250626-3305,details
7121,RM6098-Framework-Schedule-5-Management-Charges-and-Information-v10--20250626-3321,details
7122,RM6098-Framework-Schedule-5-Management-Charges-and-Information-v10--20250626-3328,details
7123,RM6098-Invitation-to-tender-template-v3--20250626-3442,details
7124,RM6098-Invitation-to-tender-template-v3--20250626-3445,details
7125,RM6098-Invitation-to-tender-template-v3--20250626-3456,details
7126,RM6098-Invitation-to-tender-template-v3--20250626-3459,details
7127,RM6098-Invitation-to-tender-template-v3--20250626-3460,details
7128,RM6098-Joint-Schedule-11-processing-data-v20--20250626-3483,details
7129,RM6098-Joint-Schedule-11-processing-data-v20--20250626-3489,details
7130,RM6098-Joint-Schedule-11-processing-data-v20--20250626-3496,details
7131,RM6098-Joint-Schedule-11-processing-data-v20--20250626-3501,details
7132,RM6098-Joint-Schedule-11-processing-data-v20--20250626-3502,details
7133,RM6098-Joint-Schedule-11-processing-data-v20--20250626-3515,details
7134,RM6098-Joint-Schedule-11-processing-data-v20--20250626-3536,details
7135,RM6098-Joint-Schedule-11-processing-data-v20--20250626-3550,details
7136,RM6098-Joint-Schedule-11-processing-data-v20--20250626-3561,details
7137,RM6098-Joint-Schedule-11-processing-data-v20--20250626-3570,details
7138,RM6098-Joint-Schedule-11-processing-data-v20--20250626-3572,details
7139,RM6098-Joint-Schedule-11-processing-data-v20--20250626-3582,details
7140,RM6098-Joint-Schedule-3-Insurance-Requirements-v10--20250626-3598,details
7141,RM6098-Joint-Schedule-4-Commercially-Sensitive-Information-v10--20250626-3609,details
7142,RM6098-Joint-Schedule-5-Corporate-Social-Responsibility-v30-1--20250626-3625,details
7143,RM6098-Joint-Schedule-6-Key-Subcontractors-v10--20250626-3632,details
7144,RM6098-Joint-Schedule-6-Key-Subcontractors-v10--20250626-3636,details
7145,RM6098-Joint-Schedule-7-Financial-Difficulties-v34--20250626-3670,details
7146,RM6098-Joint-Schedule-7-Financial-Difficulties-v34--20250626-3676,details
7147,RM6098-Joint-Schedule-7-Financial-Difficulties-v34--20250626-3686,details
7148,RM6098-Joint-Schedule-7-Financial-Difficulties-v34--20250626-3697,details
7149,RM6098-Joint-Schedule-7-Financial-Difficulties-v34--20250626-3701,details
7150,RM6098-Joint-Schedule-7-Financial-Difficulties-v34--20250626-3708,details
7151,RM6098-Joint-Schedule-7-Financial-Difficulties-v34--20250626-3716,details
7152,RM6098-Joint-Schedule-7-Financial-Difficulties-v34--20250626-3722,details
7153,RM6098-Framework-schedule-6-order-form-template-and-call-off-schedules-v31--20250626-3354,details
7154,RM6098-Framework-Schedule-7-Call-Off-Award-Procedure-v2--20250626-3396,details
7155,RM6098-Framework-Schedule-7-Call-Off-Award-Procedure-v2--20250626-3397,details
7156,RM6098-Invitation-to-tender-template-v3--20250626-3416,details
7157,RM6098-Model-Contract-Pack-v3--20250626-3940,details
7158,RM6098-Model-Contract-Pack-v3--20250626-3956,details
7159,RM6098-Model-Contract-Pack-v3--20250626-3966,details
7160,RM6098-Model-Contract-Pack-v3--20250626-3997,details
7161,RM6098-Model-Contract-Pack-v3--20250626-4006,details
7162,RM6098-Model-Contract-Pack-v3--20250626-4008,details
7163,RM6098-Model-Contract-Pack-v3--20250626-4014,details
7164,RM6098-Model-Contract-Pack-v3--20250626-4021,details
7165,RM6098-Model-Contract-Pack-v3--20250626-4032,details
7166,RM6098-Model-Contract-Pack-v3--20250626-4052,details
7167,RM6098-Model-Contract-Pack-v3--20250626-4053,details
7168,RM6098-Model-Contract-Pack-v3--20250626-4057,details
7169,RM6098-Model-Contract-Pack-v3--20250626-4066,details
7170,RM6098-Model-Contract-Pack-v3--20250626-4071,details
7171,RM6098-Model-Contract-Pack-v3--20250626-4081,details
7172,RM6098-Model-Contract-Pack-v3--20250626-4092,details
7173,RM6098-Model-Contract-Pack-v3--20250626-4124,details
7174,RM6098-Model-Contract-Pack-v3--20250626-4131,details
7175,RM6098-Model-Contract-Pack-v3--20250626-3884,details
7176,RM6098-Model-Contract-Pack-v3--20250626-3887,details
7177,RM6098-Model-Contract-Pack-v3--20250626-3892,details
7178,RM6098-Model-Contract-Pack-v3--20250626-3895,details
7179,RM6098-Model-Contract-Pack-v3--20250626-3898,details
7180,RM6098-Model-Contract-Pack-v3--20250626-3902,details
7181,RM6098-Model-Contract-Pack-v3--20250626-3912,details
7182,RM6098-Model-Contract-Pack-v3--20250626-3915,details
7183,RM6098-Joint-Schedule-8-Guarantee-for-PSC-v10--20250626-3747,details
7184,RM6098-Leasing-tech-hardware-best-practice-process-v28-1--20250626-3774,details
7185,RM6098-Leasing-tech-hardware-best-practice-process-v28-1--20250626-3778,details
7186,RM6098-Market-engagement-best-practice-process-v27--20250626-3823,details
7187,RM6098-Model-Contract-Pack-v3--20250626-4144,details
7188,RM6098-Model-Contract-Pack-v3--20250626-4151,details
7189,RM6098-Model-Contract-Pack-v3--20250626-4152,details
7190,RM6098-Model-Contract-Pack-v3--20250626-4164,details
7191,RM6098-Model-Contract-Pack-v3--20250626-4166,details
7192,RM6098-Model-Contract-Pack-v3--20250626-4173,details
7193,RM6098-Model-Contract-Pack-v3--20250626-4178,details
7194,RM6098-Request-for-information-template-v21--20250626-4212,details
7195,RM6098_Benefits--20250626-4231,details
7196,RM6116-Buyer-guide-v12--20250626-4252,details
7197,RM6116-Buyer-guide-v12--20250626-4276,details
7198,RM6116-Buyer-guide-v12--20250626-4280,details
7199,RM6116-Buyer-guide-v12--20250626-4291,details
7200,RM6116-Buyer-guide-v12--20250626-4292,details
7201,RM6116-Buyer-guide-v12--20250626-4300,details
7202,RM6116-Buyer-guide-v12--20250626-4306,details
7203,RM6116-Buyer-guide-v12--20250626-4314,details
7204,RM6116-Call-Off-Schedule-10-Exit-Management-V12--20250626-4341,details
7205,RM6116-Call-Off-Schedule-14-Service-Levels-vFinal11--20250626-4472,details
7206,RM6116-Call-Off-Schedule-14-Service-Levels-vFinal11--20250626-4482,details
7207,RM6116-Call-Off-Schedule-14-Service-Levels-vFinal11--20250626-4499,details
7208,RM6116-Call-Off-Schedule-16-Benchmarking-vFinal--20250626-4516,details
7209,RM6116-Call-Off-Schedule-16-Benchmarking-vFinal--20250626-4518,details
7210,RM6116-Call-Off-Schedule-18-Background-Checks-vFinal--20250626-4543,details
7211,RM6116-Call-Off-Schedule-10-Exit-Management-V12--20250626-4350,details
7212,RM6116-Call-Off-Schedule-10-Exit-Management-V12--20250626-4356,details
7213,RM6116-Call-Off-Schedule-12-Clustering-vFinal--20250626-4365,details
7214,RM6116-Call-Off-Schedule-12-Clustering-vFinal--20250626-4374,details
7215,RM6116-Call-Off-Schedule-13-Implementation-Plan-and-Testing-v11--20250626-4413,details
7216,RM6116-Call-Off-Schedule-14-Service-Levels-vFinal11--20250626-4433,details
7217,RM6116-Call-Off-Schedule-2-Staff-Transfer-vFinal--20250626-4575,details
7218,RM6116-Call-Off-Schedule-2-Staff-Transfer-vFinal--20250626-4590,details
7219,RM6116-Call-Off-Schedule-2-Staff-Transfer-vFinal--20250626-4601,details
7220,RM6116-Call-Off-Schedule-2-Staff-Transfer-vFinal--20250626-4622,details
7221,RM6116-Call-Off-Schedule-2-Staff-Transfer-vFinal--20250626-4627,details
7222,RM6116-Call-Off-Schedule-2-Staff-Transfer-vFinal--20250626-4635,details
7223,RM6116-Call-Off-Schedule-2-Staff-Transfer-vFinal--20250626-4641,details
7224,RM6116-Call-Off-Schedule-2-Staff-Transfer-vFinal--20250626-4642,details
7225,RM6116-Call-Off-Schedule-2-Staff-Transfer-vFinal--20250626-4645,details
7226,RM6116-Call-Off-Schedule-25-Supplier-Operational-Terms-vFinal--20250626-4852,details
7227,RM6116-Call-Off-Schedule-3-Continuous-Improvement-v11--20250626-4857,details
7228,RM6116-Call-Off-Schedule-6-ICT-Services-v11--20250626-4869,details
7229,RM6116-Call-Off-Schedule-6-ICT-Services-v11--20250626-4872,details
7230,RM6116-Call-Off-Schedule-6-ICT-Services-v11--20250626-4880,details
7231,RM6116-Call-Off-Schedule-6-ICT-Services-v11--20250626-4893,details
7232,RM6116-Call-Off-Schedule-6-ICT-Services-v11--20250626-4899,details
7233,RM6116-Call-Off-Schedule-6-ICT-Services-v11--20250626-4908,details
7234,RM6116-Call-Off-Schedule-2-Staff-Transfer-vFinal--20250626-4649,details
7235,RM6116-Call-Off-Schedule-2-Staff-Transfer-vFinal--20250626-4675,details
7236,RM6116-Call-Off-Schedule-2-Staff-Transfer-vFinal--20250626-4676,details
7237,RM6116-Call-Off-Schedule-2-Staff-Transfer-vFinal--20250626-4697,details
7238,RM6116-Call-Off-Schedule-2-Staff-Transfer-vFinal--20250626-4706,details
7239,RM6116-Call-Off-Schedule-2-Staff-Transfer-vFinal--20250626-4713,details
7240,RM6116-Call-Off-Schedule-2-Staff-Transfer-vFinal--20250626-4729,details
7241,RM6116-Call-Off-Schedule-2-Staff-Transfer-vFinal--20250626-4733,details
7242,RM6116-Call-Off-Schedule-2-Staff-Transfer-vFinal--20250626-4748,details
7243,RM6116-Call-Off-Schedule-2-Staff-Transfer-vFinal--20250626-4756,details
7244,RM6116-Call-Off-Schedule-2-Staff-Transfer-vFinal--20250626-4801,details
7245,RM6116-Call-Off-Schedule-21-Northern-Ireland-Law-vFinal--20250626-4813,details
7246,RM6116-Framework-Schedule-3-Framework-Prices-vFinal-11--20250626-5171,details
7247,RM6116-Framework-Schedule-3-Framework-Prices-vFinal-11--20250626-5184,details
7248,RM6116-Framework-Schedule-3-Framework-Prices-vFinal-11--20250626-5187,details
7249,RM6116-Framework-Schedule-3-Framework-Prices-vFinal-11--20250626-5189,details
7250,RM6116-Framework-Schedule-4-Framework-Management-vFinal--20250626-5194,details
7251,RM6116-Framework-Schedule-4-Framework-Management-vFinal--20250626-5209,details
7252,RM6116-Framework-Schedule-4-Framework-Management-vFinal--20250626-5212,details
7253,RM6116-Framework-Schedule-5-Management-Charges-and-Information-vFinal--20250626-5220,details
7254,RM6116-Framework-Schedule-6-Order-Form-Template-and-Call-Off-Schedules-vFinal11--20250626-5247,details
7255,RM6116-Framework-Schedule-6-Order-Form-Template-and-Call-Off-Schedules-vFinal11--20250626-5250,details
7256,RM6116-Call-Off-Schedule-9-Security-vFinal--20250626-5053,details
7257,RM6116-Call-Off-Schedule-9-Security-vFinal--20250626-5054,details
7258,RM6116-Framework-Schedule-1-Specification-vFinal--20250626-5092,details
7259,RM6116-Framework-Schedule-1-Specification-vFinal--20250626-5101,details
7260,RM6116-Framework-Schedule-1-Specification-vFinal--20250626-5111,details
7261,RM6116-Framework-Schedule-1-Specification-vFinal--20250626-5118,details
7262,RM6116-Framework-Schedule-1-Specification-vFinal--20250626-5126,details
7263,RM6116-Framework-Schedule-1-Specification-vFinal--20250626-5148,details
7264,RM6116-Framework-Schedule-7-Call-Off-Award-Procedure-v10-2--20250626-5256,details
7265,RM6116-Framework-Schedule-7-Call-Off-Award-Procedure-v10-2--20250626-5257,details
7266,RM6116-Framework-Schedule-7-Call-Off-Award-Procedure-v10-2--20250626-5264,details
7267,RM6116-Framework-Schedule-7-Call-Off-Award-Procedure-v10-2--20250626-5275,details
7268,RM6116-Framework-Schedule-7-Call-Off-Award-Procedure-v10-2--20250626-5280,details
7269,RM6116-Framework-Schedule-7-Call-Off-Award-Procedure-v10-2--20250626-5281,details
7270,RM6116-Joint-Schedule-1-Definitions-vFinal--20250626-5344,details
7271,RM6116-Call-Off-Schedule-9-Security-vFinal--20250626-5026,details
7272,RM6116-Call-Off-Schedule-9-Security-vFinal--20250626-5033,details
7273,RM6116-Call-Off-Schedule-9-Security-vFinal--20250626-5039,details
7274,RM6116-Joint-Schedule-7-Financial-Difficulties-v11docx--20250626-5589,details
7275,RM6116-Joint-Schedule-7-Financial-Difficulties-v11docx--20250626-5594,details
7276,RM6116-Joint-Schedule-7-Financial-Difficulties-v11docx--20250626-5601,details
7277,RM6116-Joint-Schedule-7-Financial-Difficulties-v11docx--20250626-5602,details
7278,RM6116-Joint-Schedule-7-Financial-Difficulties-v11docx--20250626-5613,details
7279,RM6116-Joint-Schedule-7-Financial-Difficulties-v11docx--20250626-5627,details
7280,RM6116-Joint-Schedule-7-Financial-Difficulties-v11docx--20250626-5629,details
7281,RM6116-Joint-Schedule-7-Financial-Difficulties-v11docx--20250626-5633,details
7282,RM6116-Joint-Schedule-7-Financial-Difficulties-v11docx--20250626-5638,details
7283,RM6116-Joint-Schedule-7-Financial-Difficulties-v11docx--20250626-5647,details
7284,RM6116-Joint-Schedule-7-Financial-Difficulties-v11docx--20250626-5660,details
7285,RM6116-Joint-Schedule-7-Financial-Difficulties-v11docx--20250626-5672,details
7286,RM6116-Joint-Schedule-7-Financial-Difficulties-v11docx--20250626-5679,details
7287,RM6116-Network-Services-3-Statement-of-Requirements-Template-accessible-v1-1--20250626-5712,details
7288,RM6116-Network-Services-3-Statement-of-Requirements-Template-accessible-v1-1--20250626-5719,details
7289,RM6116-NS3-Core-terms-v3011--20250626-5725,details
7290,RM6116-NS3-Core-terms-v3011--20250626-5728,details
7291,RM6116-NS3-Core-terms-v3011--20250626-5744,details
7292,RM6116-Joint-Schedule-1-Definitions-vFinal--20250626-5379,details
7293,RM6116-Joint-Schedule-1-Definitions-vFinal--20250626-5393,details
7294,RM6116-Joint-Schedule-1-Definitions-vFinal--20250626-5394,details
7295,RM6116-Joint-Schedule-1-Definitions-vFinal--20250626-5405,details
7296,RM6116-Joint-Schedule-1-Definitions-vFinal--20250626-5412,details
7297,RM6116-Joint-Schedule-11-Processing-Data-vFinal-1--20250626-5439,details
7298,RM6116-Joint-Schedule-11-Processing-Data-vFinal-1--20250626-5443,details
7299,RM6116-Joint-Schedule-11-Processing-Data-vFinal-1--20250626-5465,details
7300,RM6116-Joint-Schedule-11-Processing-Data-vFinal-1--20250626-5482,details
7301,RM6116-Joint-Schedule-11-Processing-Data-vFinal-1--20250626-5487,details
7302,RM6116-Joint-Schedule-11-Processing-Data-vFinal-1--20250626-5488,details
7303,RM6116-Joint-Schedule-11-Processing-Data-vFinal-1--20250626-5511,details
7304,RM6116-Joint-Schedule-12-Supply-Chain-Visibility-vFinal--20250626-5521,details
7305,RM6187-Call-Off-Schedule-13_-Implementation-Plan-and-Testing---20250626-5969,details
7306,RM6187-Call-Off-Schedule-13_-Implementation-Plan-and-Testing---20250626-5982,details
7307,RM6187-Call-Off-Schedule-13_-Implementation-Plan-and-Testing---20250626-5996,details
7308,RM6187-Call-Off-Schedule-13_-Implementation-Plan-and-Testing---20250626-6000,details
7309,RM6187-Call-Off-Schedule-13_-Implementation-Plan-and-Testing---20250626-6010,details
7310,RM6187-Call-Off-Schedule-14_-Service-Levels---20250626-6032,details
7311,RM6187-Call-Off-Schedule-15_-Call-Off-Contract-Management---20250626-6042,details
7312,RM6187-Call-Off-Schedule-15_-Call-Off-Contract-Management---20250626-6047,details
7313,RM6187-Call-Off-Schedule-16_-Benchmarking--20250626-6058,details
7314,RM6116_Key-changes-from-NS2-to-NS3_V10docx--20250626-5885,details
7315,RM6116_Key-changes-from-NS2-to-NS3_V10docx--20250626-5888,details
7316,RM6116_Key-changes-from-NS2-to-NS3_V10docx--20250626-5890,details
7317,RM6187-Benchmarkingdocx--20250626-5893,details
7318,RM6187-Call-Off-Schedule-10_-Exit-Management---20250626-5906,details
7319,RM6187-Call-Off-Schedule-10_-Exit-Management---20250626-5908,details
7320,RM6187-Call-Off-Schedule-10_-Exit-Management---20250626-5912,details
7321,RM6187-Call-Off-Schedule-10_-Exit-Management---20250626-5918,details
7322,RM6187-Call-Off-Schedule-10_-Exit-Management---20250626-5939,details
7323,RM6187-Call-Off-Schedule-19_-Scottish-Law---20250626-6093,details
7324,RM6187-Call-Off-Schedule-19_-Scottish-Law---20250626-6097,details
7325,RM6187-Call-Off-Schedule-21_-Northern-Ireland-Law---20250626-6102,details
7326,RM6187-Call-Off-Schedule-23_-HMRC-Schedule---20250626-6121,details
7327,RM6187-Call-Off-Schedule-23_-HMRC-Schedule---20250626-6134,details
7328,RM6187-Call-Off-Schedule-23_-HMRC-Schedule---20250626-6141,details
7329,RM6187-Call-Off-Schedule-23_-HMRC-Schedule---20250626-6148,details
7330,RM6187-Call-Off-Schedule-23_-HMRC-Schedule---20250626-6149,details
7331,RM6116-NS3-Core-terms-v3011--20250626-5784,details
7332,RM6116-NS3-Core-terms-v3011--20250626-5799,details
7333,RM6116-NS3-Core-terms-v3011--20250626-5800,details
7334,RM6116_description--20250626-5857,details
7335,RM6187-Framework-Schedule-1_-Specification--20250626-6470,details
7336,RM6187-Framework-Schedule-1_-Specification--20250626-6471,details
7337,RM6187-Framework-Schedule-3_-Framework-Prices---20250626-6490,details
7338,RM6187-Framework-Schedule-3_-Framework-Prices---20250626-6491,details
7339,RM6187-Framework-Schedule-3_-Framework-Prices---20250626-6495,details
7340,RM6187-Framework-Schedule-3_-Framework-Prices---20250626-6498,details
7341,RM6187-Framework-Schedule-4_-Framework-Management---20250626-6507,details
7342,RM6187-Framework-Schedule-4_-Framework-Management---20250626-6509,details
7343,RM6187-Framework-Schedule-4_-Framework-Management---20250626-6512,details
7344,RM6187-Framework-Schedule-4_-Framework-Management---20250626-6514,details
7345,RM6187-Framework-Schedule-4_-Framework-Management---20250626-6524,details
7346,RM6187-Framework-Schedule-5_-Management-Charges-and-Information---20250626-6531,details
7347,RM6187-Framework-Schedule-5_-Management-Charges-and-Information---20250626-6539,details
7348,RM6187-Framework-Schedule-5_-Management-Charges-and-Information---20250626-6543,details
7349,RM6187-Framework-Schedule-5_-Management-Charges-and-Information---20250626-6548,details
7350,RM6187-Framework-Schedule-6_-Order-Form-and-Call-Off-Schedules-4--20250626-6557,details
7351,RM6187-Call-Off-Schedule-9_-Security---20250626-6274,details
7352,RM6187-Call-Off-Schedule-9_-Security---20250626-6276,details
7353,RM6187-Call-Off-Schedule-9_-Security---20250626-6280,details
7354,RM6187-Call-Off-Schedule-9_-Security---20250626-6290,details
7355,RM6187-Call-Off-Schedule-9_-Security---20250626-6291,details
7356,RM6187-Call-Off-Schedule-9_-Security---20250626-6293,details
7357,RM6187-Call-Off-Schedule-9_-Security---20250626-6301,details
7358,RM6187-Call-Off-Schedule-9_-Security---20250626-6315,details
7359,RM6187-Call-Off-Schedule-9_-Security---20250626-6332,details
7360,RM6187-Call-Off-Schedule-9_-Security---20250626-6344,details
7361,RM6187-Core-Terms---20250626-6352,details
7362,RM6187-Core-Terms---20250626-6353,details
7363,RM6187-Core-Terms---20250626-6361,details
7364,RM6187-Call-Off-Schedule-6_-ICT-Services---20250626-6179,details
7365,RM6187-Call-Off-Schedule-6_-ICT-Services---20250626-6180,details
7366,RM6187-Call-Off-Schedule-6_-ICT-Services---20250626-6197,details
7367,RM6187-Call-Off-Schedule-6_-ICT-Services---20250626-6202,details
7368,RM6187-Call-Off-Schedule-6_-ICT-Services---20250626-6203,details
7369,RM6187-Call-Off-Schedule-6_-ICT-Services---20250626-6211,details
7370,RM6187-Call-Off-Schedule-6_-ICT-Services---20250626-6214,details
7371,RM6187-Call-Off-Schedule-6_-ICT-Services---20250626-6218,details
7372,RM6187-Call-Off-Schedule-8_-Business-Continuity-and-Disaster-Recovery---20250626-6230,details
7373,RM6187-Call-Off-Schedule-8_-Business-Continuity-and-Disaster-Recovery---20250626-6244,details
7374,RM6187-Core-Terms---20250626-6366,details
7375,RM6187-Core-Terms---20250626-6393,details
7376,RM6187-Core-Terms---20250626-6402,details
7377,RM6187-Core-Terms---20250626-6404,details
7378,RM6187-Core-Terms---20250626-6419,details
7379,RM6187-Core-Terms---20250626-6428,details
7380,RM6187-Framework-Schedule-1_-Specification--20250626-6462,details
7381,RM6187-Joint-Schedule-1_-Definitions---20250626-6868,details
7382,RM6187-Joint-Schedule-1_-Definitions---20250626-6877,details
7383,RM6187-Joint-Schedule-2_-Variation-Form--20250626-6884,details
7384,RM6187-Joint-Schedule-3_-Insurance-Requirements--20250626-6894,details
7385,RM6187-Joint-Schedule-5_-Corporate-Social-Responsibility---20250626-6911,details
7386,RM6187-Joint-Schedule-6_-Key-Subcontractors--20250626-6921,details
7387,RM6187-Joint-Schedule-6_-Key-Subcontractors--20250626-6927,details
7388,RM6187-Joint-Schedule-7_-Financial-Difficulties-1--20250626-6931,details
7389,RM6187-Joint-Schedule-7_-Financial-Difficulties-1--20250626-6943,details
7390,RM6187-Joint-Schedule-7_-Financial-Difficulties-1--20250626-6950,details
7391,RM6187-Joint-Schedule-8_-Guarantee---20250626-6963,details
7392,RM6187-Joint-Schedule-11_-Processing-Data---20250626-6668,details
7393,RM6187-Joint-Schedule-11_-Processing-Data---20250626-6669,details
7394,RM6187-Joint-Schedule-11_-Processing-Data---20250626-6679,details
7395,RM6187-Joint-Schedule-11_-Processing-Data---20250626-6694,details
7396,RM6187-Joint-Schedule-11_-Processing-Data---20250626-6740,details
7397,RM6187-Joint-Schedule-1_-Definitions---20250626-6755,details
7398,RM6187-Joint-Schedule-1_-Definitions---20250626-6756,details
7399,RM6187-Joint-Schedule-1_-Definitions---20250626-6769,details
7400,RM6187-Joint-Schedule-1_-Definitions---20250626-6792,details
7401,RM6187-Joint-Schedule-1_-Definitions---20250626-6798,details
7402,RM6187-Joint-Schedule-1_-Definitions---20250626-6811,details
7403,RM6187-Joint-Schedule-1_-Definitions---20250626-6819,details
7404,RM6187-Joint-Schedule-1_-Definitions---20250626-6824,details
7405,RM6187-Joint-Schedule-1_-Definitions---20250626-6853,details
7406,RM6187-How-to-use-Contractual-Documents--1--20250626-6620,details
7407,RM6187-How-to-use-Contractual-Documents--1--20250626-6629,details
7408,RM6187-How-to-use-Contractual-Documents--1--20250626-6652,details
7409,RM6187-Joint-Schedule-8_-Guarantee---20250626-6979,details
7410,RM6187-Joint-Schedule-8_-Guarantee---20250626-6992,details
7411,RM6187-Joint-Schedule-8_-Guarantee---20250626-7003,details
7412,RM6187-Joint-Schedule-8_-Guarantee---20250626-7011,details
7413,RM6187-Joint-Schedule-8_-Guarantee---20250626-7015,details
7414,RM6187-MCF3-Grade-Definitions---20250626-7023,details
7415,RM6187-MCF3-Grade-Definitions---20250626-7026,details
7416,RM6187-T11b-Unsuccessful-Letter-1--20250626-7048,details
7417,RM6187-T11b-Unsuccessful-Letter-1--20250626-7053,details
7418,RM6187-T2-Attachment-3-Statement-of-Requirements-docx--20250626-7059,details
7419,RM6187-T2-Attachment-3-Statement-of-Requirements-docx--20250626-7060,details
7420,RM6187-T2-Attachment-3-Statement-of-Requirements-docx--20250626-7065,details
7421,RM6187-T3-Non-Disclosure-Agreement-NDA--20250626-7094,details
7422,RM6187-T3-Non-Disclosure-Agreement-NDA--20250626-7095,details
7423,RM6187-T3-Non-Disclosure-Agreement-NDA--20250626-7098,details
7424,RM6187-T3-Non-Disclosure-Agreement-NDA--20250626-7105,details
7425,RM6187-T3-Non-Disclosure-Agreement-NDA--20250626-7120,details
7426,RM6187-T3-Non-Disclosure-Agreement-NDA--20250626-7121,details
7427,RM6187-T3-Non-Disclosure-Agreement-NDA--20250626-7123,details
7428,RM6187-T3-Non-Disclosure-Agreement-NDA--20250626-7129,details
7429,RM6187-T3-Non-Disclosure-Agreement-NDA--20250626-7138,details
7430,RM6187-T4-Request-for-Information---20250626-7153,details
7431,RM6187-T5-Attachment-1-About-the-Procurement--20250626-7169,details
7432,RM6187-T5-Attachment-1-About-the-Procurement--20250626-7179,details
7433,RM6187-T5-Attachment-1-About-the-Procurement--20250626-7183,details
7434,RM6187-T6-Attachment-2-How-to-Bid-including-Evaluation-Criteria---20250626-7214,details
7435,RM6187-T6-Attachment-2-How-to-Bid-including-Evaluation-Criteria---20250626-7221,details
7436,RM6187-T9-Evaluator-Competency-Profile-1--20250626-7246,details
7437,DPS-Core-Terms-v103-1--20250626-7269,details
7438,DPS-Core-Terms-v103-1--20250626-7281,details
7439,DPS-Core-Terms-v103-1--20250626-7298,details
7440,DPS-Core-Terms-v103-1--20250626-7307,details
7441,DPS-Core-Terms-v103-1--20250626-7313,details
7442,DPS-Core-Terms-v103-1--20250626-7349,details
7443,RM6264-DPS-Buyer-Guide-v30--20250626-7498,details
7444,RM6264-DPS-Joint-Schedule-11-Processing-Data-v10--20250626-7527,details
7445,RM6264-DPS-Joint-Schedule-11-Processing-Data-v10--20250626-7530,details
7446,RM6264-DPS-Joint-Schedule-11-Processing-Data-v10--20250626-7542,details
7447,RM6264-DPS-Joint-Schedule-11-Processing-Data-v10--20250626-7549,details
7448,RM6264-DPS-Joint-Schedule-11-Processing-Data-v10--20250626-7550,details
7449,RM6264-DPS-Joint-Schedule-11-Processing-Data-v10--20250626-7551,details
7450,RM6264-DPS-Joint-Schedule-11-Processing-Data-v10--20250626-7558,details
7451,RM6264-DPS-Joint-Schedule-11-Processing-Data-v10--20250626-7568,details
7452,RM6264-DPS-Joint-Schedule-11-Processing-Data-v10--20250626-7573,details
7453,RM6264-Attachment-1-About-the-Procurement-v2--20250626-7374,details
7454,RM6264-Attachment-1-About-the-Procurement-v2--20250626-7377,details
7455,RM6264-Attachment-1-About-the-Procurement-v2--20250626-7382,details
7456,RM6264-Attachment-2-How-to-Bid-v1--20250626-7386,details
7457,RM6264-Attachment-2-How-to-Bid-v1--20250626-7393,details
7458,RM6264-Attachment-2-How-to-Bid-v1--20250626-7404,details
7459,RM6264-Attachment-2-How-to-Bid-v1--20250626-7411,details
7460,RM6264-Attachment-2-How-to-Bid-v1--20250626-7413,details
7461,RM6264-DPS-Buyer-Guide-v30--20250626-7466,details
7462,RM6264-DPS-Buyer-Guide-v30--20250626-7473,details
7463,RM6264-DPS-Joint-Schedule-7-Financial-Difficulties-v10--20250626-7680,details
7464,RM6264-DPS-Joint-Schedule-8-Guarantee-v10--20250626-7707,details
7465,RM6264-DPS-Joint-Schedule-9-Minimum-Standards-of-Reliability-v10--20250626-7715,details
7466,RM6264-DPS-Order-Schedule-1-Transparency-Reports-v10--20250626-7720,details
7467,RM6264-DPS-Order-Schedule-10-Exit-Management-v10--20250626-7731,details
7468,RM6264-DPS-Order-Schedule-10-Exit-Management-v10--20250626-7751,details
7469,RM6264-DPS-Order-Schedule-10-Exit-Management-v10--20250626-7752,details
7470,RM6264-DPS-Order-Schedule-12-Clustering-v10--20250626-7759,details
7471,RM6264-DPS-Joint-Schedule-11-Processing-Data-v10--20250626-7586,details
7472,RM6264-DPS-Joint-Schedule-12-Supply-Chain-Visibility-v10--20250626-7589,details
7473,RM6264-DPS-Joint-Schedule-12-Supply-Chain-Visibility-v10--20250626-7591,details
7474,RM6264-DPS-Joint-Schedule-6-Key-Subcontractors-v10--20250626-7630,details
7475,RM6264-DPS-Joint-Schedule-7-Financial-Difficulties-v10--20250626-7648,details
7476,RM6264-DPS-Joint-Schedule-7-Financial-Difficulties-v10--20250626-7667,details
7477,RM6264-DPS-Order-Schedule-2-Staff-Transfer-v10--20250626-8104,details
7478,RM6264-DPS-Order-Schedule-2-Staff-Transfer-v10--20250626-8108,details
7479,RM6264-DPS-Order-Schedule-21-Northern-Ireland-Law-v10--20250626-8111,details
7480,RM6264-DPS-Order-Schedule-21-Northern-Ireland-Law-v10--20250626-8115,details
7481,RM6264-DPS-Order-Schedule-23-HMRC-v10--20250626-8133,details
7482,RM6264-DPS-Order-Schedule-25-Billable-Works-and-Projects-v10--20250626-8157,details
7483,RM6264-DPS-Order-Schedule-25-Billable-Works-and-Projects-v10--20250626-8164,details
7484,RM6264-DPS-Order-Schedule-26-Buyer-Remedies-for-Default-and-Step-in-Rights-v10--20250626-8175,details
7485,RM6264-DPS-Order-Schedule-26-Buyer-Remedies-for-Default-and-Step-in-Rights-v10--20250626-8177,details
7486,RM6264-DPS-Order-Schedule-17-MOD-Terms-V10--20250626-7882,details
7487,RM6264-DPS-Order-Schedule-19-Scottish-Law-v10--20250626-7890,details
7488,RM6264-DPS-Order-Schedule-2-Staff-Transfer-v10--20250626-7908,details
7489,RM6264-DPS-Order-Schedule-2-Staff-Transfer-v10--20250626-7911,details
7490,RM6264-DPS-Order-Schedule-2-Staff-Transfer-v10--20250626-7925,details
7491,RM6264-DPS-Order-Schedule-2-Staff-Transfer-v10--20250626-7926,details
7492,RM6264-DPS-Order-Schedule-2-Staff-Transfer-v10--20250626-7940,details
7493,RM6264-DPS-Order-Schedule-2-Staff-Transfer-v10--20250626-7980,details
7494,RM6264-DPS-Order-Schedule-2-Staff-Transfer-v10--20250626-7994,details
7495,RM6264-DPS-Order-Schedule-2-Staff-Transfer-v10--20250626-8007,details
7496,RM6264-DPS-Order-Schedule-2-Staff-Transfer-v10--20250626-8010,details
7497,RM6264-DPS-Order-Schedule-2-Staff-Transfer-v10--20250626-8011,details
7498,RM6264-DPS-Order-Schedule-2-Staff-Transfer-v10--20250626-8037,details
7499,RM6264-DPS-Order-Schedule-2-Staff-Transfer-v10--20250626-8049,details
7500,RM6264-DPS-Order-Schedule-13-Implementation-Plan-and-Testing-v10--20250626-7779,details
7501,RM6264-DPS-Order-Schedule-13-Implementation-Plan-and-Testing-v10--20250626-7785,details
7502,RM6264-DPS-Order-Schedule-13-Implementation-Plan-and-Testing-v10--20250626-7797,details
7503,RM6264-DPS-Order-Schedule-14-Service-Levels-v10--20250626-7830,details
7504,RM6264-DPS-Order-Schedule-17-MOD-Terms-V10--20250626-7876,details
7505,RM6264-DPS-Schedule-1-Specification-v10--20250626-8486,details
7506,RM6264-DPS-Schedule-1-Specification-v10--20250626-8527,details
7507,RM6264-DPS-Schedule-1-Specification-v10--20250626-8531,details
7508,RM6264-DPS-Schedule-1-Specification-v10--20250626-8536,details
7509,RM6264-DPS-Schedule-1-Specification-v10--20250626-8540,details
7510,RM6264-DPS-Schedule-1-Specification-v10--20250626-8546,details
7511,RM6264-DPS-Schedule-1-Specification-v10--20250626-8569,details
7512,RM6264-DPS-Schedule-1-Specification-v10--20250626-8573,details
7513,RM6264-DPS-Schedule-1-Specification-v10--20250626-8576,details
7514,RM6264-DPS-Schedule-1-Specification-v10--20250626-8583,details
7515,RM6264-DPS-Order-Schedule-8-Business-Continuity-and-Disaster-Recovery-v10--20250626-8285,details
7516,RM6264-DPS-Order-Schedule-8-Business-Continuity-and-Disaster-Recovery-v10--20250626-8292,details
7517,RM6264-DPS-Order-Schedule-8-Business-Continuity-and-Disaster-Recovery-v10--20250626-8308,details
7518,RM6264-DPS-Order-Schedule-8-Business-Continuity-and-Disaster-Recovery-v10--20250626-8320,details
7519,RM6264-DPS-Order-Schedule-9-Security-v10--20250626-8337,details
7520,RM6264-DPS-Order-Schedule-9-Security-v10--20250626-8352,details
7521,RM6264-DPS-Order-Schedule-9-Security-v10--20250626-8356,details
7522,RM6264-DPS-Order-Schedule-9-Security-v10--20250626-8365,details
7523,RM6264-DPS-Order-Schedule-9-Security-v10--20250626-8376,details
7524,RM6264-DPS-Order-Schedule-5-Pricing-Details-v10--20250626-8217,details
7525,RM6264-DPS-Order-Schedule-5-Pricing-Details-v10--20250626-8223,details
7526,RM6264-DPS-Order-Schedule-6-ICT-Services-v10--20250626-8239,details
7527,RM6264-DPS-Order-Schedule-6-ICT-Services-v10--20250626-8242,details
7528,RM6264-DPS-Order-Schedule-6-ICT-Services-v10--20250626-8243,details
7529,RM6264-DPS-Order-Schedule-6-ICT-Services-v10--20250626-8260,details
7530,RM6264-DPS-Order-Schedule-6-ICT-Services-v10--20250626-8261,details
7531,RM6264-DPS-Order-Schedule-8-Business-Continuity-and-Disaster-Recovery-v10--20250626-8278,details
7532,RM6264-DPS-Order-Schedule-8-Business-Continuity-and-Disaster-Recovery-v10--20250626-8281,details
7533,RM6264-DPS-Order-Schedule-9-Security-v10--20250626-8389,details
7534,RM6264-DPS-Order-Schedule-9-Security-v10--20250626-8399,details
7535,RM6264-DPS-Order-Schedule-9-Security-v10--20250626-8405,details
7536,RM6264-DPS-Order-Schedule-9-Security-v10--20250626-8408,details
7537,RM6264-DPS-Order-Schedule-9-Security-v10--20250626-8416,details
7538,RM6264-DPS-Schedule-1-Specification-v10--20250626-8449,details
7539,RM6264-DPS-Schedule-1-Specification-v10--20250626-8451,details
7540,RM6264-DPS-Schedule-1-Specification-v10--20250626-8465,details
7541,RM6264-DPS-Schedule-1-Specification-v10--20250626-8478,details
7542,RM6264-DPS-Schedule-1-Specification-v10--20250626-8613,details
7543,RM6264-DPS-Schedule-1-Specification-v10--20250626-8616,details
7544,RM6264-DPS-Schedule-1-Specification-v10--20250626-8620,details
7545,RM6264-DPS-Schedule-1-Specification-v10--20250626-8625,details
7546,RM6264-DPS-Schedule-1-Specification-v10--20250626-8636,details
7547,RM6264-DPS-Schedule-1-Specification-v10--20250626-8641,details
7548,RM6264-DPS-Schedule-1-Specification-v10--20250626-8650,details
7549,RM6264-DPS-Schedule-1-Specification-v10--20250626-8662,details
7550,RM6264-DPS-Schedule-1-Specification-v10--20250626-8671,details
7551,RM6264-DPS-Schedule-1-Specification-v10--20250626-8674,details
7552,RM6264-DPS-Schedule-1-Specification-v10--20250626-8685,details
7553,RM6264-DPS-Schedule-7-Order-Procedure-v10--20250626-8801,details
7554,RM6264-DPS-Schedule-7-Order-Procedure-v10--20250626-8803,details
7555,RM6264-DPS-Schedule-8-Self-Audit-Certificate-v10--20250626-8808,details
7556,RM6264-Supplier-Outcome-Letter-Successful-v10--20250626-8828,details
7557,Become_a_supplier_on_a_Crown_Commercial_Service_framework_agreement--20250626-8841,startup
7558,Become_a_supplier_on_a_Dynamic_Purchasing_System--20250626-8851,startup
7559,Buying_through_commercial_agreements--20250626-8862,startup
7560,Helping_your_carbon_net_zero_CNZ_journey--20250626-8873,startup
7561,RM6264-DPS-Schedule-1-Specification-v10--20250626-8690,details
7562,RM6264-DPS-Schedule-1-Specification-v10--20250626-8715,details
7563,RM6264-DPS-Schedule-4-DPS-Management-v10-1--20250626-8721,details
7564,RM6264-DPS-Schedule-4-DPS-Management-v10-1--20250626-8743,details
7565,RM6264-DPS-Schedule-5-Management-Levy-and-Information-v10-1--20250626-8757,details
7566,RM6264-DPS-Schedule-6-Order-form-template-and-order-schedules-v10--20250626-8773,details
7567,RM6264-DPS-Schedule-7-Order-Procedure-v10--20250626-8783,details
7568,RM6264-DPS-Schedule-7-Order-Procedure-v10--20250626-8785,details
7569,Help_end_modern_slavery_with_your_buying_decisions--20250626-8891,startup
7570,Were_here_to_help_you_buy_more_sustainably--20250626-8935,startup
7571,Were_here_to_help_you_buy_more_sustainably--20250626-8936,startup
7572,Were_here_to_help_you_buy_more_sustainably--20250626-8937,startup
7573,Your_buying_decisions_have_the_power_to_create_a_fairer_and_more_sustainable_society--20250626-8954,startup
7574,Gigabit_Capable_Connectivity_DPS--20250626-8963,recommendation
7575,Construction_Professional_Services--20250626-8979,recommendation
7576,Space-Enabled_and_Geospatial_Services--20250626-9006,recommendation
7577,Insourced_Services_to_Support_the_Provision_of_Healthcare_including_Clinical_In--20250626-9027,recommendation
7578,Language_Services--20250626-9044,recommendation
7579,National_Fuels_3--20250626-9045,recommendation
7580,Demand_Management__Renewables_DPS--20250626-9048,recommendation
7581,Insurance__Related_Services_4--20250626-9052,recommendation
7582,Logistics_Warehousing_and_Supply_Chain_Solutions--20250626-9054,recommendation
7583,Digital_Outcomes_6--20250626-9065,recommendation
7584,Insurance_Services_3_DPS--20250626-9083,recommendation
7585,Audit__Assurance_Services_AAS--20250626-9102,recommendation
7586,Rail_Legal_Services--20250626-9107,recommendation
7587,Space-Enabled_and_Geospatial_Services--20250626-9115,recommendation
7588,Digital_Specialists_and_Programmes--20250626-9129,recommendation
7589,Insurance__Related_Services_4--20250626-9161,recommendation
7590,Digital_Capability_for_Health_2--20250626-9169,recommendation
7591,Technology_Products__Associated_Services_2--20250626-9180,details
7592,Management_Consultancy_Framework_Three_MCF3--20250626-9182,details
7593,RM10438_Call-Off-Schedule-2-Staff-Transfer-v10--20250626-415,details
7594,RM10438_Call-Off-Schedule-2-Staff-Transfer-v10--20250626-424,details
7595,RM10438_Call-Off-Schedule-2-Staff-Transfer-v10--20250626-427,details
7596,RM10438_Call-Off-Schedule-2-Staff-Transfer-v10--20250626-429,details
7597,RM10438_Call-Off-Schedule-2-Staff-Transfer-v10--20250626-433,details
7598,RM10438_Call-Off-Schedule-2-Staff-Transfer-v10--20250626-445,details
7599,RM10438_Call-Off-Schedule-2-Staff-Transfer-v10--20250626-450,details
7600,RM10438_Call-Off-Schedule-2-Staff-Transfer-v10--20250626-456,details
7601,RM10438_Call-Off-Schedule-2-Staff-Transfer-v10--20250626-457,details
7602,RM10438_Call-Off-Schedule-2-Staff-Transfer-v10--20250626-458,details
7603,RM10438_Call-Off-Schedule-2-Staff-Transfer-v10--20250626-472,details
7604,RM10438_Call-Off-Schedule-2-Staff-Transfer-v10--20250626-492,details
7605,RM10438_Call-Off-Schedule-2-Staff-Transfer-v10--20250626-501,details
7606,RM10438_Call-Off-Schedule-10-Exit-Management-v10--20250626-119,details
7607,RM10438_Call-Off-Schedule-10-Exit-Management-v10--20250626-124,details
7608,RM10438_Call-Off-Schedule-10-Exit-Management-v10--20250626-138,details
7609,RM10438_Call-Off-Schedule-10-Exit-Management-v10--20250626-139,details
7610,RM10438_Call-Off-Schedule-12-Clustering-v10--20250626-150,details
7611,RM10438_Call-Off-Schedule-13-Implementation-Plan-and-Testing-v10--20250626-157,details
7612,RM10438_Call-Off-Schedule-13-Implementation-Plan-and-Testing-v10--20250626-162,details
7613,RM10438_Call-Off-Schedule-13-Implementation-Plan-and-Testing-v10--20250626-164,details
7614,RM10438_Call-Off-Schedule-13-Implementation-Plan-and-Testing-v10--20250626-191,details
7615,RM10438_Call-Off-Schedule-13-Implementation-Plan-and-Testing-v10--20250626-199,details
7616,RM10438_Call-Off-Schedule-13-Implementation-Plan-and-Testing-v10--20250626-201,details
7617,RM10438_Call-Off-Schedule-17-MOD-Terms-v10--20250626-305,details
7618,RM10438_Call-Off-Schedule-2-Staff-Transfer-v10--20250626-330,details
7619,RM10438_Call-Off-Schedule-2-Staff-Transfer-v10--20250626-335,details
7620,RM10438_Call-Off-Schedule-2-Staff-Transfer-v10--20250626-341,details
7621,RM10438_Call-Off-Schedule-2-Staff-Transfer-v10--20250626-349,details
7622,RM10438_Call-Off-Schedule-2-Staff-Transfer-v10--20250626-359,details
7623,RM10438_Call-Off-Schedule-2-Staff-Transfer-v10--20250626-376,details
7624,RM10438_Call-Off-Schedule-2-Staff-Transfer-v10--20250626-385,details
7625,RM10438_Call-Off-Schedule-14-Service-Levels-and-Balanced-Scorecard-v10--20250626-227,details
7626,RM10438_Call-Off-Schedule-14-Service-Levels-and-Balanced-Scorecard-v10--20250626-228,details
7627,RM10438_Call-Off-Schedule-14-Service-Levels-and-Balanced-Scorecard-v10--20250626-234,details
7628,RM10438_Call-Off-Schedule-14-Service-Levels-and-Balanced-Scorecard-v10--20250626-240,details
7629,RM10438_Call-Off-Schedule-14-Service-Levels-and-Balanced-Scorecard-v10--20250626-251,details
7630,RM10438_Call-Off-Schedule-16-Benchmarking-v10--20250626-282,details
7631,RM10438_Call-Off-Schedule-17-MOD-Terms-v10--20250626-296,details
7632,7319-23-Supplier-marketing-toolkit-1--20250626-12,details
7633,RM10438-DOS-6-Buyer-Guide-v11--20250626-45,details
7634,RM10438-DOS-6-Buyer-Guide-v11--20250626-47,details
7635,RM10438_Call-Off-Schedule-23-HMRC-Terms-v10--20250626-609,details
7636,RM10438_Call-Off-Schedule-23-HMRC-Terms-v10--20250626-622,details
7637,RM10438_Call-Off-Schedule-23-HMRC-Terms-v10--20250626-644,details
7638,RM10438_Call-Off-Schedule-23-HMRC-Terms-v10--20250626-649,details
7639,RM10438_Call-Off-Schedule-25-Ethical-Walls-Agreement-v20--20250626-658,details
7640,RM10438_Call-Off-Schedule-25-Ethical-Walls-Agreement-v20--20250626-668,details
7641,RM10438_Call-Off-Schedule-25-Ethical-Walls-Agreement-v20--20250626-676,details
7642,RM10438_Call-Off-Schedule-25-Ethical-Walls-Agreement-v20--20250626-679,details
7643,RM10438_Call-Off-Schedule-3-Continuous-Improvement-v10--20250626-706,details
7644,RM10438_Call-Off-Schedule-2-Staff-Transfer-v10--20250626-543,details
7645,RM10438_Call-Off-Schedule-2-Staff-Transfer-v10--20250626-544,details
7646,RM10438_Call-Off-Schedule-2-Staff-Transfer-v10--20250626-552,details
7647,RM10438_Call-Off-Schedule-2-Staff-Transfer-v10--20250626-557,details
7648,RM10438_Call-Off-Schedule-2-Staff-Transfer-v10--20250626-558,details
7649,RM10438_Call-Off-Schedule-2-Staff-Transfer-v10--20250626-571,details
7650,RM10438_Call-Off-Schedule-2-Staff-Transfer-v10--20250626-584,details
7651,RM10438_Call-Off-Schedule-21-Northern-Ireland-Law-v10--20250626-599,details
7652,RM10438_Call-Off-Schedule-21-Northern-Ireland-Law-v10--20250626-605,details
7653,RM10438_Call-Off-Schedule-5-Pricing-Details-and-Expenses-Policy-v10--20250626-719,details
7654,RM10438_Call-Off-Schedule-6-Intellectual-Property-Rights-and-Additional-Terms-on-Digital-Deliverables-v10--20250626-726,details
7655,RM10438_Call-Off-Schedule-6-Intellectual-Property-Rights-and-Additional-Terms-on-Digital-Deliverables-v10--20250626-749,details
7656,RM10438_Call-Off-Schedule-8-Business-Continuity-and-Disaster-Recovery-v10--20250626-784,details
7657,RM10438_Call-Off-Schedule-8-Business-Continuity-and-Disaster-Recovery-v10--20250626-796,details
7658,RM10438_Call-Off-Schedule-8-Business-Continuity-and-Disaster-Recovery-v10--20250626-800,details
7659,RM10438_Call-Off-Schedule-8-Business-Continuity-and-Disaster-Recovery-v10--20250626-809,details
7660,RM10438_Call-Off-Schedule-9-Security-v20--20250626-844,details
7661,RM10438_Call-Off-Schedule-9-Security-v20--20250626-850,details
7662,RM10438_Call-Off-Schedule-9-Security-v20--20250626-865,details
7663,RM10438_Call-Off-Schedule-9-Security-v20--20250626-875,details
7664,RM10438_Framework-Award-Form-v20-1--20250626-1010,details
7665,RM10438_Framework-Award-Form-v20-1--20250626-1020,details
7666,RM10438_Framework-Award-Form-v20-1--20250626-1023,details
7667,RM10438_Framework-Award-Form-v20-1--20250626-1027,details
7668,RM10438_Framework-Award-Form-v20-1--20250626-1036,details
7669,RM10438_Framework-Schedule-1-Specification-v10-1--20250626-1044,details
7670,RM10438_Framework-Schedule-1-Specification-v10-1--20250626-1057,details
7671,RM10438_Framework-Schedule-1-Specification-v10-1--20250626-1060,details
7672,RM10438_Framework-Schedule-1-Specification-v10-1--20250626-1067,details
7673,RM10438_Framework-Schedule-2-Framework-Tender-v10-1--20250626-1077,details
7674,RM10438_Framework-Schedule-3-Framework-Prices-v10-1--20250626-1083,details
7675,RM10438_Framework-Schedule-3-Framework-Prices-v10-1--20250626-1093,details
7676,RM10438_Framework-Schedule-3-Framework-Prices-v10-1--20250626-1098,details
7677,RM10438_Framework-Schedule-4-Framework-Management-v10--20250626-1108,details
7678,RM10438_Framework-Schedule-6-Order-Form-Template-Statement-of-Work-Template-and-Call-Off-Schedules-v20--20250626-1212,details
7679,RM10438_Framework-Schedule-6-Order-Form-Template-Statement-of-Work-Template-and-Call-Off-Schedules-v20--20250626-1213,details
7680,RM10438_Framework-Schedule-6-Order-Form-Template-Statement-of-Work-Template-and-Call-Off-Schedules-v20--20250626-1217,details
7681,RM10438_Framework-Schedule-6-Order-Form-Template-Statement-of-Work-Template-and-Call-Off-Schedules-v20--20250626-1235,details
7682,RM10438_Framework-Schedule-6-Order-Form-Template-Statement-of-Work-Template-and-Call-Off-Schedules-v20--20250626-1238,details
7683,RM10438_Framework-Schedule-7-Call-Off-Award-Procedure-v10--20250626-1248,details
7684,RM10438_Framework-Schedule-7-Call-Off-Award-Procedure-v10--20250626-1254,details
7685,RM10438_Framework-Schedule-7-Call-Off-Award-Procedure-v10--20250626-1265,details
7686,RM10438_Framework-Schedule-7-Call-Off-Award-Procedure-v10--20250626-1274,details
7687,RM10438_Framework-Schedule-8-Self-Audit-Certificate-v10--20250626-1281,details
7688,RM10438_Joint-Schedule-1-Definitions-v10--20250626-1286,details
7689,RM10438_Joint-Schedule-1-Definitions-v10--20250626-1293,details
7690,RM10438_Joint-Schedule-1-Definitions-v10--20250626-1301,details
7691,RM10438_Joint-Schedule-1-Definitions-v10--20250626-1303,details
7692,RM10438_Framework-Schedule-4-Framework-Management-v10--20250626-1127,details
7693,RM10438_Framework-Schedule-5-Management-Charges-and-Information-v20--20250626-1134,details
7694,RM10438_Framework-Schedule-5-Management-Charges-and-Information-v20--20250626-1143,details
7695,RM10438_Framework-Schedule-6-Order-Form-Template-Statement-of-Work-Template-and-Call-Off-Schedules-v20_1--20250626-1166,details
7696,RM10438_Framework-Schedule-6-Order-Form-Template-Statement-of-Work-Template-and-Call-Off-Schedules-v20_1--20250626-1168,details
7697,RM10438_Framework-Schedule-6-Order-Form-Template-Statement-of-Work-Template-and-Call-Off-Schedules-v20_1--20250626-1183,details
7698,RM10438_Framework-Schedule-6-Order-Form-Template-Statement-of-Work-Template-and-Call-Off-Schedules-v20_1--20250626-1192,details
7699,RM10438_Framework-Schedule-6-Order-Form-Template-Statement-of-Work-Template-and-Call-Off-Schedules-v20_1--20250626-1195,details
7700,RM10438_Framework-Schedule-6-Order-Form-Template-Statement-of-Work-Template-and-Call-Off-Schedules-v20--20250626-1204,details
7701,RM10438_Framework-Schedule-6-Order-Form-Template-Statement-of-Work-Template-and-Call-Off-Schedules-v20--20250626-1205,details
7702,RM10438_Core-Terms-v3011--20250626-920,details
7703,RM10438_Core-Terms-v3011--20250626-933,details
7704,RM10438_Core-Terms-v3011--20250626-941,details
7705,RM10438_Core-Terms-v3011--20250626-955,details
7706,RM10438_Core-Terms-v3011--20250626-988,details
7707,RM10438_Core-Terms-v3011--20250626-989,details
7708,RM10438_Joint-Schedule-8-Guarantee-v10--20250626-1636,details
7709,RM6098-Aggregation-case-studies-v4-1--20250626-1649,details
7710,RM6098-Buyer-guidance-to-the-public-sector-contract-v41_1--20250626-1657,details
7711,RM6098-Buyer-guidance-to-the-public-sector-contract-v41_1--20250626-1659,details
7712,RM6098-Buyer-guidance-to-the-public-sector-contract-v41_1--20250626-1682,details
7713,RM6098-Buyer-guidance-to-the-public-sector-contract-v41_1--20250626-1683,details
7714,RM6098-Buyer-guidance-to-the-public-sector-contract-v41_1--20250626-1703,details
7715,RM10438_Joint-Schedule-3-Insurance-Requirements-v10--20250626-1521,details
7716,RM10438_Joint-Schedule-3-Insurance-Requirements-v10--20250626-1525,details
7717,RM10438_Joint-Schedule-7-Financial-Difficulties-v10--20250626-1572,details
7718,RM10438_Joint-Schedule-8-Guarantee-v10--20250626-1578,details
7719,RM10438_Joint-Schedule-8-Guarantee-v10--20250626-1608,details
7720,RM10438_Joint-Schedule-8-Guarantee-v10--20250626-1613,details
7721,RM10438_Joint-Schedule-1-Definitions-v10--20250626-1324,details
7722,RM10438_Joint-Schedule-1-Definitions-v10--20250626-1341,details
7723,RM10438_Joint-Schedule-1-Definitions-v10--20250626-1366,details
7724,RM10438_Joint-Schedule-1-Definitions-v10--20250626-1380,details
7725,RM10438_Joint-Schedule-1-Definitions-v10--20250626-1383,details
7726,RM10438_Joint-Schedule-1-Definitions-v10--20250626-1398,details
7727,RM10438_Joint-Schedule-11-Processing-Data-v10--20250626-1428,details
7728,RM10438_Joint-Schedule-11-Processing-Data-v10--20250626-1437,details
7729,RM10438_Joint-Schedule-11-Processing-Data-v10--20250626-1442,details
7730,RM10438_Joint-Schedule-11-Processing-Data-v10--20250626-1493,details
7731,RM10438_Joint-Schedule-12-Supply-Chain-Visibility-v10--20250626-1500,details
7732,RM6098-Call-Off-Schedule-13-Implementation-Plan-and-Testing-v10--20250626-1925,details
7733,RM6098-Call-Off-Schedule-13-Implementation-Plan-and-Testing-v10--20250626-1937,details
7734,RM6098-Call-Off-Schedule-14-Service-Levels-v10--20250626-1944,details
7735,RM6098-Call-Off-Schedule-14-Service-Levels-v10--20250626-1947,details
7736,RM6098-Call-Off-Schedule-14-Service-Levels-v10--20250626-1953,details
7737,RM6098-Call-Off-Schedule-14-Service-Levels-v10--20250626-1954,details
7738,RM6098-Call-Off-Schedule-15-Call-Off-Contract-Management-v10--20250626-1964,details
7739,RM6098-Call-Off-schedule-17-MOD-terms-v11--20250626-1992,details
7740,RM6098-Call-Off-Schedule-2-Staff-Transfer-v10-1--20250626-2006,details
7741,RM6098-Call-Off-Schedule-2-Staff-Transfer-v10-1--20250626-2012,details
7742,RM6098-Call-Off-Schedule-10-Exit-Management-v20--20250626-1835,details
7743,RM6098-Call-Off-Schedule-10-Exit-Management-v20--20250626-1839,details
7744,RM6098-Call-Off-Schedule-10-Exit-Management-v20--20250626-1845,details
7745,RM6098-Call-Off-Schedule-12-Clustering-v10--20250626-1882,details
7746,RM6098-Call-Off-Schedule-13-Implementation-Plan-and-Testing-v10--20250626-1891,details
7747,RM6098-Call-Off-Schedule-13-Implementation-Plan-and-Testing-v10--20250626-1897,details
7748,RM6098-Call-Off-Schedule-13-Implementation-Plan-and-Testing-v10--20250626-1898,details
7749,RM6098-Call-Off-Schedule-13-Implementation-Plan-and-Testing-v10--20250626-1909,details
7750,RM6098-Call-Off-Schedule-13-Implementation-Plan-and-Testing-v10--20250626-1910,details
7751,RM6098-Call-Off-Schedule-2-Staff-Transfer-v10-1--20250626-2027,details
7752,RM6098-Call-Off-Schedule-2-Staff-Transfer-v10-1--20250626-2033,details
7753,RM6098-Call-Off-Schedule-2-Staff-Transfer-v10-1--20250626-2046,details
7754,RM6098-Call-Off-Schedule-2-Staff-Transfer-v10-1--20250626-2083,details
7755,RM6098-Call-Off-Schedule-2-Staff-Transfer-v10-1--20250626-2093,details
7756,RM6098-Call-Off-Schedule-2-Staff-Transfer-v10-1--20250626-2095,details
7757,RM6098-Call-Off-Schedule-2-Staff-Transfer-v10-1--20250626-2100,details
7758,RM6098-Call-Off-Schedule-2-Staff-Transfer-v10-1--20250626-2114,details
7759,RM6098-Buyer-guidance-to-the-public-sector-contract-v41_1--20250626-1727,details
7760,RM6098-Buyer-guidance-to-the-public-sector-contract-v41_1--20250626-1731,details
7761,RM6098-Buyer-guide-v81_1--20250626-1743,details
7762,RM6098-Buyer-guide-v81_1--20250626-1766,details
7763,RM6098-Buyer-guide-v81_1--20250626-1769,details
7764,RM6098-Call-Off-Schedule-22-Lease-Terms-OPERATIONAL-LEASE-v11--20250626-2424,details
7765,RM6098-Call-Off-Schedule-22-Lease-Terms-OPERATIONAL-LEASE-v11--20250626-2425,details
7766,RM6098-Call-Off-Schedule-22-Lease-Terms-OPERATIONAL-LEASE-v11--20250626-2431,details
7767,RM6098-Call-Off-Schedule-22-Lease-Terms-OPERATIONAL-LEASE-v11--20250626-2435,details
7768,RM6098-Call-Off-Schedule-22-Lease-Terms-OPERATIONAL-LEASE-v11--20250626-2444,details
7769,RM6098-Call-Off-Schedule-22-Lease-Terms-OPERATIONAL-LEASE-v11--20250626-2446,details
7770,RM6098-Call-Off-Schedule-22-Lease-Terms-OPERATIONAL-LEASE-v11--20250626-2452,details
7771,RM6098-Call-Off-Schedule-22-Lease-Terms-v21--20250626-2465,details
7772,RM6098-Call-Off-Schedule-22-Lease-Terms-v21--20250626-2470,details
7773,RM6098-Call-Off-Schedule-22-Lease-Terms-v21--20250626-2483,details
7774,RM6098-Call-Off-Schedule-22-Lease-Terms-v21--20250626-2488,details
7775,RM6098-Call-Off-Schedule-22-Lease-Terms-v21--20250626-2506,details
7776,RM6098-Call-Off-Schedule-22-Lease-Terms-v21--20250626-2507,details
7777,RM6098-Call-Off-Schedule-22-Lease-Terms-v21--20250626-2508,details
7778,RM6098-Call-Off-Schedule-22-Lease-Terms-v21--20250626-2509,details
7779,RM6098-Call-Off-Schedule-21-Northern-Ireland-Law-v10--20250626-2227,details
7780,RM6098-Call-Off-Schedule-22-Lease-Terms-FINANCIAL-LEASE-v11--20250626-2239,details
7781,RM6098-Call-Off-Schedule-22-Lease-Terms-FINANCIAL-LEASE-v11--20250626-2249,details
7782,RM6098-Call-Off-Schedule-22-Lease-Terms-FINANCIAL-LEASE-v11--20250626-2257,details
7783,RM6098-Call-Off-Schedule-22-Lease-Terms-FINANCIAL-LEASE-v11--20250626-2285,details
7784,RM6098-Call-Off-Schedule-22-Lease-Terms-FINANCIAL-LEASE-v11--20250626-2294,details
7785,RM6098-Call-Off-Schedule-22-Lease-Terms-FINANCIAL-LEASE-v11--20250626-2312,details
7786,RM6098-Call-Off-Schedule-22-Lease-Terms-FINANCIAL-LEASE-v11--20250626-2319,details
7787,RM6098-Call-Off-Schedule-22-Lease-Terms-FINANCIAL-LEASE-v11--20250626-2322,details
7788,RM6098-Call-Off-Schedule-2-Staff-Transfer-v10-1--20250626-2139,details
7789,RM6098-Call-Off-Schedule-2-Staff-Transfer-v10-1--20250626-2149,details
7790,RM6098-Call-Off-Schedule-2-Staff-Transfer-v10-1--20250626-2150,details
7791,RM6098-Call-Off-Schedule-2-Staff-Transfer-v10-1--20250626-2155,details
7792,RM6098-Call-Off-Schedule-2-Staff-Transfer-v10-1--20250626-2162,details
7793,RM6098-Call-Off-Schedule-2-Staff-Transfer-v10-1--20250626-2180,details
7794,RM6098-Call-Off-Schedule-2-Staff-Transfer-v10-1--20250626-2184,details
7795,RM6098-Call-Off-Schedule-2-Staff-Transfer-v10-1--20250626-2189,details
7796,RM6098-Call-Off-Schedule-2-Staff-Transfer-v10-1--20250626-2197,details
7797,RM6098-Call-Off-Schedule-22-Lease-Terms-FINANCIAL-LEASE-v11--20250626-2341,details
7798,RM6098-Call-Off-Schedule-22-Lease-Terms-OPERATIONAL-LEASE-v11--20250626-2353,details
7799,RM6098-Call-Off-Schedule-22-Lease-Terms-OPERATIONAL-LEASE-v11--20250626-2358,details
7800,RM6098-Call-Off-Schedule-22-Lease-Terms-OPERATIONAL-LEASE-v11--20250626-2373,details
7801,RM6098-Call-Off-Schedule-22-Lease-Terms-OPERATIONAL-LEASE-v11--20250626-2389,details
7802,RM6098-Call-Off-Schedule-22-Lease-Terms-OPERATIONAL-LEASE-v11--20250626-2394,details
7803,RM6098-Call-Off-Schedule-22-Lease-Terms-OPERATIONAL-LEASE-v11--20250626-2415,details
7804,RM6098-Call-Off-Schedule-22-Lease-Terms-v21--20250626-2532,details
7805,RM6098-Call-Off-Schedule-22-Lease-Terms-v21--20250626-2547,details
7806,RM6098-Call-Off-Schedule-22-Lease-Terms-v21--20250626-2555,details
7807,RM6098-Call-Off-Schedule-22-Lease-Terms-v21--20250626-2557,details
7808,RM6098-Call-Off-Schedule-22-Lease-Terms-v21--20250626-2559,details
7809,RM6098-Call-Off-Schedule-22-Lease-Terms-v21--20250626-2562,details
7810,RM6098-Call-Off-Schedule-22-Lease-Terms-v21--20250626-2564,details
7811,RM6098-Call-Off-Schedule-22-Lease-Terms-v21--20250626-2568,details
7812,RM6098-Call-Off-Schedule-22-Lease-Terms-v21--20250626-2571,details
7813,RM6098-Call-Off-Schedule-22-Lease-Terms-v21--20250626-2577,details
7814,RM6098-Call-Off-Schedule-22-Lease-Terms-v21--20250626-2590,details
7815,RM6098-Call-Off-Schedule-22-Lease-Terms-v21--20250626-2593,details
7816,RM6098-Call-Off-Schedule-22-Lease-Terms-v21--20250626-2598,details
7817,RM6098-Call-Off-Schedule-22-Lease-Terms-v21--20250626-2600,details
7818,RM6098-Call-Off-Schedule-22-Lease-Terms-v21--20250626-2601,details
7819,RM6098-Call-Off-Schedule-23-HMRC-Terms-v10--20250626-2608,details
7820,RM6098-Call-Off-Schedule-23-HMRC-Terms-v10--20250626-2609,details
7821,RM6098-Call-Off-Schedule-23-HMRC-Terms-v10--20250626-2617,details
7822,RM6098-Call-Off-Schedule-6-Annex-E-As-a-Service-additional-terms-v20--20250626-2734,details
7823,RM6098-Call-Off-Schedule-6-Annex-E-As-a-Service-additional-terms-v20--20250626-2736,details
7824,RM6098-Call-Off-Schedule-6-ICT-Services-v20-1--20250626-2753,details
7825,RM6098-Call-Off-Schedule-6-ICT-Services-v20-1--20250626-2756,details
7826,RM6098-Call-Off-Schedule-6-ICT-Services-v20-1--20250626-2758,details
7827,RM6098-Call-Off-Schedule-6-ICT-Services-v20-1--20250626-2786,details
7828,RM6098-Call-Off-Schedule-6-ICT-Services-v20-1--20250626-2794,details
7829,RM6098-Call-Off-Schedule-7-Key-Supplier-Staff-v10--20250626-2805,details
7830,RM6098-Call-Off-Schedule-8-Business-Continuity-and-Disaster-Recovery-v10--20250626-2856,details
7831,RM6098-Call-Off-Schedule-8-Business-Continuity-and-Disaster-Recovery-v10--20250626-2862,details
7832,RM6098-Call-Off-Schedule-8-Business-Continuity-and-Disaster-Recovery-v10--20250626-2866,details
7833,RM6098-Call-Off-Schedule-9-Security-v10--20250626-2880,details
7834,RM6098-Call-Off-Schedule-9-Security-v10--20250626-2897,details
7835,RM6098-Call-Off-Schedule-9-Security-v10--20250626-2898,details
7836,RM6098-Call-Off-Schedule-6-Annex-E-As-a-Service-additional-terms-v20--20250626-2689,details
7837,RM6098-Call-Off-Schedule-6-Annex-E-As-a-Service-additional-terms-v20--20250626-2704,details
7838,RM6098-Call-Off-Schedule-6-Annex-E-As-a-Service-additional-terms-v20--20250626-2710,details
7839,RM6098-Call-Off-Schedule-9-Security-v10--20250626-2941,details
7840,RM6098-Call-Off-Schedule-9-Security-v10--20250626-2948,details
7841,RM6098-Case-studies-v5_2--20250626-2968,details
7842,RM6098-Case-studies-v5_2--20250626-2972,details
7843,RM6098-Case-studies-v5_2--20250626-2983,details
7844,RM6098-Case-studies-v5_2--20250626-2985,details
7845,RM6098-Case-studies-v5_2--20250626-3007,details
7846,RM6098-Core-terms-v3011-1--20250626-3012,details
7847,RM6098-Core-terms-v3011-1--20250626-3015,details
7848,RM6098-Core-terms-v3011-1--20250626-3018,details
7849,RM6098-Core-terms-v3011-1--20250626-3020,details
7850,RM6098-Core-terms-v3011-1--20250626-3034,details
7851,RM6098-Core-terms-v3011-1--20250626-3039,details
7852,RM6098-Core-terms-v3011-1--20250626-3050,details
7853,RM6098-Core-terms-v3011-1--20250626-3055,details
7854,RM6098-Core-terms-v3011-1--20250626-3062,details
7855,RM6098-Core-terms-v3011-1--20250626-3073,details
7856,RM6098-Core-terms-v3011-1--20250626-3098,details
7857,RM6098-Core-terms-v3011-1--20250626-3102,details
7858,RM6098-Core-terms-v3011-1--20250626-3105,details
7859,RM6098-Direct-Award-procedure-overview-v61_2--20250626-3118,details
7860,RM6098-Expression-of-interest-template-v2--20250626-3124,details
7861,RM6098-Expression-of-interest-template-v2--20250626-3131,details
7862,RM6098-Framework-Award-Form-v20--20250626-3171,details
7863,RM6098-Framework-schedule-1-specification-v41--20250626-3174,details
7864,RM6098-Framework-schedule-1-specification-v41--20250626-3185,details
7865,RM6098-Framework-schedule-1-specification-v41--20250626-3194,details
7866,RM6098-Framework-schedule-1-specification-v41--20250626-3199,details
7867,RM6098-Framework-schedule-1-specification-v41--20250626-3212,details
7868,RM6098-Framework-schedule-1-specification-v41--20250626-3213,details
7869,RM6098-Framework-schedule-1-specification-v41--20250626-3231,details
7870,RM6098-Framework-schedule-1-specification-v41--20250626-3235,details
7871,RM6098-Framework-schedule-1-specification-v41--20250626-3253,details
7872,RM6098-Framework-schedule-1-specification-v41--20250626-3273,details
7873,RM6098-Framework-Schedule-2-Framework-Tender-v10--20250626-3280,details
7874,RM6098-Framework-Schedule-4-Framework-Management-v20--20250626-3296,details
7875,RM6098-Framework-Schedule-5-Management-Charges-and-Information-v10--20250626-3322,details
7876,RM6098-Joint-Schedule-11-processing-data-v20--20250626-3540,details
7877,RM6098-Joint-Schedule-11-processing-data-v20--20250626-3543,details
7878,RM6098-Joint-Schedule-11-processing-data-v20--20250626-3564,details
7879,RM6098-Joint-Schedule-11-processing-data-v20--20250626-3576,details
7880,RM6098-Joint-Schedule-11-processing-data-v20--20250626-3579,details
7881,RM6098-Joint-schedule-12-supply-chain-visibility-v21--20250626-3588,details
7882,RM6098-Joint-schedule-12-supply-chain-visibility-v21--20250626-3589,details
7883,RM6098-Joint-Schedule-3-Insurance-Requirements-v10--20250626-3606,details
7884,RM6098-Joint-Schedule-6-Key-Subcontractors-v10--20250626-3629,details
7885,RM6098-Invitation-to-tender-template-v3--20250626-3437,details
7886,RM6098-Invitation-to-tender-template-v3--20250626-3457,details
7887,RM6098-Joint-Schedule-11-processing-data-v20--20250626-3481,details
7888,RM6098-Joint-Schedule-11-processing-data-v20--20250626-3498,details
7889,RM6098-Joint-Schedule-11-processing-data-v20--20250626-3500,details
7890,RM6098-Joint-Schedule-11-processing-data-v20--20250626-3527,details
7891,RM6098-Joint-Schedule-11-processing-data-v20--20250626-3529,details
7892,RM6098-Joint-Schedule-7-Financial-Difficulties-v34--20250626-3638,details
7893,RM6098-Joint-Schedule-7-Financial-Difficulties-v34--20250626-3641,details
7894,RM6098-Joint-Schedule-7-Financial-Difficulties-v34--20250626-3649,details
7895,RM6098-Joint-Schedule-7-Financial-Difficulties-v34--20250626-3699,details
7896,RM6098-Joint-Schedule-7-Financial-Difficulties-v34--20250626-3729,details
7897,RM6098-Joint-Schedule-7-Financial-Difficulties-v34--20250626-3735,details
7898,RM6098-Framework-schedule-6-order-form-template-and-call-off-schedules-v31--20250626-3353,details
7899,RM6098-Framework-Schedule-7-Call-Off-Award-Procedure-v2--20250626-3362,details
7900,RM6098-Framework-Schedule-7-Call-Off-Award-Procedure-v2--20250626-3372,details
7901,RM6098-Framework-Schedule-7-Call-Off-Award-Procedure-v2--20250626-3387,details
7902,RM6098-Framework-Schedule-7-Call-Off-Award-Procedure-v2--20250626-3399,details
7903,RM6098-Model-Contract-Pack-v3--20250626-4047,details
7904,RM6098-Model-Contract-Pack-v3--20250626-4051,details
7905,RM6098-Model-Contract-Pack-v3--20250626-4061,details
7906,RM6098-Model-Contract-Pack-v3--20250626-4064,details
7907,RM6098-Model-Contract-Pack-v3--20250626-4070,details
7908,RM6098-Model-Contract-Pack-v3--20250626-4073,details
7909,RM6098-Model-Contract-Pack-v3--20250626-4075,details
7910,RM6098-Model-Contract-Pack-v3--20250626-4090,details
7911,RM6098-Model-Contract-Pack-v3--20250626-4097,details
7912,RM6098-Model-Contract-Pack-v3--20250626-4099,details
7913,RM6098-Model-Contract-Pack-v3--20250626-4100,details
7914,RM6098-Model-Contract-Pack-v3--20250626-4106,details
7915,RM6098-Model-Contract-Pack-v3--20250626-4110,details
7916,RM6098-Model-Contract-Pack-v3--20250626-4118,details
7917,RM6098-Model-Contract-Pack-v3--20250626-4123,details
7918,RM6098-Model-Contract-Pack-v3--20250626-4126,details
7919,RM6098-Model-Contract-Pack-v3--20250626-4138,details
7920,RM6098-Model-Contract-Pack-v3--20250626-3941,details
7921,RM6098-Model-Contract-Pack-v3--20250626-3943,details
7922,RM6098-Model-Contract-Pack-v3--20250626-3948,details
7923,RM6098-Model-Contract-Pack-v3--20250626-3950,details
7924,RM6098-Model-Contract-Pack-v3--20250626-3952,details
7925,RM6098-Model-Contract-Pack-v3--20250626-3953,details
7926,RM6098-Model-Contract-Pack-v3--20250626-3954,details
7927,RM6098-Model-Contract-Pack-v3--20250626-3962,details
7928,RM6098-Model-Contract-Pack-v3--20250626-3994,details
7929,RM6098-Model-Contract-Pack-v3--20250626-4000,details
7930,RM6098-Model-Contract-Pack-v3--20250626-4015,details
7931,RM6098-Model-Contract-Pack-v3--20250626-4022,details
7932,RM6098-Model-Contract-Pack-v3--20250626-4033,details
7933,RM6098-Model-Contract-Pack-v3--20250626-4038,details
7934,RM6098-Model-Contract-Pack-v3--20250626-3864,details
7935,RM6098-Model-Contract-Pack-v3--20250626-3873,details
7936,RM6098-Model-Contract-Pack-v3--20250626-3883,details
7937,RM6098-Model-Contract-Pack-v3--20250626-3885,details
7938,RM6098-Model-Contract-Pack-v3--20250626-3901,details
7939,RM6098-Model-Contract-Pack-v3--20250626-3910,details
7940,RM6098-Model-Contract-Pack-v3--20250626-3913,details
7941,RM6098-Model-Contract-Pack-v3--20250626-3934,details
7942,RM6098-Model-Contract-Pack-v3--20250626-3936,details
7943,RM6098-Model-Contract-Pack-v3--20250626-3937,details
7944,RM6098-Model-Contract-Pack-v3--20250626-3938,details
7945,RM6098-Joint-Schedule-8-Guarantee-for-PSC-v10--20250626-3746,details
7946,RM6098-Leasing-tech-hardware-best-practice-process-v28-1--20250626-3765,details
7947,RM6098-Leasing-tech-hardware-best-practice-process-v28-1--20250626-3772,details
7948,RM6098-Leasing-tech-hardware-best-practice-process-v28-1--20250626-3773,details
7949,RM6098-Leasing-tech-hardware-best-practice-process-v28-1--20250626-3797,details
7950,RM6098-Leasing-tech-hardware-best-practice-process-v28-1--20250626-3806,details
7951,RM6098-Market-engagement-best-practice-process-v27--20250626-3818,details
7952,RM6098-Model-Contract-Pack-v3--20250626-4155,details
7953,RM6098-Model-Contract-Pack-v3--20250626-4160,details
7954,RM6098-Model-Contract-Pack-v3--20250626-4168,details
7955,RM6098-Model-Contract-Pack-v3--20250626-4184,details
7956,RM6098-Model-Contract-Pack-v3--20250626-4190,details
7957,RM6098-Model-Contract-Pack-v3--20250626-4196,details
7958,RM6098-Request-for-information-template-v21--20250626-4198,details
7959,RM6098-Request-for-information-template-v21--20250626-4211,details
7960,RM6098-Supplier-outcome-letter-successful-v1_2--20250626-4217,details
7961,RM6098-Supplier-outcome-letter-successful-v1_2--20250626-4218,details
7962,RM6098-Supplier-outcome-letter-unsuccessful-v1--20250626-4227,details
7963,RM6098-Supplier-outcome-letter-unsuccessful-v1--20250626-4228,details
7964,RM6098_Description--20250626-4235,details
7965,RM6116-Buyer-guide-v12--20250626-4286,details
7966,RM6116-Buyer-guide-v12--20250626-4288,details
7967,RM6116-Buyer-guide-v12--20250626-4296,details
7968,RM6116-Call-Off-Schedule-1-Transparency-Reports-vFinal--20250626-4316,details
7969,RM6116-Call-Off-Schedule-1-Transparency-Reports-vFinal--20250626-4317,details
7970,RM6116-Call-Off-Schedule-1-Transparency-Reports-vFinal--20250626-4319,details
7971,RM6116-Call-Off-Schedule-1-Transparency-Reports-vFinal--20250626-4321,details
7972,RM6116-Call-Off-Schedule-10-Exit-Management-V12--20250626-4329,details
7973,RM6116-Call-Off-Schedule-10-Exit-Management-V12--20250626-4330,details
7974,RM6116-Call-Off-Schedule-10-Exit-Management-V12--20250626-4332,details
7975,RM6116-Call-Off-Schedule-10-Exit-Management-V12--20250626-4342,details
7976,RM6116-Call-Off-Schedule-14-Service-Levels-vFinal11--20250626-4459,details
7977,RM6116-Call-Off-Schedule-14-Service-Levels-vFinal11--20250626-4493,details
7978,RM6116-Call-Off-Schedule-15-Call-Off-Contract-Management-vFinal--20250626-4508,details
7979,RM6116-Call-Off-Schedule-16-Benchmarking-vFinal--20250626-4526,details
7980,RM6116-Call-Off-Schedule-17-MOD-Terms-vFinal--20250626-4537,details
7981,RM6116-Call-Off-Schedule-17-MOD-Terms-vFinal--20250626-4539,details
7982,RM6116-Call-Off-Schedule-18-Background-Checks-vFinal--20250626-4544,details
7983,RM6116-Call-Off-Schedule-10-Exit-Management-V12--20250626-4348,details
7984,RM6116-Call-Off-Schedule-10-Exit-Management-V12--20250626-4353,details
7985,RM6116-Call-Off-Schedule-10-Exit-Management-V12--20250626-4354,details
7986,RM6116-Call-Off-Schedule-12-Clustering-vFinal--20250626-4372,details
7987,RM6116-Call-Off-Schedule-13-Implementation-Plan-and-Testing-v11--20250626-4393,details
7988,RM6116-Call-Off-Schedule-13-Implementation-Plan-and-Testing-v11--20250626-4403,details
7989,RM6116-Call-Off-Schedule-6-ICT-Services-v11--20250626-4876,details
7990,RM6116-Call-Off-Schedule-6-ICT-Services-v11--20250626-4888,details
7991,RM6116-Call-Off-Schedule-6-ICT-Services-v11--20250626-4895,details
7992,RM6116-Call-Off-Schedule-6-ICT-Services-v11--20250626-4897,details
7993,RM6116-Call-Off-Schedule-8-Business-Continuity-and-Disaster-Recovery-v11--20250626-4932,details
7994,RM6116-Call-Off-Schedule-8-Business-Continuity-and-Disaster-Recovery-v11--20250626-4937,details
7995,RM6116-Call-Off-Schedule-8-Business-Continuity-and-Disaster-Recovery-v11--20250626-4939,details
7996,RM6116-Call-Off-Schedule-8-Business-Continuity-and-Disaster-Recovery-v11--20250626-4942,details
7997,RM6116-Call-Off-Schedule-8-Business-Continuity-and-Disaster-Recovery-v11--20250626-4945,details
7998,RM6116-Call-Off-Schedule-2-Staff-Transfer-vFinal--20250626-4667,details
7999,RM6116-Call-Off-Schedule-2-Staff-Transfer-vFinal--20250626-4669,details
8000,RM6116-Call-Off-Schedule-2-Staff-Transfer-vFinal--20250626-4687,details
8001,RM6116-Call-Off-Schedule-2-Staff-Transfer-vFinal--20250626-4703,details
8002,RM6116-Call-Off-Schedule-2-Staff-Transfer-vFinal--20250626-4716,details
8003,RM6116-Call-Off-Schedule-2-Staff-Transfer-vFinal--20250626-4725,details
8004,RM6116-Call-Off-Schedule-2-Staff-Transfer-vFinal--20250626-4726,details
8005,RM6116-Call-Off-Schedule-2-Staff-Transfer-vFinal--20250626-4789,details
8006,RM6116-Call-Off-Schedule-2-Staff-Transfer-vFinal--20250626-4790,details
8007,RM6116-Call-Off-Schedule-2-Staff-Transfer-vFinal--20250626-4798,details
8008,RM6116-Call-Off-Schedule-2-Staff-Transfer-vFinal--20250626-4802,details
8009,RM6116-Call-Off-Schedule-21-Northern-Ireland-Law-vFinal--20250626-4811,details
8010,RM6116-Call-Off-Schedule-22-Lease-Terms-vFinal--20250626-4830,details
8011,RM6116-Call-Off-Schedule-19-Scottish-Law-vFinal--20250626-4551,details
8012,RM6116-Call-Off-Schedule-2-Staff-Transfer-vFinal--20250626-4566,details
8013,RM6116-Call-Off-Schedule-2-Staff-Transfer-vFinal--20250626-4578,details
8014,RM6116-Call-Off-Schedule-2-Staff-Transfer-vFinal--20250626-4591,details
8015,RM6116-Call-Off-Schedule-2-Staff-Transfer-vFinal--20250626-4614,details
8016,RM6116-Call-Off-Schedule-8-Business-Continuity-and-Disaster-Recovery-v11--20250626-4951,details
8017,RM6116-Call-Off-Schedule-8-Business-Continuity-and-Disaster-Recovery-v11--20250626-4958,details
8018,RM6116-Call-Off-Schedule-8-Business-Continuity-and-Disaster-Recovery-v11--20250626-4961,details
8019,RM6116-Call-Off-Schedule-8-Business-Continuity-and-Disaster-Recovery-v11--20250626-4964,details
8020,RM6116-Call-Off-Schedule-8-Business-Continuity-and-Disaster-Recovery-v11--20250626-4976,details
8021,RM6116-Call-Off-Schedule-8-Business-Continuity-and-Disaster-Recovery-v11--20250626-4982,details
8022,RM6116-Call-Off-Schedule-9-Security-vFinal--20250626-4987,details
8023,RM6116-Call-Off-Schedule-9-Security-vFinal--20250626-4990,details
8024,RM6116-Call-Off-Schedule-9-Security-vFinal--20250626-5001,details
8025,RM6116-Call-Off-Schedule-9-Security-vFinal--20250626-5010,details
8026,RM6116-Call-Off-Schedule-9-Security-vFinal--20250626-5015,details
8027,RM6116-Call-Off-Schedule-9-Security-vFinal--20250626-5023,details
8028,RM6116-Framework-Schedule-3-Framework-Prices-vFinal-11--20250626-5157,details
8029,RM6116-Framework-Schedule-3-Framework-Prices-vFinal-11--20250626-5160,details
8030,RM6116-Framework-Schedule-3-Framework-Prices-vFinal-11--20250626-5178,details
8031,RM6116-Framework-Schedule-3-Framework-Prices-vFinal-11--20250626-5191,details
8032,RM6116-Framework-Schedule-5-Management-Charges-and-Information-vFinal--20250626-5215,details
8033,RM6116-Framework-Schedule-5-Management-Charges-and-Information-vFinal--20250626-5228,details
8034,RM6116-Framework-Schedule-6-Order-Form-Template-and-Call-Off-Schedules-vFinal11--20250626-5249,details
8035,RM6116-Framework-Schedule-6-Order-Form-Template-and-Call-Off-Schedules-vFinal11--20250626-5251,details
8036,RM6116-Framework-Schedule-6-Order-Form-Template-and-Call-Off-Schedules-vFinal11--20250626-5252,details
8037,RM6116-Framework-Schedule-7-Call-Off-Award-Procedure-v10-2--20250626-5259,details
8038,RM6116-Framework-Schedule-7-Call-Off-Award-Procedure-v10-2--20250626-5273,details
8039,RM6116-Framework-Schedule-7-Call-Off-Award-Procedure-v10-2--20250626-5293,details
8040,RM6116-Framework-Schedule-9-Cyber-Essentials-Scheme-vFinal--20250626-5301,details
8041,RM6116-Joint-Schedule-1-Definitions-vFinal--20250626-5323,details
8042,RM6116-Joint-Schedule-1-Definitions-vFinal--20250626-5327,details
8043,RM6116-Call-Off-Schedule-9-Security-vFinal--20250626-5050,details
8044,RM6116-Call-Off-Schedule-9-Security-vFinal--20250626-5078,details
8045,RM6116-Framework-Schedule-1-Specification-vFinal--20250626-5106,details
8046,RM6116-Framework-Schedule-1-Specification-vFinal--20250626-5122,details
8047,RM6116-Framework-Schedule-1-Specification-vFinal--20250626-5129,details
8048,RM6116-Joint-Schedule-7-Financial-Difficulties-v11docx--20250626-5656,details
8049,RM6116-Joint-Schedule-8-Guarantee-for-PSC-vFinal--20250626-5685,details
8050,RM6116-Joint-Schedule-8-Guarantee-for-PSC-vFinal--20250626-5687,details
8051,RM6116-Joint-Schedule-8-Guarantee-for-PSC-vFinal--20250626-5698,details
8052,RM6116-Joint-Schedule-8-Guarantee-for-PSC-vFinal--20250626-5702,details
8053,RM6116-Joint-Schedule-8-Guarantee-for-PSC-vFinal--20250626-5703,details
8054,RM6116-Joint-Schedule-8-Guarantee-for-PSC-vFinal--20250626-5704,details
8055,RM6116-Network-Services-3-Statement-of-Requirements-Template-accessible-v1-1--20250626-5708,details
8056,RM6116-NS3-Core-terms-v3011--20250626-5720,details
8057,RM6116-NS3-Core-terms-v3011--20250626-5736,details
8058,RM6116-NS3-Core-terms-v3011--20250626-5740,details
8059,RM6116-Joint-Schedule-5-Corporate-Social-Responsibility-vFinal--20250626-5559,details
8060,RM6116-Joint-Schedule-5-Corporate-Social-Responsibility-vFinal--20250626-5560,details
8061,RM6116-Joint-Schedule-7-Financial-Difficulties-v11docx--20250626-5587,details
8062,RM6116-Joint-Schedule-7-Financial-Difficulties-v11docx--20250626-5593,details
8063,RM6116-Joint-Schedule-7-Financial-Difficulties-v11docx--20250626-5598,details
8064,RM6116-Joint-Schedule-7-Financial-Difficulties-v11docx--20250626-5621,details
8065,RM6116-Joint-Schedule-7-Financial-Difficulties-v11docx--20250626-5635,details
8066,RM6116-Joint-Schedule-7-Financial-Difficulties-v11docx--20250626-5644,details
8067,RM6116-Joint-Schedule-7-Financial-Difficulties-v11docx--20250626-5646,details
8068,RM6116-Joint-Schedule-11-Processing-Data-vFinal-1--20250626-5468,details
8069,RM6116-Joint-Schedule-11-Processing-Data-vFinal-1--20250626-5477,details
8070,RM6116-Joint-Schedule-11-Processing-Data-vFinal-1--20250626-5501,details
8071,RM6116-Joint-Schedule-11-Processing-Data-vFinal-1--20250626-5507,details
8072,RM6116-Joint-Schedule-11-Processing-Data-vFinal-1--20250626-5508,details
8073,RM6116-Joint-Schedule-4-Commercially-Sensitive-Information-vFinal--20250626-5543,details
8074,RM6116-Joint-Schedule-5-Corporate-Social-Responsibility-vFinal--20250626-5546,details
8075,RM6116-Joint-Schedule-1-Definitions-vFinal--20250626-5381,details
8076,RM6116-Joint-Schedule-1-Definitions-vFinal--20250626-5400,details
8077,RM6116-Joint-Schedule-1-Definitions-vFinal--20250626-5404,details
8078,RM6116-Joint-Schedule-1-Definitions-vFinal--20250626-5417,details
8079,RM6116-Joint-Schedule-1-Definitions-vFinal--20250626-5423,details
8080,RM6116-Joint-Schedule-1-Definitions-vFinal--20250626-5429,details
8081,RM6187-Call-Off-Schedule-17_-MOD-Terms---20250626-6071,details
8082,RM6187-Call-Off-Schedule-17_-MOD-Terms---20250626-6074,details
8083,RM6187-Call-Off-Schedule-17_-MOD-Terms---20250626-6077,details
8084,RM6187-Call-Off-Schedule-19_-Scottish-Law---20250626-6096,details
8085,RM6187-Call-Off-Schedule-23_-HMRC-Schedule---20250626-6108,details
8086,RM6187-Call-Off-Schedule-23_-HMRC-Schedule---20250626-6143,details
8087,RM6187-Call-Off-Schedule-23_-HMRC-Schedule---20250626-6147,details
8088,RM6187-Call-Off-Schedule-23_-HMRC-Schedule---20250626-6150,details
8089,RM6187-Call-Off-Schedule-23_-HMRC-Schedule---20250626-6154,details
8090,RM6116-NS3-Core-terms-v3011--20250626-5758,details
8091,RM6116-NS3-Core-terms-v3011--20250626-5775,details
8092,RM6116-NS3-Core-terms-v3011--20250626-5776,details
8093,RM6116-NS3-Core-terms-v3011--20250626-5795,details
8094,RM6116-NS3-Core-terms-v3011--20250626-5811,details
8095,RM6116-NS3-Framework-Award-Form-vFinal-11-1--20250626-5816,details
8096,RM6116-Request-For-Information-template-v1-2--20250626-5839,details
8097,RM6116-Request-For-Information-template-v1-2--20250626-5852,details
8098,RM6116_howtobuy--20250626-5864,details
8099,RM6116_Key-changes-from-NS2-to-NS3_V10docx--20250626-5871,details
8100,RM6116_Key-changes-from-NS2-to-NS3_V10docx--20250626-5892,details
8101,RM6187-Call-Off-Schedule-1-_Transparency-Reports---20250626-5897,details
8102,RM6187-Call-Off-Schedule-10_-Exit-Management---20250626-5916,details
8103,RM6187-Call-Off-Schedule-10_-Exit-Management---20250626-5924,details
8104,RM6187-Call-Off-Schedule-10_-Exit-Management---20250626-5933,details
8105,RM6187-Call-Off-Schedule-12_-Clustering---20250626-5949,details
8106,RM6187-Call-Off-Schedule-13_-Implementation-Plan-and-Testing---20250626-5991,details
8107,RM6187-Call-Off-Schedule-13_-Implementation-Plan-and-Testing---20250626-5998,details
8108,RM6187-Call-Off-Schedule-14_-Service-Levels---20250626-6019,details
8109,RM6187-Call-Off-Schedule-14_-Service-Levels---20250626-6024,details
8110,RM6187-Call-Off-Schedule-14_-Service-Levels---20250626-6034,details
8111,RM6187-Call-Off-Schedule-15_-Call-Off-Contract-Management---20250626-6040,details
8112,RM6187-Call-Off-Schedule-16_-Benchmarking--20250626-6050,details
8113,RM6187-Call-Off-Schedule-6_-ICT-Services---20250626-6169,details
8114,RM6187-Call-Off-Schedule-6_-ICT-Services---20250626-6174,details
8115,RM6187-Call-Off-Schedule-6_-ICT-Services---20250626-6177,details
8116,RM6187-Call-Off-Schedule-6_-ICT-Services---20250626-6178,details
8117,RM6187-Call-Off-Schedule-6_-ICT-Services---20250626-6181,details
8118,RM6187-Call-Off-Schedule-6_-ICT-Services---20250626-6184,details
8119,RM6187-Call-Off-Schedule-6_-ICT-Services---20250626-6186,details
8120,RM6187-Call-Off-Schedule-6_-ICT-Services---20250626-6198,details
8121,RM6187-Call-Off-Schedule-6_-ICT-Services---20250626-6213,details
8122,RM6187-Call-Off-Schedule-8_-Business-Continuity-and-Disaster-Recovery---20250626-6232,details
8123,RM6187-Call-Off-Schedule-8_-Business-Continuity-and-Disaster-Recovery---20250626-6234,details
8124,RM6187-Call-Off-Schedule-8_-Business-Continuity-and-Disaster-Recovery---20250626-6243,details
8125,RM6187-Core-Terms---20250626-6370,details
8126,RM6187-Core-Terms---20250626-6376,details
8127,RM6187-Core-Terms---20250626-6396,details
8128,RM6187-Core-Terms---20250626-6398,details
8129,RM6187-Core-Terms---20250626-6408,details
8130,RM6187-Core-Terms---20250626-6432,details
8131,RM6187-Core-Terms---20250626-6443,details
8132,RM6187-Core-Terms---20250626-6456,details
8133,RM6187-Core-Terms---20250626-6459,details
8134,RM6187-Framework-Schedule-1_-Specification--20250626-6463,details
8135,RM6187-Call-Off-Schedule-9_-Security---20250626-6262,details
8136,RM6187-Call-Off-Schedule-9_-Security---20250626-6264,details
8137,RM6187-Call-Off-Schedule-9_-Security---20250626-6266,details
8138,RM6187-Call-Off-Schedule-9_-Security---20250626-6269,details
8139,RM6187-Call-Off-Schedule-9_-Security---20250626-6270,details
8140,RM6187-Call-Off-Schedule-9_-Security---20250626-6303,details
8141,RM6187-Call-Off-Schedule-9_-Security---20250626-6311,details
8142,RM6187-Call-Off-Schedule-9_-Security---20250626-6347,details
8143,RM6187-Framework-Schedule-1_-Specification--20250626-6467,details
8144,RM6187-Framework-Schedule-1_-Specification--20250626-6469,details
8145,RM6187-Framework-Schedule-1_-Specification--20250626-6474,details
8146,RM6187-Framework-Schedule-1_-Specification--20250626-6484,details
8147,RM6187-Framework-Schedule-4_-Framework-Management---20250626-6511,details
8148,RM6187-Framework-Schedule-4_-Framework-Management---20250626-6515,details
8149,RM6187-Framework-Schedule-6_-Order-Form-and-Call-Off-Schedules-4--20250626-6559,details
8150,RM6187-Joint-Schedule-1_-Definitions---20250626-6869,details
8151,RM6187-Joint-Schedule-2_-Variation-Form--20250626-6886,details
8152,RM6187-Joint-Schedule-3_-Insurance-Requirements--20250626-6900,details
8153,RM6187-Joint-Schedule-5_-Corporate-Social-Responsibility---20250626-6910,details
8154,RM6187-Joint-Schedule-5_-Corporate-Social-Responsibility---20250626-6913,details
8155,RM6187-Joint-Schedule-5_-Corporate-Social-Responsibility---20250626-6915,details
8156,RM6187-Joint-Schedule-6_-Key-Subcontractors--20250626-6922,details
8157,RM6187-Joint-Schedule-7_-Financial-Difficulties-1--20250626-6932,details
8158,RM6187-Joint-Schedule-7_-Financial-Difficulties-1--20250626-6940,details
8159,RM6187-Joint-Schedule-7_-Financial-Difficulties-1--20250626-6946,details
8160,RM6187-Joint-Schedule-8_-Guarantee---20250626-6955,details
8161,RM6187-Joint-Schedule-8_-Guarantee---20250626-6956,details
8162,RM6187-Joint-Schedule-8_-Guarantee---20250626-6959,details
8163,RM6187-Joint-Schedule-1_-Definitions---20250626-6767,details
8164,RM6187-Joint-Schedule-1_-Definitions---20250626-6782,details
8165,RM6187-Joint-Schedule-1_-Definitions---20250626-6788,details
8166,RM6187-Joint-Schedule-1_-Definitions---20250626-6806,details
8167,RM6187-Joint-Schedule-1_-Definitions---20250626-6818,details
8168,RM6187-Joint-Schedule-1_-Definitions---20250626-6825,details
8169,RM6187-Joint-Schedule-1_-Definitions---20250626-6826,details
8170,RM6187-Joint-Schedule-1_-Definitions---20250626-6836,details
8171,RM6187-Joint-Schedule-1_-Definitions---20250626-6840,details
8172,RM6187-Joint-Schedule-1_-Definitions---20250626-6858,details
8173,RM6187-Joint-Schedule-1_-Definitions---20250626-6861,details
8174,RM6187-Joint-Schedule-1_-Definitions---20250626-6864,details
8175,RM6187-Framework-Schedule-6_-Order-Form-and-Call-Off-Schedules-4--20250626-6567,details
8176,RM6187-Framework-Schedule-7_-Call-Off-Award-Procedure---20250626-6575,details
8177,RM6187-Framework-Schedule-7_-Call-Off-Award-Procedure---20250626-6582,details
8178,RM6187-Framework-Schedule-7_-Call-Off-Award-Procedure---20250626-6588,details
8179,RM6187-Framework-Schedule-7_-Call-Off-Award-Procedure---20250626-6590,details
8180,RM6187-Framework-Schedule-7_-Call-Off-Award-Procedure---20250626-6594,details
8181,RM6187-Framework-Schedule-7_-Call-Off-Award-Procedure---20250626-6595,details
8182,RM6187-Framework-Schedule-7_-Call-Off-Award-Procedure---20250626-6606,details
8183,RM6187-How-to-use-Contractual-Documents--1--20250626-6637,details
8184,RM6187-How-to-use-Contractual-Documents--1--20250626-6643,details
8185,RM6187-How-to-use-Contractual-Documents--1--20250626-6657,details
8186,RM6187-Joint-Schedule-11_-Processing-Data---20250626-6667,details
8187,RM6187-Joint-Schedule-11_-Processing-Data---20250626-6672,details
8188,RM6187-Joint-Schedule-11_-Processing-Data---20250626-6683,details
8189,RM6187-Joint-Schedule-11_-Processing-Data---20250626-6699,details
8190,RM6187-Joint-Schedule-11_-Processing-Data---20250626-6705,details
8191,RM6187-Joint-Schedule-11_-Processing-Data---20250626-6722,details
8192,RM6187-Joint-Schedule-11_-Processing-Data---20250626-6728,details
8193,RM6187-Joint-Schedule-11_-Processing-Data---20250626-6731,details
8194,RM6187-Joint-Schedule-1_-Definitions---20250626-6743,details
8195,RM6187-Joint-Schedule-1_-Definitions---20250626-6746,details
8196,RM6187-Joint-Schedule-1_-Definitions---20250626-6759,details
8197,RM6187-T6-Attachment-2-How-to-Bid-including-Evaluation-Criteria---20250626-7203,details
8198,RM6187-T6-Attachment-2-How-to-Bid-including-Evaluation-Criteria---20250626-7228,details
8199,RM6187-T6-Attachment-2-How-to-Bid-including-Evaluation-Criteria---20250626-7230,details
8200,RM6187-T6-Attachment-2-How-to-Bid-including-Evaluation-Criteria---20250626-7232,details
8201,RM6187-T6-Attachment-2-How-to-Bid-including-Evaluation-Criteria---20250626-7233,details
8202,RM6187-T9-Evaluator-Competency-Profile-1--20250626-7247,details
8203,RM6187_benefits--20250626-7249,details
8204,RM6187_description--20250626-7252,details
8205,DPS-Core-Terms-v103-1--20250626-7265,details
8206,DPS-Core-Terms-v103-1--20250626-7290,details
8207,DPS-Core-Terms-v103-1--20250626-7292,details
8208,DPS-Core-Terms-v103-1--20250626-7301,details
8209,DPS-Core-Terms-v103-1--20250626-7303,details
8210,DPS-Core-Terms-v103-1--20250626-7327,details
8211,DPS-Core-Terms-v103-1--20250626-7328,details
8212,DPS-Core-Terms-v103-1--20250626-7344,details
8213,RM6264-Attachment-1-About-the-Procurement-v2--20250626-7368,details
8214,RM6187-T2-Attachment-3-Statement-of-Requirements-docx--20250626-7071,details
8215,RM6187-T3-Non-Disclosure-Agreement-NDA--20250626-7077,details
8216,RM6187-T3-Non-Disclosure-Agreement-NDA--20250626-7086,details
8217,RM6187-T3-Non-Disclosure-Agreement-NDA--20250626-7088,details
8218,RM6187-T3-Non-Disclosure-Agreement-NDA--20250626-7109,details
8219,RM6187-T3-Non-Disclosure-Agreement-NDA--20250626-7119,details
8220,RM6187-T3-Non-Disclosure-Agreement-NDA--20250626-7150,details
8221,RM6187-Joint-Schedule-8_-Guarantee---20250626-6986,details
8222,RM6187-Joint-Schedule-8_-Guarantee---20250626-6993,details
8223,RM6187-Joint-Schedule-8_-Guarantee---20250626-6999,details
8224,RM6187-T10-Evaluator-Conflict-of-Interest-MCF3---20250626-7036,details
8225,RM6187-T12-Notification-CCS-of-Non-compliance---20250626-7055,details
8226,RM6264-DPS-Joint-Schedule-7-Financial-Difficulties-v10--20250626-7685,details
8227,RM6264-DPS-Joint-Schedule-7-Financial-Difficulties-v10--20250626-7686,details
8228,RM6264-DPS-Joint-Schedule-8-Guarantee-v10--20250626-7700,details
8229,RM6264-DPS-Order-Schedule-10-Exit-Management-v10--20250626-7723,details
8230,RM6264-DPS-Order-Schedule-10-Exit-Management-v10--20250626-7746,details
8231,RM6264-DPS-Order-Schedule-10-Exit-Management-v10--20250626-7753,details
8232,RM6264-DPS-Order-Schedule-11-Installation-Works-v10--20250626-7755,details
8233,RM6264-DPS-Order-Schedule-13-Implementation-Plan-and-Testing-v10--20250626-7767,details
8234,RM6264-DPS-Order-Schedule-13-Implementation-Plan-and-Testing-v10--20250626-7769,details
8235,RM6264-DPS-Order-Schedule-13-Implementation-Plan-and-Testing-v10--20250626-7776,details
8236,RM6264-Attachment-2-How-to-Bid-v1--20250626-7385,details
8237,RM6264-Attachment-2-How-to-Bid-v1--20250626-7396,details
8238,RM6264-Attachment-2-How-to-Bid-v1--20250626-7409,details
8239,RM6264-Attachment-2-How-to-Bid-v1--20250626-7412,details
8240,RM6264-Attachment-2-How-to-Bid-v1--20250626-7419,details
8241,RM6264-Attachment-2-How-to-Bid-v1--20250626-7423,details
8242,RM6264-Customer-user-agreement-v1--20250626-7452,details
8243,RM6264-description--20250626-7458,details
8244,RM6264-DPS-Buyer-Guide-v30--20250626-7477,details
8245,RM6264-DPS-Buyer-Guide-v30--20250626-7489,details
8246,RM6264-DPS-Buyer-Guide-v30--20250626-7504,details
8247,RM6264-DPS-Joint-Schedule-11-Processing-Data-v10--20250626-7532,details
8248,RM6264-DPS-Joint-Schedule-11-Processing-Data-v10--20250626-7537,details
8249,RM6264-DPS-Joint-Schedule-11-Processing-Data-v10--20250626-7565,details
8250,RM6264-DPS-Joint-Schedule-11-Processing-Data-v10--20250626-7574,details
8251,RM6264-DPS-Joint-Schedule-2-Variation-Form-v10--20250626-7594,details
8252,RM6264-DPS-Joint-Schedule-6-Key-Subcontractors-v10--20250626-7627,details
8253,RM6264-DPS-Joint-Schedule-7-Financial-Difficulties-v10--20250626-7645,details
8254,RM6264-DPS-Joint-Schedule-7-Financial-Difficulties-v10--20250626-7649,details
8255,RM6264-DPS-Joint-Schedule-7-Financial-Difficulties-v10--20250626-7664,details
8256,RM6264-DPS-Joint-Schedule-7-Financial-Difficulties-v10--20250626-7672,details
8257,RM6264-DPS-Order-Schedule-2-Staff-Transfer-v10--20250626-7984,details
8258,RM6264-DPS-Order-Schedule-2-Staff-Transfer-v10--20250626-7990,details
8259,RM6264-DPS-Order-Schedule-2-Staff-Transfer-v10--20250626-7991,details
8260,RM6264-DPS-Order-Schedule-2-Staff-Transfer-v10--20250626-7998,details
8261,RM6264-DPS-Order-Schedule-2-Staff-Transfer-v10--20250626-7999,details
8262,RM6264-DPS-Order-Schedule-2-Staff-Transfer-v10--20250626-8022,details
8263,RM6264-DPS-Order-Schedule-2-Staff-Transfer-v10--20250626-8035,details
8264,RM6264-DPS-Order-Schedule-2-Staff-Transfer-v10--20250626-8046,details
8265,RM6264-DPS-Order-Schedule-2-Staff-Transfer-v10--20250626-8053,details
8266,RM6264-DPS-Order-Schedule-2-Staff-Transfer-v10--20250626-8054,details
8267,RM6264-DPS-Order-Schedule-2-Staff-Transfer-v10--20250626-8058,details
8268,RM6264-DPS-Order-Schedule-2-Staff-Transfer-v10--20250626-8066,details
8269,RM6264-DPS-Order-Schedule-2-Staff-Transfer-v10--20250626-8068,details
8270,RM6264-DPS-Order-Schedule-2-Staff-Transfer-v10--20250626-8071,details
8271,RM6264-DPS-Order-Schedule-2-Staff-Transfer-v10--20250626-8085,details
8272,RM6264-DPS-Order-Schedule-2-Staff-Transfer-v10--20250626-8099,details
8273,RM6264-DPS-Order-Schedule-2-Staff-Transfer-v10--20250626-8106,details
8274,RM6264-DPS-Order-Schedule-22-Lease-Terms-v10--20250626-8120,details
8275,RM6264-DPS-Order-Schedule-22-Lease-Terms-v10--20250626-8121,details
8276,RM6264-DPS-Order-Schedule-22-Lease-Terms-v10--20250626-8123,details
8277,RM6264-DPS-Order-Schedule-23-HMRC-v10--20250626-8131,details
8278,RM6264-DPS-Order-Schedule-23-HMRC-v10--20250626-8136,details
8279,RM6264-DPS-Order-Schedule-25-Billable-Works-and-Projects-v10--20250626-8148,details
8280,RM6264-DPS-Order-Schedule-25-Billable-Works-and-Projects-v10--20250626-8167,details
8281,RM6264-DPS-Order-Schedule-26-Buyer-Remedies-for-Default-and-Step-in-Rights-v10--20250626-8176,details
8282,RM6264-DPS-Order-Schedule-17-MOD-Terms-V10--20250626-7881,details
8283,RM6264-DPS-Order-Schedule-2-Staff-Transfer-v10--20250626-7897,details
8284,RM6264-DPS-Order-Schedule-2-Staff-Transfer-v10--20250626-7903,details
8285,RM6264-DPS-Order-Schedule-2-Staff-Transfer-v10--20250626-7904,details
8286,RM6264-DPS-Order-Schedule-2-Staff-Transfer-v10--20250626-7924,details
8287,RM6264-DPS-Order-Schedule-2-Staff-Transfer-v10--20250626-7958,details
8288,RM6264-DPS-Order-Schedule-2-Staff-Transfer-v10--20250626-7961,details
8289,RM6264-DPS-Order-Schedule-2-Staff-Transfer-v10--20250626-7970,details
8290,RM6264-DPS-Order-Schedule-13-Implementation-Plan-and-Testing-v10--20250626-7777,details
8291,RM6264-DPS-Order-Schedule-13-Implementation-Plan-and-Testing-v10--20250626-7791,details
8292,RM6264-DPS-Order-Schedule-14-Service-Levels-v10--20250626-7823,details
8293,RM6264-DPS-Order-Schedule-14-Service-Levels-v10--20250626-7833,details
8294,RM6264-DPS-Order-Schedule-15-Order-Contract-Management-v10--20250626-7847,details
8295,RM6264-DPS-Order-Schedule-16-Benchmarking-v10--20250626-7854,details
8296,RM6264-DPS-Order-Schedule-16-Benchmarking-v10--20250626-7862,details
8297,RM6264-DPS-Order-Schedule-16-Benchmarking-v10--20250626-7867,details
8298,RM6264-DPS-Order-Schedule-8-Business-Continuity-and-Disaster-Recovery-v10--20250626-8296,details
8299,RM6264-DPS-Order-Schedule-8-Business-Continuity-and-Disaster-Recovery-v10--20250626-8305,details
8300,RM6264-DPS-Order-Schedule-8-Business-Continuity-and-Disaster-Recovery-v10--20250626-8310,details
8301,RM6264-DPS-Order-Schedule-8-Business-Continuity-and-Disaster-Recovery-v10--20250626-8314,details
8302,RM6264-DPS-Order-Schedule-8-Business-Continuity-and-Disaster-Recovery-v10--20250626-8328,details
8303,RM6264-DPS-Order-Schedule-9-Security-v10--20250626-8340,details
8304,RM6264-DPS-Order-Schedule-9-Security-v10--20250626-8342,details
8305,RM6264-DPS-Order-Schedule-9-Security-v10--20250626-8353,details
8306,RM6264-DPS-Order-Schedule-9-Security-v10--20250626-8357,details
8307,RM6264-DPS-Order-Schedule-9-Security-v10--20250626-8375,details
8308,RM6264-DPS-Order-Schedule-9-Security-v10--20250626-8378,details
8309,RM6264-DPS-Order-Schedule-9-Security-v10--20250626-8388,details
8310,RM6264-DPS-Order-Schedule-9-Security-v10--20250626-8395,details
8311,RM6264-DPS-Order-Schedule-9-Security-v10--20250626-8400,details
8312,RM6264-DPS-Order-Schedule-9-Security-v10--20250626-8402,details
8313,RM6264-DPS-Order-Schedule-9-Security-v10--20250626-8422,details
8314,RM6264-DPS-Order-Schedule-9-Security-v10--20250626-8423,details
8315,RM6264-DPS-Order-Schedule-9-Security-v10--20250626-8428,details
8316,RM6264-DPS-Schedule-1-Specification-v10--20250626-8434,details
8317,RM6264-DPS-Schedule-1-Specification-v10--20250626-8454,details
8318,RM6264-DPS-Schedule-1-Specification-v10--20250626-8456,details
8319,RM6264-DPS-Schedule-1-Specification-v10--20250626-8475,details
8320,RM6264-DPS-Order-Schedule-27-Construction-Contracts-v10--20250626-8182,details
8321,RM6264-DPS-Order-Schedule-5-Pricing-Details-v10--20250626-8206,details
8322,RM6264-DPS-Order-Schedule-5-Pricing-Details-v10--20250626-8221,details
8323,RM6264-DPS-Order-Schedule-5-Pricing-Details-v10--20250626-8227,details
8324,RM6264-DPS-Order-Schedule-5-Pricing-Details-v10--20250626-8235,details
8325,RM6264-DPS-Order-Schedule-6-ICT-Services-v10--20250626-8238,details
8326,RM6264-DPS-Order-Schedule-6-ICT-Services-v10--20250626-8253,details
8327,RM6264-DPS-Order-Schedule-6-ICT-Services-v10--20250626-8257,details
8328,RM6264-DPS-Order-Schedule-6-ICT-Services-v10--20250626-8259,details
8329,RM6264-DPS-Schedule-1-Specification-v10--20250626-8490,details
8330,RM6264-DPS-Schedule-1-Specification-v10--20250626-8491,details
8331,RM6264-DPS-Schedule-1-Specification-v10--20250626-8506,details
8332,RM6264-DPS-Schedule-1-Specification-v10--20250626-8511,details
8333,RM6264-DPS-Schedule-1-Specification-v10--20250626-8541,details
8334,RM6264-DPS-Schedule-1-Specification-v10--20250626-8555,details
8335,RM6264-DPS-Schedule-1-Specification-v10--20250626-8562,details
8336,RM6264-DPS-Schedule-1-Specification-v10--20250626-8566,details
8337,RM6264-DPS-Schedule-1-Specification-v10--20250626-8688,details
8338,RM6264-DPS-Schedule-1-Specification-v10--20250626-8694,details
8339,RM6264-DPS-Schedule-1-Specification-v10--20250626-8704,details
8340,RM6264-DPS-Schedule-4-DPS-Management-v10-1--20250626-8724,details
8341,RM6264-DPS-Schedule-4-DPS-Management-v10-1--20250626-8730,details
8342,RM6264-DPS-Schedule-5-Management-Levy-and-Information-v10-1--20250626-8750,details
8343,RM6264-DPS-Schedule-6-Order-form-template-and-order-schedules-v10--20250626-8760,details
8344,RM6264-DPS-Schedule-6-Order-form-template-and-order-schedules-v10--20250626-8764,details
8345,RM6264-DPS-Schedule-6-Order-form-template-and-order-schedules-v10--20250626-8768,details
8346,RM6264-DPS-Schedule-6-Order-form-template-and-order-schedules-v10--20250626-8769,details
8347,RM6264-DPS-Schedule-6-Order-form-template-and-order-schedules-v10--20250626-8777,details
8348,RM6264-DPS-Schedule-6-Order-form-template-and-order-schedules-v10--20250626-8779,details
8349,RM6264-DPS-Schedule-7-Order-Procedure-v10--20250626-8784,details
8350,How_to_supply_through_Crown_Commercial_Service--20250626-8912,startup
8351,How_to_write_a_winning_bid_a_supplier_guide_to_successful_tender_responses--20250626-8924,startup
8352,What_is_social_value--20250626-8948,startup
8353,HSCN_DPS--20250626-8960,recommendation
8354,Technology_Products__Associated_Services_2--20250626-8964,recommendation
8355,Building_Materials_and_Equipment--20250626-8977,recommendation
8356,Print_Management_Services--20250626-8981,recommendation
8357,Outsourced_Contact_Centre_and_Business_Services--20250626-8987,recommendation
8358,RM6264-DPS-Schedule-7-Order-Procedure-v10--20250626-8795,details
8359,Become_a_supplier_on_a_Dynamic_Purchasing_System--20250626-8854,startup
8360,Helping_your_carbon_net_zero_CNZ_journey--20250626-8867,startup
8361,Helping_your_carbon_net_zero_CNZ_journey--20250626-8868,startup
8362,Helping_your_carbon_net_zero_CNZ_journey--20250626-8872,startup
8363,Help_end_modern_slavery_with_your_buying_decisions--20250626-8882,startup
8364,Help_end_modern_slavery_with_your_buying_decisions--20250626-8884,startup
8365,RM6264-DPS-Schedule-1-Specification-v10--20250626-8597,details
8366,RM6264-DPS-Schedule-1-Specification-v10--20250626-8630,details
8367,RM6264-DPS-Schedule-1-Specification-v10--20250626-8638,details
8368,RM6264-DPS-Schedule-1-Specification-v10--20250626-8676,details
8369,Trade_Law_Panel--20250626-8989,recommendation
8370,Low_Value_Purchase_System--20250626-9007,recommendation
8371,Construction_Professional_Services_DPS--20250626-9011,recommendation
8372,Purchase_of_Standard_and_Specialist_Vehicles--20250626-9012,recommendation
8373,Mobile_Voice_and_Data_Services--20250626-9018,recommendation
8374,Occupational_Health_and_Related_Services_DPS--20250626-9040,recommendation
8375,Payment_Acceptance_2--20250626-9053,recommendation
8376,Digital__Legacy_Application_Services--20250626-9057,recommendation
8377,Travel_Transport_Accommodation_and_Venue_Solutions--20250626-9059,recommendation
8378,Income_Generation_from_Estates__Assets--20250626-9062,recommendation
8379,G-Cloud_14--20250626-9066,recommendation
8380,Gigabit_Capable_Connectivity_DPS--20250626-9072,recommendation
8381,Campaign_Solutions_2--20250626-9081,recommendation
8382,Supply_of_tyres_glass_and_fast_fit_solutions--20250626-9084,recommendation
8383,Construction_Professional_Services--20250626-9088,recommendation
8384,Print_Management_Services--20250626-9091,recommendation
8385,Audio_Visual_Technical_Consultancy__Commissioning--20250626-9111,recommendation
8386,Low_Value_Purchase_System--20250626-9116,recommendation
8387,Housing_Maintenance_and_Repair--20250626-9119,recommendation
8388,Restructuring__Insolvency_Services--20250626-9134,recommendation
8389,Print_and_Digital_Communications--20250626-9150,recommendation
8390,Water_Wastewater_and_Ancillary_Services_3--20250626-9155,recommendation
8391,Furniture_and_Associated_Services_2--20250626-9156,recommendation
8392,International_Healthcare_Professional_Recruitment_and_Associated_Services--20250626-9165,recommendation
8393,Facilities_Management_and_Workplace_Services_DPS--20250626-9183,details
8394,RM10438_Call-Off-Schedule-2-Staff-Transfer-v10--20250626-408,details
8395,RM10438_Call-Off-Schedule-2-Staff-Transfer-v10--20250626-409,details
8396,RM10438_Call-Off-Schedule-2-Staff-Transfer-v10--20250626-411,details
8397,RM10438_Call-Off-Schedule-2-Staff-Transfer-v10--20250626-420,details
8398,RM10438_Call-Off-Schedule-2-Staff-Transfer-v10--20250626-431,details
8399,RM10438_Call-Off-Schedule-2-Staff-Transfer-v10--20250626-447,details
8400,RM10438_Call-Off-Schedule-2-Staff-Transfer-v10--20250626-473,details
8401,RM10438_Call-Off-Schedule-2-Staff-Transfer-v10--20250626-481,details
8402,RM10438_Call-Off-Schedule-2-Staff-Transfer-v10--20250626-482,details
8403,RM10438_Call-Off-Schedule-2-Staff-Transfer-v10--20250626-485,details
8404,RM10438_Call-Off-Schedule-2-Staff-Transfer-v10--20250626-502,details
8405,RM10438_Call-Off-Schedule-1-Transparency-Reports-v10--20250626-101,details
8406,RM10438_Call-Off-Schedule-10-Exit-Management-v10--20250626-114,details
8407,RM10438_Call-Off-Schedule-10-Exit-Management-v10--20250626-116,details
8408,RM10438_Call-Off-Schedule-12-Clustering-v10--20250626-149,details
8409,RM10438_Call-Off-Schedule-13-Implementation-Plan-and-Testing-v10--20250626-155,details
8410,RM10438_Call-Off-Schedule-13-Implementation-Plan-and-Testing-v10--20250626-168,details
8411,RM10438_Call-Off-Schedule-13-Implementation-Plan-and-Testing-v10--20250626-174,details
8412,RM10438_Call-Off-Schedule-13-Implementation-Plan-and-Testing-v10--20250626-189,details
8413,RM10438_Call-Off-Schedule-13-Implementation-Plan-and-Testing-v10--20250626-193,details
8414,RM10438_Call-Off-Schedule-19-Scottish-Law-v10--20250626-315,details
8415,RM10438_Call-Off-Schedule-2-Staff-Transfer-v10--20250626-334,details
8416,RM10438_Call-Off-Schedule-2-Staff-Transfer-v10--20250626-352,details
8417,RM10438_Call-Off-Schedule-2-Staff-Transfer-v10--20250626-366,details
8418,RM10438_Call-Off-Schedule-2-Staff-Transfer-v10--20250626-381,details
8419,RM10438_Call-Off-Schedule-2-Staff-Transfer-v10--20250626-383,details
8420,RM10438_Call-Off-Schedule-2-Staff-Transfer-v10--20250626-386,details
8421,RM10438_Call-Off-Schedule-2-Staff-Transfer-v10--20250626-391,details
8422,RM10438_Call-Off-Schedule-14-Service-Levels-and-Balanced-Scorecard-v10--20250626-224,details
8423,RM10438_Call-Off-Schedule-14-Service-Levels-and-Balanced-Scorecard-v10--20250626-226,details
8424,RM10438_Call-Off-Schedule-14-Service-Levels-and-Balanced-Scorecard-v10--20250626-233,details
8425,RM10438_Call-Off-Schedule-16-Benchmarking-v10--20250626-290,details
8426,RM10438_Call-Off-Schedule-17-MOD-Terms-v10--20250626-293,details
8427,How_to_buy_steps_RM1043_8--20250626-19,details
8428,RM10438-DOS-6-Buyer-Guide-v11--20250626-27,details
8429,RM10438-DOS-6-Buyer-Guide-v11--20250626-42,details
8430,RM10438-DOS-6-Buyer-Guide-v11--20250626-48,details
8431,RM10438-key-changes-DOS5-to-DOS6--20250626-80,details
8432,RM10438_Call-Off-Schedule-2-Staff-Transfer-v10--20250626-512,details
8433,RM10438_Call-Off-Schedule-2-Staff-Transfer-v10--20250626-519,details
8434,RM10438_Call-Off-Schedule-2-Staff-Transfer-v10--20250626-520,details
8435,RM10438_Call-Off-Schedule-2-Staff-Transfer-v10--20250626-521,details
8436,RM10438_Call-Off-Schedule-2-Staff-Transfer-v10--20250626-531,details
8437,RM10438_Call-Off-Schedule-2-Staff-Transfer-v10--20250626-532,details
8438,RM10438_Call-Off-Schedule-2-Staff-Transfer-v10--20250626-540,details
8439,RM10438_Call-Off-Schedule-2-Staff-Transfer-v10--20250626-546,details
8440,RM10438_Call-Off-Schedule-2-Staff-Transfer-v10--20250626-572,details
8441,RM10438_Call-Off-Schedule-2-Staff-Transfer-v10--20250626-580,details
8442,RM10438_Call-Off-Schedule-2-Staff-Transfer-v10--20250626-585,details
8443,RM10438_Call-Off-Schedule-2-Staff-Transfer-v10--20250626-586,details
8444,RM10438_Call-Off-Schedule-2-Staff-Transfer-v10--20250626-597,details
8445,RM10438_Call-Off-Schedule-20-Call-Off-Specification-v10--20250626-598,details
8446,RM10438_Call-Off-Schedule-21-Northern-Ireland-Law-v10--20250626-601,details
8447,RM10438_Call-Off-Schedule-23-HMRC-Terms-v10--20250626-610,details
8448,RM10438_Call-Off-Schedule-23-HMRC-Terms-v10--20250626-611,details
8449,RM10438_Call-Off-Schedule-23-HMRC-Terms-v10--20250626-615,details
8450,RM10438_Call-Off-Schedule-23-HMRC-Terms-v10--20250626-638,details
8451,RM10438_Call-Off-Schedule-23-HMRC-Terms-v10--20250626-645,details
8452,RM10438_Call-Off-Schedule-25-Ethical-Walls-Agreement-v20--20250626-663,details
8453,RM10438_Call-Off-Schedule-25-Ethical-Walls-Agreement-v20--20250626-671,details
8454,RM10438_Call-Off-Schedule-25-Ethical-Walls-Agreement-v20--20250626-693,details
8455,RM10438_Call-Off-Schedule-26-Cyber-Essentials-Scheme-v10--20250626-699,details
8456,RM10438_Call-Off-Schedule-26-Cyber-Essentials-Scheme-v10--20250626-700,details
8457,RM10438_Call-Off-Schedule-26-Cyber-Essentials-Scheme-v10--20250626-701,details
8458,RM10438_Call-Off-Schedule-26-Cyber-Essentials-Scheme-v10--20250626-703,details
8459,RM10438_Call-Off-Schedule-3-Continuous-Improvement-v10--20250626-705,details
8460,RM10438_Call-Off-Schedule-4-Call-Off-Tender-v10--20250626-716,details
8461,RM10438_Call-Off-Schedule-6-Intellectual-Property-Rights-and-Additional-Terms-on-Digital-Deliverables-v10--20250626-733,details
8462,RM10438_Call-Off-Schedule-6-Intellectual-Property-Rights-and-Additional-Terms-on-Digital-Deliverables-v10--20250626-745,details
8463,RM10438_Call-Off-Schedule-6-Intellectual-Property-Rights-and-Additional-Terms-on-Digital-Deliverables-v10--20250626-751,details
8464,RM10438_Call-Off-Schedule-6-Intellectual-Property-Rights-and-Additional-Terms-on-Digital-Deliverables-v10--20250626-754,details
8465,RM10438_Call-Off-Schedule-6-Intellectual-Property-Rights-and-Additional-Terms-on-Digital-Deliverables-v10--20250626-756,details
8466,RM10438_Call-Off-Schedule-6-Intellectual-Property-Rights-and-Additional-Terms-on-Digital-Deliverables-v10--20250626-766,details
8467,RM10438_Call-Off-Schedule-6-Intellectual-Property-Rights-and-Additional-Terms-on-Digital-Deliverables-v10--20250626-769,details
8468,RM10438_Call-Off-Schedule-6-Intellectual-Property-Rights-and-Additional-Terms-on-Digital-Deliverables-v10--20250626-771,details
8469,RM10438_Call-Off-Schedule-7-Key-Supplier-Staff-v10--20250626-778,details
8470,RM10438_Call-Off-Schedule-8-Business-Continuity-and-Disaster-Recovery-v10--20250626-781,details
8471,RM10438_Call-Off-Schedule-8-Business-Continuity-and-Disaster-Recovery-v10--20250626-785,details
8472,RM10438_Call-Off-Schedule-9-Security-v20--20250626-834,details
8473,RM10438_Call-Off-Schedule-9-Security-v20--20250626-843,details
8474,RM10438_Call-Off-Schedule-9-Security-v20--20250626-858,details
8475,RM10438_Call-Off-Schedule-9-Security-v20--20250626-869,details
8476,RM10438_Call-Off-Schedule-9-Security-v20--20250626-870,details
8477,RM10438_Call-Off-Schedule-9-Security-v20--20250626-882,details
8478,RM10438_Call-Off-Schedule-9-Security-v20--20250626-886,details
8479,RM10438_Call-Off-Schedule-9-Security-v20--20250626-893,details
8480,RM10438_Call-Off-Schedule-9-Security-v20--20250626-898,details
8481,RM10438_Core-Terms-v3011--20250626-944,details
8482,RM10438_Core-Terms-v3011--20250626-950,details
8483,RM10438_Core-Terms-v3011--20250626-952,details
8484,RM10438_Core-Terms-v3011--20250626-953,details
8485,RM10438_Core-Terms-v3011--20250626-969,details
8486,RM10438_Core-Terms-v3011--20250626-978,details
8487,RM10438_Core-Terms-v3011--20250626-993,details
8488,RM10438_Core-Terms-v3011--20250626-1001,details
8489,RM10438_Framework-Schedule-6-Order-Form-Template-Statement-of-Work-Template-and-Call-Off-Schedules-v20--20250626-1243,details
8490,RM10438_Framework-Schedule-7-Call-Off-Award-Procedure-v10--20250626-1247,details
8491,RM10438_Framework-Schedule-7-Call-Off-Award-Procedure-v10--20250626-1258,details
8492,RM10438_Framework-Schedule-7-Call-Off-Award-Procedure-v10--20250626-1261,details
8493,RM10438_Framework-Schedule-7-Call-Off-Award-Procedure-v10--20250626-1262,details
8494,RM10438_Framework-Schedule-7-Call-Off-Award-Procedure-v10--20250626-1266,details
8495,RM10438_Joint-Schedule-1-Definitions-v10--20250626-1283,details
8496,RM10438_Framework-Award-Form-v20-1--20250626-1022,details
8497,RM10438_Framework-Award-Form-v20-1--20250626-1026,details
8498,RM10438_Framework-Award-Form-v20-1--20250626-1029,details
8499,RM10438_Framework-Schedule-1-Specification-v10-1--20250626-1072,details
8500,RM10438_Framework-Schedule-3-Framework-Prices-v10-1--20250626-1084,details
8501,RM10438_Framework-Schedule-3-Framework-Prices-v10-1--20250626-1088,details
8502,RM10438_Framework-Schedule-3-Framework-Prices-v10-1--20250626-1097,details
8503,RM10438_Framework-Schedule-5-Management-Charges-and-Information-v20--20250626-1147,details
8504,RM10438_Framework-Schedule-6-Order-Form-Template-Statement-of-Work-Template-and-Call-Off-Schedules-v20_1--20250626-1157,details
8505,RM10438_Framework-Schedule-6-Order-Form-Template-Statement-of-Work-Template-and-Call-Off-Schedules-v20_1--20250626-1158,details
8506,RM10438_Framework-Schedule-6-Order-Form-Template-Statement-of-Work-Template-and-Call-Off-Schedules-v20_1--20250626-1170,details
8507,RM10438_Joint-Schedule-3-Insurance-Requirements-v10--20250626-1526,details
8508,RM10438_Joint-Schedule-3-Insurance-Requirements-v10--20250626-1527,details
8509,RM10438_Joint-Schedule-6-Key-Subcontractors-v10--20250626-1548,details
8510,RM10438_Joint-Schedule-6-Key-Subcontractors-v10--20250626-1552,details
8511,RM10438_Joint-Schedule-7-Financial-Difficulties-v10--20250626-1556,details
8512,RM10438_Joint-Schedule-7-Financial-Difficulties-v10--20250626-1561,details
8513,RM10438_Joint-Schedule-7-Financial-Difficulties-v10--20250626-1563,details
8514,RM10438_Joint-Schedule-7-Financial-Difficulties-v10--20250626-1564,details
8515,RM10438_Joint-Schedule-7-Financial-Difficulties-v10--20250626-1574,details
8516,RM10438_Joint-Schedule-8-Guarantee-v10--20250626-1577,details
8517,RM10438_Joint-Schedule-8-Guarantee-v10--20250626-1580,details
8518,RM10438_Joint-Schedule-8-Guarantee-v10--20250626-1588,details
8519,RM10438_Joint-Schedule-8-Guarantee-v10--20250626-1609,details
8520,RM10438_Joint-Schedule-1-Definitions-v10--20250626-1318,details
8521,RM10438_Joint-Schedule-1-Definitions-v10--20250626-1337,details
8522,RM10438_Joint-Schedule-1-Definitions-v10--20250626-1343,details
8523,RM10438_Joint-Schedule-1-Definitions-v10--20250626-1360,details
8524,RM10438_Joint-Schedule-1-Definitions-v10--20250626-1361,details
8525,RM10438_Joint-Schedule-1-Definitions-v10--20250626-1375,details
8526,RM10438_Joint-Schedule-1-Definitions-v10--20250626-1382,details
8527,RM10438_Joint-Schedule-1-Definitions-v10--20250626-1397,details
8528,RM10438_Joint-Schedule-1-Definitions-v10--20250626-1411,details
8529,RM10438_Joint-Schedule-1-Definitions-v10--20250626-1420,details
8530,RM10438_Joint-Schedule-10-Rectification-Plan-v10--20250626-1422,details
8531,RM10438_Joint-Schedule-10-Rectification-Plan-v10--20250626-1424,details
8532,RM10438_Joint-Schedule-11-Processing-Data-v10--20250626-1431,details
8533,RM10438_Joint-Schedule-11-Processing-Data-v10--20250626-1440,details
8534,RM10438_Joint-Schedule-11-Processing-Data-v10--20250626-1443,details
8535,RM10438_Joint-Schedule-11-Processing-Data-v10--20250626-1492,details
8536,RM10438_Joint-Schedule-2-Variation-Form-v10--20250626-1511,details
8537,RM6098-Buyer-guidance-to-the-public-sector-contract-v41_1--20250626-1673,details
8538,RM6098-Buyer-guidance-to-the-public-sector-contract-v41_1--20250626-1675,details
8539,RM6098-Buyer-guidance-to-the-public-sector-contract-v41_1--20250626-1680,details
8540,RM6098-Buyer-guidance-to-the-public-sector-contract-v41_1--20250626-1705,details
8541,RM6098-Call-Off-Schedule-2-Staff-Transfer-v10-1--20250626-2022,details
8542,RM6098-Call-Off-Schedule-2-Staff-Transfer-v10-1--20250626-2044,details
8543,RM6098-Call-Off-Schedule-2-Staff-Transfer-v10-1--20250626-2058,details
8544,RM6098-Call-Off-Schedule-2-Staff-Transfer-v10-1--20250626-2068,details
8545,RM6098-Call-Off-Schedule-2-Staff-Transfer-v10-1--20250626-2071,details
8546,RM6098-Call-Off-Schedule-2-Staff-Transfer-v10-1--20250626-2081,details
8547,RM6098-Call-Off-Schedule-2-Staff-Transfer-v10-1--20250626-2085,details
8548,RM6098-Call-Off-Schedule-2-Staff-Transfer-v10-1--20250626-2087,details
8549,RM6098-Call-Off-Schedule-2-Staff-Transfer-v10-1--20250626-2103,details
8550,RM6098-Call-Off-Schedule-2-Staff-Transfer-v10-1--20250626-2105,details
8551,RM6098-Call-Off-Schedule-2-Staff-Transfer-v10-1--20250626-2107,details
8552,RM6098-Call-Off-Schedule-13-Implementation-Plan-and-Testing-v10--20250626-1932,details
8553,RM6098-Call-Off-Schedule-13-Implementation-Plan-and-Testing-v10--20250626-1933,details
8554,RM6098-Call-Off-Schedule-14-Service-Levels-v10--20250626-1950,details
8555,RM6098-Call-Off-Schedule-14-Service-Levels-v10--20250626-1956,details
8556,RM6098-Call-Off-Schedule-16-Benchmarking-v10--20250626-1965,details
8557,RM6098-Call-Off-Schedule-16-Benchmarking-v10--20250626-1967,details
8558,RM6098-Call-Off-Schedule-16-Benchmarking-v10--20250626-1974,details
8559,RM6098-Call-Off-schedule-17-MOD-terms-v11--20250626-1993,details
8560,RM6098-Call-Off-Schedule-19-Scottish-Law-v10--20250626-2002,details
8561,RM6098-Call-Off-Schedule-19-Scottish-Law-v10--20250626-2004,details
8562,RM6098-Buyer-guidance-to-the-public-sector-contract-v41_1--20250626-1726,details
8563,RM6098-Buyer-guide-v81_1--20250626-1742,details
8564,RM6098-Buyer-guide-v81_1--20250626-1756,details
8565,RM6098-Buyer-guide-v81_1--20250626-1761,details
8566,RM6098-Buyer-guide-v81_1--20250626-1776,details
8567,RM6098-Buyer-guide-v81_1--20250626-1785,details
8568,RM6098-Buyer-guide-v81_1--20250626-1800,details
8569,RM6098-Buyer-guide-v81_1--20250626-1811,details
8570,RM6098-Buyer-guide-v81_1--20250626-1813,details
8571,RM6098-Call-Off-Schedule-10-Exit-Management-v20--20250626-1832,details
8572,RM6098-Call-Off-Schedule-10-Exit-Management-v20--20250626-1848,details
8573,RM6098-Call-Off-Schedule-10-Exit-Management-v20--20250626-1871,details
8574,RM6098-Call-Off-Schedule-12-Clustering-v10--20250626-1881,details
8575,RM6098-Call-Off-Schedule-2-Staff-Transfer-v10-1--20250626-2128,details
8576,RM6098-Call-Off-Schedule-2-Staff-Transfer-v10-1--20250626-2132,details
8577,RM6098-Call-Off-Schedule-2-Staff-Transfer-v10-1--20250626-2138,details
8578,RM6098-Call-Off-Schedule-2-Staff-Transfer-v10-1--20250626-2145,details
8579,RM6098-Call-Off-Schedule-2-Staff-Transfer-v10-1--20250626-2157,details
8580,RM6098-Call-Off-Schedule-2-Staff-Transfer-v10-1--20250626-2163,details
8581,RM6098-Call-Off-Schedule-2-Staff-Transfer-v10-1--20250626-2182,details
8582,RM6098-Call-Off-Schedule-2-Staff-Transfer-v10-1--20250626-2188,details
8583,RM6098-Call-Off-Schedule-2-Staff-Transfer-v10-1--20250626-2202,details
8584,RM6098-Call-Off-Schedule-2-Staff-Transfer-v10-1--20250626-2204,details
8585,RM6098-Call-Off-Schedule-2-Staff-Transfer-v10-1--20250626-2208,details
8586,RM6098-Call-Off-Schedule-2-Staff-Transfer-v10-1--20250626-2209,details
8587,RM6098-Call-Off-Schedule-22-Lease-Terms-FINANCIAL-LEASE-v11--20250626-2326,details
8588,RM6098-Call-Off-Schedule-22-Lease-Terms-FINANCIAL-LEASE-v11--20250626-2329,details
8589,RM6098-Call-Off-Schedule-22-Lease-Terms-FINANCIAL-LEASE-v11--20250626-2345,details
8590,RM6098-Call-Off-Schedule-22-Lease-Terms-OPERATIONAL-LEASE-v11--20250626-2365,details
8591,RM6098-Call-Off-Schedule-22-Lease-Terms-OPERATIONAL-LEASE-v11--20250626-2367,details
8592,RM6098-Call-Off-Schedule-22-Lease-Terms-OPERATIONAL-LEASE-v11--20250626-2368,details
8593,RM6098-Call-Off-Schedule-22-Lease-Terms-OPERATIONAL-LEASE-v11--20250626-2374,details
8594,RM6098-Call-Off-Schedule-22-Lease-Terms-OPERATIONAL-LEASE-v11--20250626-2375,details
8595,RM6098-Call-Off-Schedule-22-Lease-Terms-OPERATIONAL-LEASE-v11--20250626-2383,details
8596,RM6098-Call-Off-Schedule-22-Lease-Terms-OPERATIONAL-LEASE-v11--20250626-2392,details
8597,RM6098-Call-Off-Schedule-22-Lease-Terms-OPERATIONAL-LEASE-v11--20250626-2398,details
8598,RM6098-Call-Off-Schedule-22-Lease-Terms-OPERATIONAL-LEASE-v11--20250626-2448,details
8599,RM6098-Call-Off-Schedule-22-Lease-Terms-OPERATIONAL-LEASE-v11--20250626-2453,details
8600,RM6098-Call-Off-Schedule-22-Lease-Terms-v21--20250626-2475,details
8601,RM6098-Call-Off-Schedule-22-Lease-Terms-v21--20250626-2485,details
8602,RM6098-Call-Off-Schedule-22-Lease-Terms-v21--20250626-2495,details
8603,RM6098-Call-Off-Schedule-22-Lease-Terms-v21--20250626-2501,details
8604,RM6098-Call-Off-Schedule-22-Lease-Terms-v21--20250626-2510,details
8605,RM6098-Call-Off-Schedule-22-Lease-Terms-v21--20250626-2521,details
8606,RM6098-Call-Off-Schedule-22-Lease-Terms-FINANCIAL-LEASE-v11--20250626-2232,details
8607,RM6098-Call-Off-Schedule-22-Lease-Terms-FINANCIAL-LEASE-v11--20250626-2234,details
8608,RM6098-Call-Off-Schedule-22-Lease-Terms-FINANCIAL-LEASE-v11--20250626-2251,details
8609,RM6098-Call-Off-Schedule-22-Lease-Terms-FINANCIAL-LEASE-v11--20250626-2283,details
8610,RM6098-Call-Off-Schedule-22-Lease-Terms-FINANCIAL-LEASE-v11--20250626-2298,details
8611,RM6098-Call-Off-Schedule-22-Lease-Terms-FINANCIAL-LEASE-v11--20250626-2305,details
8612,RM6098-Call-Off-Schedule-22-Lease-Terms-FINANCIAL-LEASE-v11--20250626-2309,details
8613,RM6098-Call-Off-Schedule-8-Business-Continuity-and-Disaster-Recovery-v10--20250626-2834,details
8614,RM6098-Call-Off-Schedule-8-Business-Continuity-and-Disaster-Recovery-v10--20250626-2836,details
8615,RM6098-Call-Off-Schedule-8-Business-Continuity-and-Disaster-Recovery-v10--20250626-2849,details
8616,RM6098-Call-Off-Schedule-8-Business-Continuity-and-Disaster-Recovery-v10--20250626-2850,details
8617,RM6098-Call-Off-Schedule-8-Business-Continuity-and-Disaster-Recovery-v10--20250626-2852,details
8618,RM6098-Call-Off-Schedule-8-Business-Continuity-and-Disaster-Recovery-v10--20250626-2865,details
8619,RM6098-Call-Off-Schedule-9-Security-v10--20250626-2889,details
8620,RM6098-Call-Off-Schedule-9-Security-v10--20250626-2908,details
8621,RM6098-Call-Off-Schedule-9-Security-v10--20250626-2911,details
8622,RM6098-Call-Off-Schedule-9-Security-v10--20250626-2919,details
8623,RM6098-Call-Off-Schedule-9-Security-v10--20250626-2924,details
8624,RM6098-Call-Off-Schedule-22-Lease-Terms-v21--20250626-2533,details
8625,RM6098-Call-Off-Schedule-22-Lease-Terms-v21--20250626-2574,details
8626,RM6098-Call-Off-Schedule-22-Lease-Terms-v21--20250626-2582,details
8627,RM6098-Call-Off-Schedule-22-Lease-Terms-v21--20250626-2583,details
8628,RM6098-Call-Off-Schedule-22-Lease-Terms-v21--20250626-2587,details
8629,RM6098-Call-Off-Schedule-22-Lease-Terms-v21--20250626-2595,details
8630,RM6098-Call-Off-Schedule-23-HMRC-Terms-v10--20250626-2610,details
8631,RM6098-Call-Off-Schedule-23-HMRC-Terms-v10--20250626-2615,details
8632,RM6098-Call-Off-Schedule-6-Annex-E-As-a-Service-additional-terms-v20--20250626-2638,details
8633,RM6098-Call-Off-Schedule-6-Annex-E-As-a-Service-additional-terms-v20--20250626-2667,details
8634,RM6098-Call-Off-Schedule-6-Annex-E-As-a-Service-additional-terms-v20--20250626-2683,details
8635,RM6098-Call-Off-Schedule-6-Annex-E-As-a-Service-additional-terms-v20--20250626-2693,details
8636,RM6098-Call-Off-Schedule-6-Annex-E-As-a-Service-additional-terms-v20--20250626-2706,details
8637,RM6098-Call-Off-Schedule-6-Annex-E-As-a-Service-additional-terms-v20--20250626-2718,details
8638,RM6098-Call-Off-Schedule-6-Annex-E-As-a-Service-additional-terms-v20--20250626-2721,details
8639,RM6098-Call-Off-Schedule-6-Annex-E-As-a-Service-additional-terms-v20--20250626-2727,details
8640,RM6098-Call-Off-Schedule-6-ICT-Services-v20-1--20250626-2750,details
8641,RM6098-Call-Off-Schedule-6-ICT-Services-v20-1--20250626-2752,details
8642,RM6098-Call-Off-Schedule-8-Business-Continuity-and-Disaster-Recovery-v10--20250626-2809,details
8643,RM6098-Call-Off-Schedule-8-Business-Continuity-and-Disaster-Recovery-v10--20250626-2826,details
8644,RM6098-Call-Off-Schedule-9-Security-v10--20250626-2930,details
8645,RM6098-Call-Off-Schedule-9-Security-v10--20250626-2934,details
8646,RM6098-Call-Off-Schedule-9-Security-v10--20250626-2938,details
8647,RM6098-Call-Off-Schedule-9-Security-v10--20250626-2939,details
8648,RM6098-Call-Off-Schedule-9-Security-v10--20250626-2958,details
8649,RM6098-Call-Off-Schedule-9-Security-v10--20250626-2962,details
8650,RM6098-Case-studies-v5_2--20250626-2993,details
8651,RM6098-Case-studies-v5_2--20250626-2995,details
8652,RM6098-Case-studies-v5_2--20250626-2996,details
8653,RM6098-Case-studies-v5_2--20250626-2997,details
8654,RM6098-Case-studies-v5_2--20250626-3002,details
8655,RM6098-Case-studies-v5_2--20250626-3003,details
8656,RM6098-Case-studies-v5_2--20250626-3010,details
8657,RM6098-Core-terms-v3011-1--20250626-3023,details
8658,RM6098-Core-terms-v3011-1--20250626-3027,details
8659,RM6098-Expression-of-interest-template-v2--20250626-3134,details
8660,RM6098-Expression-of-interest-template-v2--20250626-3136,details
8661,RM6098-Framework-Award-Form-v20--20250626-3155,details
8662,RM6098-Framework-Award-Form-v20--20250626-3161,details
8663,RM6098-Framework-Award-Form-v20--20250626-3162,details
8664,RM6098-Framework-Award-Form-v20--20250626-3170,details
8665,RM6098-Framework-Award-Form-v20--20250626-3173,details
8666,RM6098-Framework-schedule-1-specification-v41--20250626-3181,details
8667,RM6098-Framework-schedule-1-specification-v41--20250626-3183,details
8668,RM6098-Framework-schedule-1-specification-v41--20250626-3190,details
8669,RM6098-Framework-schedule-1-specification-v41--20250626-3205,details
8670,RM6098-Framework-schedule-1-specification-v41--20250626-3206,details
8671,RM6098-Framework-schedule-1-specification-v41--20250626-3208,details
8672,RM6098-Framework-schedule-1-specification-v41--20250626-3219,details
8673,RM6098-Framework-schedule-1-specification-v41--20250626-3239,details
8674,RM6098-Framework-schedule-1-specification-v41--20250626-3240,details
8675,RM6098-Framework-schedule-1-specification-v41--20250626-3241,details
8676,RM6098-Framework-schedule-1-specification-v41--20250626-3248,details
8677,RM6098-Framework-schedule-1-specification-v41--20250626-3260,details
8678,RM6098-Framework-schedule-1-specification-v41--20250626-3276,details
8679,RM6098-Framework-schedule-1-specification-v41--20250626-3278,details
8680,RM6098-Framework-Schedule-3-Framework-Prices-v20--20250626-3285,details
8681,RM6098-Framework-Schedule-4-Framework-Management-v20--20250626-3300,details
8682,RM6098-Framework-Schedule-5-Management-Charges-and-Information-v10--20250626-3331,details
8683,RM6098-Core-terms-v3011-1--20250626-3032,details
8684,RM6098-Core-terms-v3011-1--20250626-3033,details
8685,RM6098-Core-terms-v3011-1--20250626-3066,details
8686,RM6098-Joint-Schedule-11-processing-data-v20--20250626-3544,details
8687,RM6098-Joint-Schedule-11-processing-data-v20--20250626-3546,details
8688,RM6098-Joint-Schedule-11-processing-data-v20--20250626-3547,details
8689,RM6098-Joint-Schedule-11-processing-data-v20--20250626-3555,details
8690,RM6098-Joint-Schedule-11-processing-data-v20--20250626-3559,details
8691,RM6098-Joint-Schedule-11-processing-data-v20--20250626-3560,details
8692,RM6098-Joint-Schedule-11-processing-data-v20--20250626-3567,details
8693,RM6098-Joint-Schedule-11-processing-data-v20--20250626-3577,details
8694,RM6098-Joint-Schedule-11-processing-data-v20--20250626-3580,details
8695,RM6098-Joint-schedule-12-supply-chain-visibility-v21--20250626-3587,details
8696,RM6098-Joint-schedule-12-supply-chain-visibility-v21--20250626-3591,details
8697,RM6098-Joint-Schedule-2-Variation-Form-v10--20250626-3595,details
8698,RM6098-Joint-Schedule-4-Commercially-Sensitive-Information-v10--20250626-3608,details
8699,RM6098-Joint-Schedule-5-Corporate-Social-Responsibility-v30-1--20250626-3613,details
8700,RM6098-Joint-Schedule-5-Corporate-Social-Responsibility-v30-1--20250626-3623,details
8701,RM6098-Joint-Schedule-5-Corporate-Social-Responsibility-v30-1--20250626-3624,details
8702,RM6098-Framework-Schedule-5-Management-Charges-and-Information-v10--20250626-3336,details
8703,RM6098-Framework-schedule-6-order-form-template-and-call-off-schedules-v31--20250626-3348,details
8704,RM6098-Framework-schedule-6-order-form-template-and-call-off-schedules-v31--20250626-3350,details
8705,RM6098-Framework-schedule-6-order-form-template-and-call-off-schedules-v31--20250626-3351,details
8706,RM6098-Framework-Schedule-7-Call-Off-Award-Procedure-v2--20250626-3366,details
8707,RM6098-Framework-Schedule-7-Call-Off-Award-Procedure-v2--20250626-3380,details
8708,RM6098-Framework-Schedule-7-Call-Off-Award-Procedure-v2--20250626-3391,details
8709,RM6098-Framework-Schedule-7-Call-Off-Award-Procedure-v2--20250626-3392,details
8710,RM6098-Framework-Schedule-7-Call-Off-Award-Procedure-v2--20250626-3393,details
8711,RM6098-Framework-Schedule-8-Self-Audit-Certificate-v10--20250626-3404,details
8712,RM6098-Framework-Schedule-9-O-Cyber-Essentials-Scheme-v10--20250626-3409,details
8713,RM6098-Invitation-to-tender-template-v3--20250626-3412,details
8714,RM6098-Invitation-to-tender-template-v3--20250626-3451,details
8715,RM6098-Joint-Schedule-1-Definitions-v10--20250626-3470,details
8716,RM6098-Joint-Schedule-10-Rectification-Plan-v10--20250626-3475,details
8717,RM6098-Joint-Schedule-11-processing-data-v20--20250626-3480,details
8718,RM6098-Joint-Schedule-11-processing-data-v20--20250626-3494,details
8719,RM6098-Joint-Schedule-11-processing-data-v20--20250626-3505,details
8720,RM6098-Joint-Schedule-11-processing-data-v20--20250626-3521,details
8721,RM6098-Joint-Schedule-11-processing-data-v20--20250626-3524,details
8722,RM6098-Joint-Schedule-7-Financial-Difficulties-v34--20250626-3644,details
8723,RM6098-Joint-Schedule-7-Financial-Difficulties-v34--20250626-3677,details
8724,RM6098-Joint-Schedule-7-Financial-Difficulties-v34--20250626-3679,details
8725,RM6098-Joint-Schedule-7-Financial-Difficulties-v34--20250626-3706,details
8726,RM6098-Joint-Schedule-7-Financial-Difficulties-v34--20250626-3724,details
8727,RM6098-Joint-Schedule-7-Financial-Difficulties-v34--20250626-3728,details
8728,RM6098-Joint-Schedule-7-Financial-Difficulties-v34--20250626-3732,details
8729,RM6098-Model-Contract-Pack-v3--20250626-3945,details
8730,RM6098-Model-Contract-Pack-v3--20250626-3949,details
8731,RM6098-Model-Contract-Pack-v3--20250626-3957,details
8732,RM6098-Model-Contract-Pack-v3--20250626-3959,details
8733,RM6098-Model-Contract-Pack-v3--20250626-3984,details
8734,RM6098-Model-Contract-Pack-v3--20250626-4002,details
8735,RM6098-Model-Contract-Pack-v3--20250626-4017,details
8736,RM6098-Model-Contract-Pack-v3--20250626-4025,details
8737,RM6098-Model-Contract-Pack-v3--20250626-4039,details
8738,RM6098-Joint-Schedule-8-Guarantee-for-PSC-v10--20250626-3741,details
8739,RM6098-Joint-Schedule-8-Guarantee-for-PSC-v10--20250626-3743,details
8740,RM6098-Joint-Schedule-8-Guarantee-for-PSC-v10--20250626-3749,details
8741,RM6098-Joint-Schedule-8-Guarantee-for-PSC-v10--20250626-3754,details
8742,RM6098-Joint-Schedule-9-Minimum-Standards-of-Reliability-v10--20250626-3757,details
8743,RM6098-Leasing-tech-hardware-best-practice-process-v28-1--20250626-3767,details
8744,RM6098-Leasing-tech-hardware-best-practice-process-v28-1--20250626-3808,details
8745,RM6098-Market-engagement-best-practice-process-v27--20250626-3819,details
8746,RM6098-Market-engagement-best-practice-process-v27--20250626-3820,details
8747,RM6098-Model-Contract-Pack-v3--20250626-4076,details
8748,RM6098-Model-Contract-Pack-v3--20250626-4104,details
8749,RM6098-Model-Contract-Pack-v3--20250626-4105,details
8750,RM6098-Model-Contract-Pack-v3--20250626-4107,details
8751,RM6098-Model-Contract-Pack-v3--20250626-4112,details
8752,RM6098-Model-Contract-Pack-v3--20250626-4114,details
8753,RM6098-Model-Contract-Pack-v3--20250626-4116,details
8754,RM6098-Model-Contract-Pack-v3--20250626-4125,details
8755,RM6098-Model-Contract-Pack-v3--20250626-4134,details
8756,RM6098-Market-engagement-best-practice-process-v27--20250626-3840,details
8757,RM6098-Model-Contract-Pack-v3--20250626-3852,details
8758,RM6098-Model-Contract-Pack-v3--20250626-3858,details
8759,RM6098-Model-Contract-Pack-v3--20250626-3862,details
8760,RM6098-Model-Contract-Pack-v3--20250626-3917,details
8761,RM6098-Model-Contract-Pack-v3--20250626-3932,details
8762,RM6116-Call-Off-Schedule-10-Exit-Management-V12--20250626-4352,details
8763,RM6116-Call-Off-Schedule-10-Exit-Management-V12--20250626-4358,details
8764,RM6116-Call-Off-Schedule-10-Exit-Management-V12--20250626-4359,details
8765,RM6116-Call-Off-Schedule-12-Clustering-vFinal--20250626-4367,details
8766,RM6116-Call-Off-Schedule-12-Clustering-vFinal--20250626-4370,details
8767,RM6116-Call-Off-Schedule-13-Implementation-Plan-and-Testing-v11--20250626-4377,details
8768,RM6116-Call-Off-Schedule-13-Implementation-Plan-and-Testing-v11--20250626-4388,details
8769,RM6116-Call-Off-Schedule-13-Implementation-Plan-and-Testing-v11--20250626-4389,details
8770,RM6116-Call-Off-Schedule-13-Implementation-Plan-and-Testing-v11--20250626-4405,details
8771,RM6116-Call-Off-Schedule-13-Implementation-Plan-and-Testing-v11--20250626-4408,details
8772,RM6116-Call-Off-Schedule-13-Implementation-Plan-and-Testing-v11--20250626-4421,details
8773,RM6116-Call-Off-Schedule-13-Implementation-Plan-and-Testing-v11--20250626-4423,details
8774,RM6116-Call-Off-Schedule-13-Implementation-Plan-and-Testing-v11--20250626-4427,details
8775,RM6116-Call-Off-Schedule-14-Service-Levels-vFinal11--20250626-4435,details
8776,RM6116-Call-Off-Schedule-14-Service-Levels-vFinal11--20250626-4438,details
8777,RM6098-Model-Contract-Pack-v3--20250626-4141,details
8778,RM6098-Model-Contract-Pack-v3--20250626-4148,details
8779,RM6098-Model-Contract-Pack-v3--20250626-4153,details
8780,RM6098-Model-Contract-Pack-v3--20250626-4171,details
8781,RM6098-Model-Contract-Pack-v3--20250626-4175,details
8782,RM6098-Model-Contract-Pack-v3--20250626-4183,details
8783,RM6098-Model-Contract-Pack-v3--20250626-4195,details
8784,RM6098-Request-for-information-template-v21--20250626-4197,details
8785,RM6098-Request-for-information-template-v21--20250626-4199,details
8786,RM6098-Supplier-outcome-letter-successful-v1_2--20250626-4215,details
8787,RM6098-Supplier-outcome-letter-unsuccessful-v1--20250626-4226,details
8788,RM6098_Benefits--20250626-4233,details
8789,RM6116-Buyer-guide-v12--20250626-4243,details
8790,RM6116-Buyer-guide-v12--20250626-4249,details
8791,RM6116-Buyer-guide-v12--20250626-4253,details
8792,RM6116-Buyer-guide-v12--20250626-4256,details
8793,RM6116-Buyer-guide-v12--20250626-4284,details
8794,RM6116-Buyer-guide-v12--20250626-4295,details
8795,RM6116-Buyer-guide-v12--20250626-4304,details
8796,RM6116-Call-Off-Schedule-10-Exit-Management-V12--20250626-4331,details
8797,RM6116-Call-Off-Schedule-10-Exit-Management-V12--20250626-4335,details
8798,RM6116-Call-Off-Schedule-10-Exit-Management-V12--20250626-4337,details
8799,RM6116-Call-Off-Schedule-10-Exit-Management-V12--20250626-4339,details
8800,RM6116-Call-Off-Schedule-14-Service-Levels-vFinal11--20250626-4477,details
8801,RM6116-Call-Off-Schedule-14-Service-Levels-vFinal11--20250626-4494,details
8802,RM6116-Call-Off-Schedule-14-Service-Levels-vFinal11--20250626-4496,details
8803,RM6116-Call-Off-Schedule-14-Service-Levels-vFinal11--20250626-4497,details
8804,RM6116-Call-Off-Schedule-2-Staff-Transfer-vFinal--20250626-4651,details
8805,RM6116-Call-Off-Schedule-2-Staff-Transfer-vFinal--20250626-4660,details
8806,RM6116-Call-Off-Schedule-2-Staff-Transfer-vFinal--20250626-4673,details
8807,RM6116-Call-Off-Schedule-2-Staff-Transfer-vFinal--20250626-4677,details
8808,RM6116-Call-Off-Schedule-2-Staff-Transfer-vFinal--20250626-4694,details
8809,RM6116-Call-Off-Schedule-2-Staff-Transfer-vFinal--20250626-4702,details
8810,RM6116-Call-Off-Schedule-2-Staff-Transfer-vFinal--20250626-4724,details
8811,RM6116-Call-Off-Schedule-2-Staff-Transfer-vFinal--20250626-4732,details
8812,RM6116-Call-Off-Schedule-2-Staff-Transfer-vFinal--20250626-4738,details
8813,RM6116-Call-Off-Schedule-2-Staff-Transfer-vFinal--20250626-4740,details
8814,RM6116-Call-Off-Schedule-2-Staff-Transfer-vFinal--20250626-4743,details
8815,RM6116-Call-Off-Schedule-24-Supplier-Furnished-Terms-vFinal--20250626-4851,details
8816,RM6116-Call-Off-Schedule-5-Pricing-Details-vFinal--20250626-4864,details
8817,RM6116-Call-Off-Schedule-6-ICT-Services-v11--20250626-4878,details
8818,RM6116-Call-Off-Schedule-6-ICT-Services-v11--20250626-4883,details
8819,RM6116-Call-Off-Schedule-6-ICT-Services-v11--20250626-4886,details
8820,RM6116-Call-Off-Schedule-8-Business-Continuity-and-Disaster-Recovery-v11--20250626-4920,details
8821,RM6116-Call-Off-Schedule-2-Staff-Transfer-vFinal--20250626-4558,details
8822,RM6116-Call-Off-Schedule-2-Staff-Transfer-vFinal--20250626-4561,details
8823,RM6116-Call-Off-Schedule-2-Staff-Transfer-vFinal--20250626-4572,details
8824,RM6116-Call-Off-Schedule-2-Staff-Transfer-vFinal--20250626-4573,details
8825,RM6116-Call-Off-Schedule-2-Staff-Transfer-vFinal--20250626-4607,details
8826,RM6116-Call-Off-Schedule-2-Staff-Transfer-vFinal--20250626-4751,details
8827,RM6116-Call-Off-Schedule-2-Staff-Transfer-vFinal--20250626-4758,details
8828,RM6116-Call-Off-Schedule-2-Staff-Transfer-vFinal--20250626-4763,details
8829,RM6116-Call-Off-Schedule-2-Staff-Transfer-vFinal--20250626-4769,details
8830,RM6116-Call-Off-Schedule-2-Staff-Transfer-vFinal--20250626-4777,details
8831,RM6116-Call-Off-Schedule-9-Security-vFinal--20250626-5055,details
8832,RM6116-Call-Off-Schedule-9-Security-vFinal--20250626-5072,details
8833,RM6116-Framework-Schedule-1-Specification-vFinal--20250626-5082,details
8834,RM6116-Framework-Schedule-1-Specification-vFinal--20250626-5088,details
8835,RM6116-Framework-Schedule-1-Specification-vFinal--20250626-5096,details
8836,RM6116-Framework-Schedule-1-Specification-vFinal--20250626-5098,details
8837,RM6116-Framework-Schedule-1-Specification-vFinal--20250626-5105,details
8838,RM6116-Framework-Schedule-1-Specification-vFinal--20250626-5127,details
8839,RM6116-Framework-Schedule-1-Specification-vFinal--20250626-5128,details
8840,RM6116-Framework-Schedule-1-Specification-vFinal--20250626-5131,details
8841,RM6116-Framework-Schedule-1-Specification-vFinal--20250626-5132,details
8842,RM6116-Framework-Schedule-1-Specification-vFinal--20250626-5135,details
8843,RM6116-Framework-Schedule-1-Specification-vFinal--20250626-5136,details
8844,RM6116-Framework-Schedule-1-Specification-vFinal--20250626-5140,details
8845,RM6116-Framework-Schedule-1-Specification-vFinal--20250626-5151,details
8846,RM6116-Framework-Schedule-1-Specification-vFinal--20250626-5153,details
8847,RM6116-Framework-Schedule-3-Framework-Prices-vFinal-11--20250626-5162,details
8848,RM6116-Framework-Schedule-3-Framework-Prices-vFinal-11--20250626-5180,details
8849,RM6116-Framework-Schedule-4-Framework-Management-vFinal--20250626-5195,details
8850,RM6116-Framework-Schedule-4-Framework-Management-vFinal--20250626-5204,details
8851,RM6116-Framework-Schedule-5-Management-Charges-and-Information-vFinal--20250626-5224,details
8852,RM6116-Framework-Schedule-5-Management-Charges-and-Information-vFinal--20250626-5226,details
8853,RM6116-Framework-Schedule-6-Order-Form-Template-and-Call-Off-Schedules-vFinal11--20250626-5239,details
8854,RM6116-Framework-Schedule-6-Order-Form-Template-and-Call-Off-Schedules-vFinal11--20250626-5246,details
8855,RM6116-Call-Off-Schedule-8-Business-Continuity-and-Disaster-Recovery-v11--20250626-4959,details
8856,RM6116-Call-Off-Schedule-9-Security-vFinal--20250626-4986,details
8857,RM6116-Call-Off-Schedule-9-Security-vFinal--20250626-4988,details
8858,RM6116-Call-Off-Schedule-9-Security-vFinal--20250626-4993,details
8859,RM6116-Call-Off-Schedule-9-Security-vFinal--20250626-5002,details
8860,RM6116-Call-Off-Schedule-9-Security-vFinal--20250626-5012,details
8861,RM6116-Call-Off-Schedule-9-Security-vFinal--20250626-5027,details
8862,RM6116-Call-Off-Schedule-9-Security-vFinal--20250626-5028,details
8863,RM6116-Call-Off-Schedule-9-Security-vFinal--20250626-5031,details
8864,RM6116-Call-Off-Schedule-9-Security-vFinal--20250626-5041,details
8865,RM6116-Framework-Schedule-7-Call-Off-Award-Procedure-v10-2--20250626-5258,details
8866,RM6116-Framework-Schedule-7-Call-Off-Award-Procedure-v10-2--20250626-5274,details
8867,RM6116-Framework-Schedule-9-Cyber-Essentials-Scheme-vFinal--20250626-5303,details
8868,RM6116-Joint-Schedule-1-Definitions-vFinal--20250626-5305,details
8869,RM6116-Joint-Schedule-1-Definitions-vFinal--20250626-5310,details
8870,RM6116-Joint-Schedule-1-Definitions-vFinal--20250626-5320,details
8871,RM6116-Joint-Schedule-1-Definitions-vFinal--20250626-5334,details
8872,RM6116-Joint-Schedule-11-Processing-Data-vFinal-1--20250626-5469,details
8873,RM6116-Joint-Schedule-11-Processing-Data-vFinal-1--20250626-5470,details
8874,RM6116-Joint-Schedule-11-Processing-Data-vFinal-1--20250626-5484,details
8875,RM6116-Joint-Schedule-11-Processing-Data-vFinal-1--20250626-5486,details
8876,RM6116-Joint-Schedule-11-Processing-Data-vFinal-1--20250626-5503,details
8877,RM6116-Joint-Schedule-11-Processing-Data-vFinal-1--20250626-5504,details
8878,RM6116-Joint-Schedule-2-Variation-Form-vFinal--20250626-5524,details
8879,RM6116-Joint-Schedule-3-Insurance-Requirements-vFinal--20250626-5541,details
8880,RM6116-Joint-Schedule-5-Corporate-Social-Responsibility-vFinal--20250626-5545,details
8881,RM6116-Joint-Schedule-5-Corporate-Social-Responsibility-vFinal--20250626-5553,details
8882,RM6116-Joint-Schedule-1-Definitions-vFinal--20250626-5358,details
8883,RM6116-Joint-Schedule-1-Definitions-vFinal--20250626-5387,details
8884,RM6116-Joint-Schedule-1-Definitions-vFinal--20250626-5389,details
8885,RM6116-Joint-Schedule-1-Definitions-vFinal--20250626-5410,details
8886,RM6116-Joint-Schedule-1-Definitions-vFinal--20250626-5431,details
8887,RM6116-Joint-Schedule-10-Rectification-Plan-vFinal--20250626-5432,details
8888,RM6116-Joint-Schedule-11-Processing-Data-vFinal-1--20250626-5448,details
8889,RM6116-Joint-Schedule-5-Corporate-Social-Responsibility-vFinal--20250626-5557,details
8890,RM6116-Joint-Schedule-5-Corporate-Social-Responsibility-vFinal--20250626-5565,details
8891,RM6116-Joint-Schedule-5-Corporate-Social-Responsibility-vFinal--20250626-5566,details
8892,RM6116-Joint-Schedule-7-Financial-Difficulties-v11docx--20250626-5583,details
8893,RM6116-Joint-Schedule-7-Financial-Difficulties-v11docx--20250626-5612,details
8894,RM6116-Joint-Schedule-7-Financial-Difficulties-v11docx--20250626-5614,details
8895,RM6116-Joint-Schedule-7-Financial-Difficulties-v11docx--20250626-5634,details
8896,RM6116-Joint-Schedule-7-Financial-Difficulties-v11docx--20250626-5666,details
8897,RM6116-Joint-Schedule-7-Financial-Difficulties-v11docx--20250626-5669,details
8898,RM6116-Joint-Schedule-7-Financial-Difficulties-v11docx--20250626-5681,details
8899,RM6116-Joint-Schedule-8-Guarantee-for-PSC-vFinal--20250626-5683,details
8900,RM6116-Network-Services-3-Statement-of-Requirements-Template-accessible-v1-1--20250626-5717,details
8901,RM6116-NS3-Core-terms-v3011--20250626-5743,details
8902,RM6116-NS3-Core-terms-v3011--20250626-5763,details
8903,RM6116-NS3-Core-terms-v3011--20250626-5779,details
8904,RM6116-NS3-Core-terms-v3011--20250626-5785,details
8905,RM6116-NS3-Core-terms-v3011--20250626-5791,details
8906,RM6116-NS3-Core-terms-v3011--20250626-5793,details
8907,RM6116-NS3-Core-terms-v3011--20250626-5806,details
8908,RM6116-NS3-Core-terms-v3011--20250626-5814,details
8909,RM6116-NS3-Service-Offer-Guide-V3--20250626-5829,details
8910,RM6116-NS3-Service-Offer-Guide-V3--20250626-5830,details
8911,RM6116-Request-For-Information-template-v1-2--20250626-5836,details
8912,RM6116-Request-For-Information-template-v1-2--20250626-5840,details
8913,RM6116-Request-For-Information-template-v1-2--20250626-5842,details
8914,RM6116-Request-For-Information-template-v1-2--20250626-5844,details
8915,RM6116_benefits--20250626-5855,details
8916,RM6187-Call-Off-Schedule-16_-Benchmarking--20250626-6062,details
8917,RM6187-Call-Off-Schedule-16_-Benchmarking--20250626-6063,details
8918,RM6187-Call-Off-Schedule-16_-Benchmarking--20250626-6067,details
8919,RM6187-Call-Off-Schedule-17_-MOD-Terms---20250626-6072,details
8920,RM6187-Call-Off-Schedule-17_-MOD-Terms---20250626-6076,details
8921,RM6187-Call-Off-Schedule-17_-MOD-Terms---20250626-6079,details
8922,RM6187-Call-Off-Schedule-17_-MOD-Terms---20250626-6080,details
8923,RM6187-Call-Off-Schedule-17_-MOD-Terms---20250626-6082,details
8924,RM6187-Call-Off-Schedule-17_-MOD-Terms---20250626-6083,details
8925,RM6187-Call-Off-Schedule-23_-HMRC-Schedule---20250626-6112,details
8926,RM6187-Call-Off-Schedule-23_-HMRC-Schedule---20250626-6114,details
8927,RM6187-Call-Off-Schedule-23_-HMRC-Schedule---20250626-6140,details
8928,RM6187-Call-Off-Schedule-3_-Continuous-Improvement---20250626-6156,details
8929,RM6116_Key-changes-from-NS2-to-NS3_V10docx--20250626-5868,details
8930,RM6116_Key-changes-from-NS2-to-NS3_V10docx--20250626-5876,details
8931,RM6116_Key-changes-from-NS2-to-NS3_V10docx--20250626-5889,details
8932,RM6116_Key-changes-from-NS2-to-NS3_V10docx--20250626-5891,details
8933,RM6187-Call-Off-Schedule-10_-Exit-Management---20250626-5907,details
8934,RM6187-Call-Off-Schedule-10_-Exit-Management---20250626-5913,details
8935,RM6187-Call-Off-Schedule-10_-Exit-Management---20250626-5919,details
8936,RM6187-Call-Off-Schedule-10_-Exit-Management---20250626-5942,details
8937,RM6187-Call-Off-Schedule-12_-Clustering---20250626-5946,details
8938,RM6187-Call-Off-Schedule-12_-Clustering---20250626-5952,details
8939,RM6187-Call-Off-Schedule-13_-Implementation-Plan-and-Testing---20250626-5955,details
8940,RM6187-Call-Off-Schedule-13_-Implementation-Plan-and-Testing---20250626-5972,details
8941,RM6187-Call-Off-Schedule-13_-Implementation-Plan-and-Testing---20250626-5973,details
8942,RM6187-Call-Off-Schedule-13_-Implementation-Plan-and-Testing---20250626-5983,details
8943,RM6187-Call-Off-Schedule-13_-Implementation-Plan-and-Testing---20250626-5987,details
8944,RM6187-Call-Off-Schedule-14_-Service-Levels---20250626-6038,details
8945,RM6187-Call-Off-Schedule-15_-Call-Off-Contract-Management---20250626-6045,details
8946,RM6187-Call-Off-Schedule-16_-Benchmarking--20250626-6049,details
8947,RM6187-Framework-Schedule-1_-Specification--20250626-6472,details
8948,RM6187-Framework-Schedule-1_-Specification--20250626-6478,details
8949,RM6187-Framework-Schedule-3_-Framework-Prices---20250626-6493,details
8950,RM6187-Framework-Schedule-4_-Framework-Management---20250626-6521,details
8951,RM6187-Framework-Schedule-4_-Framework-Management---20250626-6522,details
8952,RM6187-Framework-Schedule-4_-Framework-Management---20250626-6523,details
8953,RM6187-Framework-Schedule-4_-Framework-Management---20250626-6527,details
8954,RM6187-Framework-Schedule-4_-Framework-Management---20250626-6529,details
8955,RM6187-Framework-Schedule-5_-Management-Charges-and-Information---20250626-6536,details
8956,RM6187-Framework-Schedule-5_-Management-Charges-and-Information---20250626-6541,details
8957,RM6187-Framework-Schedule-5_-Management-Charges-and-Information---20250626-6542,details
8958,RM6187-Framework-Schedule-5_-Management-Charges-and-Information---20250626-6546,details
8959,RM6187-Framework-Schedule-6_-Order-Form-and-Call-Off-Schedules-4--20250626-6552,details
8960,RM6187-Call-Off-Schedule-3_-Continuous-Improvement---20250626-6165,details
8961,RM6187-Call-Off-Schedule-6_-ICT-Services---20250626-6199,details
8962,RM6187-Call-Off-Schedule-6_-ICT-Services---20250626-6201,details
8963,RM6187-Call-Off-Schedule-6_-ICT-Services---20250626-6217,details
8964,RM6187-Call-Off-Schedule-7_-Key-Supplier-Staff---20250626-6219,details
8965,RM6187-Call-Off-Schedule-8_-Business-Continuity-and-Disaster-Recovery---20250626-6226,details
8966,RM6187-Call-Off-Schedule-8_-Business-Continuity-and-Disaster-Recovery---20250626-6245,details
8967,RM6187-Call-Off-Schedule-9_-Security---20250626-6252,details
8968,RM6187-Core-Terms---20250626-6368,details
8969,RM6187-Core-Terms---20250626-6391,details
8970,RM6187-Core-Terms---20250626-6394,details
8971,RM6187-Core-Terms---20250626-6401,details
8972,RM6187-Core-Terms---20250626-6427,details
8973,RM6187-Core-Terms---20250626-6429,details
8974,RM6187-Core-Terms---20250626-6435,details
8975,RM6187-Call-Off-Schedule-9_-Security---20250626-6337,details
8976,RM6187-Call-Off-Schedule-9_-Security---20250626-6340,details
8977,RM6187-Core-Terms---20250626-6354,details
8978,RM6187-Joint-Schedule-1_-Definitions---20250626-6871,details
8979,RM6187-Joint-Schedule-3_-Insurance-Requirements--20250626-6895,details
8980,RM6187-Joint-Schedule-3_-Insurance-Requirements--20250626-6897,details
8981,RM6187-Joint-Schedule-3_-Insurance-Requirements--20250626-6903,details
8982,RM6187-Joint-Schedule-5_-Corporate-Social-Responsibility---20250626-6914,details
8983,RM6187-Joint-Schedule-6_-Key-Subcontractors--20250626-6917,details
8984,RM6187-Joint-Schedule-6_-Key-Subcontractors--20250626-6919,details
8985,RM6187-Joint-Schedule-6_-Key-Subcontractors--20250626-6923,details
8986,RM6187-Joint-Schedule-6_-Key-Subcontractors--20250626-6926,details
8987,RM6187-Joint-Schedule-7_-Financial-Difficulties-1--20250626-6934,details
8988,RM6187-Joint-Schedule-8_-Guarantee---20250626-6958,details
8989,RM6187-Framework-Schedule-6_-Order-Form-and-Call-Off-Schedules-4--20250626-6568,details
8990,RM6187-Framework-Schedule-7_-Call-Off-Award-Procedure---20250626-6599,details
8991,RM6187-Framework-Schedule-9_-Cyber-Essentials-Scheme---20250626-6617,details
8992,RM6187-How-to-use-Contractual-Documents--1--20250626-6624,details
8993,RM6187-How-to-use-Contractual-Documents--1--20250626-6633,details
8994,RM6187-How-to-use-Contractual-Documents--1--20250626-6645,details
8995,RM6187-Joint-Schedule-10_-Rectification-Plan---20250626-6660,details
8996,RM6187-Joint-Schedule-1_-Definitions---20250626-6772,details
8997,RM6187-Joint-Schedule-1_-Definitions---20250626-6775,details
8998,RM6187-Joint-Schedule-1_-Definitions---20250626-6809,details
8999,RM6187-Joint-Schedule-1_-Definitions---20250626-6810,details
9000,RM6187-Joint-Schedule-1_-Definitions---20250626-6827,details
9001,RM6187-Joint-Schedule-1_-Definitions---20250626-6839,details
9002,RM6187-Joint-Schedule-1_-Definitions---20250626-6841,details
9003,RM6187-Joint-Schedule-11_-Processing-Data---20250626-6698,details
9004,RM6187-Joint-Schedule-11_-Processing-Data---20250626-6704,details
9005,RM6187-Joint-Schedule-11_-Processing-Data---20250626-6724,details
9006,RM6187-Joint-Schedule-11_-Processing-Data---20250626-6735,details
9007,RM6187-Joint-Schedule-1_-Definitions---20250626-6765,details
9008,RM6187-T3-Non-Disclosure-Agreement-NDA--20250626-7073,details
9009,RM6187-T3-Non-Disclosure-Agreement-NDA--20250626-7084,details
9010,RM6187-T3-Non-Disclosure-Agreement-NDA--20250626-7093,details
9011,RM6187-T3-Non-Disclosure-Agreement-NDA--20250626-7103,details
9012,RM6187-T3-Non-Disclosure-Agreement-NDA--20250626-7116,details
9013,RM6187-T3-Non-Disclosure-Agreement-NDA--20250626-7137,details
9014,RM6187-T3-Non-Disclosure-Agreement-NDA--20250626-7145,details
9015,RM6187-T3-Non-Disclosure-Agreement-NDA--20250626-7148,details
9016,RM6187-T3-Non-Disclosure-Agreement-NDA--20250626-7149,details
9017,RM6187-T4-Request-for-Information---20250626-7160,details
9018,DPS-Core-Terms-v103-1--20250626-7278,details
9019,DPS-Core-Terms-v103-1--20250626-7289,details
9020,DPS-Core-Terms-v103-1--20250626-7300,details
9021,DPS-Core-Terms-v103-1--20250626-7346,details
9022,DPS-Core-Terms-v103-1--20250626-7347,details
9023,DPS-Core-Terms-v103-1--20250626-7352,details
9024,RM6264-Attachment-1-About-the-Procurement-v2--20250626-7356,details
9025,RM6264-Attachment-1-About-the-Procurement-v2--20250626-7357,details
9026,RM6264-Attachment-1-About-the-Procurement-v2--20250626-7360,details
9027,RM6187-T5-Attachment-1-About-the-Procurement--20250626-7181,details
9028,RM6187-T6-Attachment-2-How-to-Bid-including-Evaluation-Criteria---20250626-7212,details
9029,RM6187-T6-Attachment-2-How-to-Bid-including-Evaluation-Criteria---20250626-7215,details
9030,RM6187-T6-Attachment-2-How-to-Bid-including-Evaluation-Criteria---20250626-7237,details
9031,RM6187-T6-Attachment-2-How-to-Bid-including-Evaluation-Criteria---20250626-7238,details
9032,RM6187-T6-Attachment-2-How-to-Bid-including-Evaluation-Criteria---20250626-7239,details
9033,DPS-Core-Terms-v103-1--20250626-7259,details
9034,DPS-Core-Terms-v103-1--20250626-7267,details
9035,RM6187-Joint-Schedule-8_-Guarantee---20250626-6971,details
9036,RM6187-Joint-Schedule-8_-Guarantee---20250626-6996,details
9037,RM6187-Joint-Schedule-8_-Guarantee---20250626-7005,details
9038,RM6187-T11a-Award-Letter-1--20250626-7038,details
9039,RM6187-T11a-Award-Letter-1--20250626-7046,details
9040,RM6187-T2-Attachment-3-Statement-of-Requirements-docx--20250626-7056,details
9041,RM6264-Attachment-1-About-the-Procurement-v2--20250626-7376,details
9042,RM6264-Attachment-1-About-the-Procurement-v2--20250626-7379,details
9043,RM6264-Attachment-2-How-to-Bid-v1--20250626-7389,details
9044,RM6264-Attachment-2-How-to-Bid-v1--20250626-7408,details
9045,RM6264-Attachment-2-How-to-Bid-v1--20250626-7415,details
9046,RM6264-Customer-user-agreement-v1--20250626-7450,details
9047,RM6264-Customer-user-agreement-v1--20250626-7453,details
9048,RM6264-Customer-user-agreement-v1--20250626-7456,details
9049,RM6264-DPS-Appointment-Form-v10--20250626-7463,details
9050,RM6264-DPS-Joint-Schedule-12-Supply-Chain-Visibility-v10--20250626-7587,details
9051,RM6264-DPS-Joint-Schedule-12-Supply-Chain-Visibility-v10--20250626-7592,details
9052,RM6264-DPS-Joint-Schedule-2-Variation-Form-v10--20250626-7595,details
9053,RM6264-DPS-Joint-Schedule-2-Variation-Form-v10--20250626-7596,details
9054,RM6264-DPS-Joint-Schedule-3-Insurance-Requirements-v10--20250626-7604,details
9055,RM6264-DPS-Joint-Schedule-5-Corporate-Social-Responsibility-v10--20250626-7619,details
9056,RM6264-DPS-Joint-Schedule-7-Financial-Difficulties-v10--20250626-7671,details
9057,RM6264-DPS-Order-Schedule-1-Transparency-Reports-v10--20250626-7719,details
9058,RM6264-DPS-Order-Schedule-10-Exit-Management-v10--20250626-7734,details
9059,RM6264-DPS-Order-Schedule-10-Exit-Management-v10--20250626-7745,details
9060,RM6264-DPS-Order-Schedule-10-Exit-Management-v10--20250626-7754,details
9061,RM6264-DPS-Order-Schedule-11-Installation-Works-v10--20250626-7756,details
9062,RM6264-DPS-Order-Schedule-12-Clustering-v10--20250626-7765,details
9063,RM6264-DPS-Order-Schedule-13-Implementation-Plan-and-Testing-v10--20250626-7772,details
9064,RM6264-DPS-Buyer-Guide-v30--20250626-7482,details
9065,RM6264-DPS-Buyer-Guide-v30--20250626-7488,details
9066,RM6264-DPS-Joint-Schedule-1-Definitions-v10--20250626-7515,details
9067,RM6264-DPS-Joint-Schedule-10-Rectification-Plan-v10--20250626-7518,details
9068,RM6264-DPS-Joint-Schedule-11-Processing-Data-v10--20250626-7540,details
9069,RM6264-DPS-Order-Schedule-13-Implementation-Plan-and-Testing-v10--20250626-7780,details
9070,RM6264-DPS-Order-Schedule-13-Implementation-Plan-and-Testing-v10--20250626-7804,details
9071,RM6264-DPS-Order-Schedule-13-Implementation-Plan-and-Testing-v10--20250626-7812,details
9072,RM6264-DPS-Order-Schedule-13-Implementation-Plan-and-Testing-v10--20250626-7815,details
9073,RM6264-DPS-Order-Schedule-13-Implementation-Plan-and-Testing-v10--20250626-7819,details
9074,RM6264-DPS-Order-Schedule-13-Implementation-Plan-and-Testing-v10--20250626-7821,details
9075,RM6264-DPS-Order-Schedule-14-Service-Levels-v10--20250626-7822,details
9076,RM6264-DPS-Order-Schedule-14-Service-Levels-v10--20250626-7825,details
9077,RM6264-DPS-Order-Schedule-14-Service-Levels-v10--20250626-7838,details
9078,RM6264-DPS-Order-Schedule-15-Order-Contract-Management-v10--20250626-7850,details
9079,RM6264-DPS-Order-Schedule-16-Benchmarking-v10--20250626-7866,details
9080,RM6264-DPS-Order-Schedule-17-MOD-Terms-V10--20250626-7875,details
9081,RM6264-DPS-Order-Schedule-2-Staff-Transfer-v10--20250626-7983,details
9082,RM6264-DPS-Order-Schedule-2-Staff-Transfer-v10--20250626-7987,details
9083,RM6264-DPS-Order-Schedule-2-Staff-Transfer-v10--20250626-8003,details
9084,RM6264-DPS-Order-Schedule-2-Staff-Transfer-v10--20250626-8008,details
9085,RM6264-DPS-Order-Schedule-2-Staff-Transfer-v10--20250626-8024,details
9086,RM6264-DPS-Order-Schedule-2-Staff-Transfer-v10--20250626-8040,details
9087,RM6264-DPS-Order-Schedule-2-Staff-Transfer-v10--20250626-8067,details
9088,RM6264-DPS-Order-Schedule-2-Staff-Transfer-v10--20250626-8078,details
9089,RM6264-DPS-Order-Schedule-2-Staff-Transfer-v10--20250626-8093,details
9090,RM6264-DPS-Order-Schedule-2-Staff-Transfer-v10--20250626-8094,details
9091,RM6264-DPS-Order-Schedule-2-Staff-Transfer-v10--20250626-8100,details
9092,RM6264-DPS-Order-Schedule-2-Staff-Transfer-v10--20250626-8105,details
9093,RM6264-DPS-Order-Schedule-22-Lease-Terms-v10--20250626-8116,details
9094,RM6264-DPS-Order-Schedule-25-Billable-Works-and-Projects-v10--20250626-8151,details
9095,RM6264-DPS-Order-Schedule-25-Billable-Works-and-Projects-v10--20250626-8153,details
9096,RM6264-DPS-Order-Schedule-25-Billable-Works-and-Projects-v10--20250626-8166,details
9097,RM6264-DPS-Order-Schedule-2-Staff-Transfer-v10--20250626-7894,details
9098,RM6264-DPS-Order-Schedule-2-Staff-Transfer-v10--20250626-7937,details
9099,RM6264-DPS-Order-Schedule-2-Staff-Transfer-v10--20250626-7943,details
9100,RM6264-DPS-Order-Schedule-2-Staff-Transfer-v10--20250626-7949,details
9101,RM6264-DPS-Order-Schedule-2-Staff-Transfer-v10--20250626-7960,details
9102,RM6264-DPS-Order-Schedule-2-Staff-Transfer-v10--20250626-7969,details
9103,RM6264-DPS-Order-Schedule-2-Staff-Transfer-v10--20250626-7971,details
9104,RM6264-DPS-Order-Schedule-2-Staff-Transfer-v10--20250626-7972,details
9105,RM6264-DPS-Order-Schedule-27-Construction-Contracts-v10--20250626-8191,details
9106,RM6264-DPS-Order-Schedule-5-Pricing-Details-v10--20250626-8203,details
9107,RM6264-DPS-Order-Schedule-5-Pricing-Details-v10--20250626-8218,details
9108,RM6264-DPS-Order-Schedule-5-Pricing-Details-v10--20250626-8220,details
9109,RM6264-DPS-Order-Schedule-5-Pricing-Details-v10--20250626-8226,details
9110,RM6264-DPS-Order-Schedule-5-Pricing-Details-v10--20250626-8228,details
9111,RM6264-DPS-Order-Schedule-5-Pricing-Details-v10--20250626-8231,details
9112,RM6264-DPS-Order-Schedule-6-ICT-Services-v10--20250626-8236,details
9113,RM6264-DPS-Order-Schedule-6-ICT-Services-v10--20250626-8248,details
9114,RM6264-DPS-Order-Schedule-6-ICT-Services-v10--20250626-8256,details
9115,RM6264-DPS-Order-Schedule-6-ICT-Services-v10--20250626-8266,details
9116,RM6264-DPS-Order-Schedule-7-Key-Supplier-Staff-v10--20250626-8269,details
9117,RM6264-DPS-Order-Schedule-8-Business-Continuity-and-Disaster-Recovery-v10--20250626-8274,details
9118,RM6264-DPS-Order-Schedule-8-Business-Continuity-and-Disaster-Recovery-v10--20250626-8291,details
9119,RM6264-DPS-Order-Schedule-8-Business-Continuity-and-Disaster-Recovery-v10--20250626-8297,details
9120,RM6264-DPS-Order-Schedule-8-Business-Continuity-and-Disaster-Recovery-v10--20250626-8322,details
9121,RM6264-DPS-Order-Schedule-9-Security-v10--20250626-8339,details
9122,RM6264-DPS-Order-Schedule-9-Security-v10--20250626-8355,details
9123,RM6264-DPS-Order-Schedule-9-Security-v10--20250626-8360,details
9124,RM6264-DPS-Order-Schedule-9-Security-v10--20250626-8380,details
9125,RM6264-DPS-Order-Schedule-9-Security-v10--20250626-8382,details
9126,RM6264-DPS-Schedule-1-Specification-v10--20250626-8507,details
9127,RM6264-DPS-Schedule-1-Specification-v10--20250626-8522,details
9128,RM6264-DPS-Schedule-1-Specification-v10--20250626-8524,details
9129,RM6264-DPS-Schedule-1-Specification-v10--20250626-8537,details
9130,RM6264-DPS-Schedule-1-Specification-v10--20250626-8570,details
9131,RM6264-DPS-Schedule-1-Specification-v10--20250626-8574,details
9132,RM6264-DPS-Order-Schedule-9-Security-v10--20250626-8412,details
9133,RM6264-DPS-Schedule-1-Specification-v10--20250626-8430,details
9134,RM6264-DPS-Schedule-1-Specification-v10--20250626-8448,details
9135,RM6264-DPS-Schedule-1-Specification-v10--20250626-8457,details
9136,RM6264-DPS-Schedule-1-Specification-v10--20250626-8460,details
9137,RM6264-DPS-Schedule-1-Specification-v10--20250626-8686,details
9138,RM6264-DPS-Schedule-1-Specification-v10--20250626-8691,details
9139,RM6264-DPS-Schedule-1-Specification-v10--20250626-8705,details
9140,RM6264-DPS-Schedule-1-Specification-v10--20250626-8712,details
9141,RM6264-DPS-Schedule-1-Specification-v10--20250626-8713,details
9142,RM6264-DPS-Schedule-4-DPS-Management-v10-1--20250626-8731,details
9143,RM6264-DPS-Schedule-5-Management-Levy-and-Information-v10-1--20250626-8746,details
9144,RM6264-DPS-Schedule-6-Order-form-template-and-order-schedules-v10--20250626-8775,details
9145,RM6264-DPS-Schedule-1-Specification-v10--20250626-8587,details
9146,RM6264-DPS-Schedule-1-Specification-v10--20250626-8593,details
9147,RM6264-DPS-Schedule-1-Specification-v10--20250626-8594,details
9148,RM6264-DPS-Schedule-1-Specification-v10--20250626-8635,details
9149,RM6264-DPS-Schedule-1-Specification-v10--20250626-8657,details
9150,RM6264-DPS-Schedule-1-Specification-v10--20250626-8659,details
9151,RM6264-DPS-Schedule-1-Specification-v10--20250626-8673,details
9152,RM6264-DPS-Schedule-1-Specification-v10--20250626-8682,details
9153,RM6264-DPS-Schedule-8-Self-Audit-Certificate-v10--20250626-8810,details
9154,RM6264-Expression-of-Interest-template-v1--20250626-8817,details
9155,Become_a_supplier_on_a_Crown_Commercial_Service_framework_agreement--20250626-8843,startup
9156,Become_a_supplier_on_a_Crown_Commercial_Service_framework_agreement--20250626-8848,startup
9157,Buying_through_commercial_agreements--20250626-8859,startup
9158,Helping_your_carbon_net_zero_CNZ_journey--20250626-8869,startup
9159,Helping_your_carbon_net_zero_CNZ_journey--20250626-8870,startup
9160,Helping_your_carbon_net_zero_CNZ_journey--20250626-8880,startup
9161,Help_end_modern_slavery_with_your_buying_decisions--20250626-8888,startup
9162,How_to_buy_through_Crown_Commercial_Service--20250626-8906,startup
9163,How_to_supply_through_Crown_Commercial_Service--20250626-8915,startup
9164,How_to_write_a_winning_bid_a_supplier_guide_to_successful_tender_responses--20250626-8926,startup
9165,What_is_social_value--20250626-8949,startup
9166,Courier_and_Specialist_Movements--20250626-8982,recommendation
9167,Audit__Assurance_Services_AAS--20250626-8993,recommendation
9168,Supply_of_Energy_2--20250626-9015,recommendation
9169,Digital_Specialists_and_Programmes--20250626-9020,recommendation
9170,Managed_Staff_Banks--20250626-9029,recommendation
9171,Vehicle_Telematics_Solutions--20250626-9050,recommendation
9172,Fund_Administration__Disbursement_Services_DPS_FAADS--20250626-9051,recommendation
9173,Spark_DPS--20250626-9071,recommendation
9174,Leasing_and_Loan_Finance_DPS--20250626-9078,recommendation
9175,Courier_and_Specialist_Movements--20250626-9092,recommendation
9176,Offsite_Construction_Solutions--20250626-9099,recommendation
9177,Software_Design_and_Implementation_Services--20250626-9103,recommendation
9178,Big_Data_and_Analytics--20250626-9104,recommendation
9179,Payment_Solutions_2--20250626-9122,recommendation
9180,Digital_and_IT_Professional_Services_DIPS--20250626-9123,recommendation
9181,Payment_Acceptance_2--20250626-9162,recommendation
9182,Digital_Outcomes_6--20250626-9174,details
9183,Technology_Products__Associated_Services_2--20250626-9073,recommendation
